sample_id,mean_current,std_current,min_current,max_current,area_under_curve,PSA_peak_height,PSA_peak_position,PSA_peak_width,PSA_actual_peak_current,PSA_actual_peak_potential,PSA_peak_symmetry,AFP_peak_height,AFP_peak_position,AFP_peak_width,AFP_actual_peak_current,AFP_actual_peak_potential,AFP_peak_symmetry,CA125_peak_height,CA125_peak_position,CA125_peak_width,CA125_actual_peak_current,CA125_actual_peak_potential,CA125_peak_symmetry,current_at_-0.46V,current_at_0.372V,current_at_0.98V,current_at_-0.2V,current_at_0V,current_at_0.2V,current_at_0.5V,current_at_0.8V,mean_slope,max_slope,min_slope,total_peak_area,peak_height_ratio_PSA_AFP,peak_height_ratio_PSA_CA125,peak_height_ratio_AFP_CA125,PSA_concentration_pg_per_ml,AFP_concentration_pg_per_ml,CA125_concentration_U_per_ml,current_0,current_1,current_2,current_3,current_4,current_5,current_6,current_7,current_8,current_9,current_10,current_11,current_12,current_13,current_14,current_15,current_16,current_17,current_18,current_19,Prediction,Confidence,Risk_Score,Consensus_Count,timestamp,model_run
Sample_0362,-0.9615846839126923,1.440223096710357,-6.009600714814384,-0.006568535705753864,1.932119245674477,-6.166978510823675,-0.46,0.06,-6.009600714814384,-0.4582914572864322,1.078828475951523,-2.374712265929465,0.372,0.05,-2.176753979124492,0.3658291457286431,1.206064503491945,-3.994542834561331,0.98,0.07,-3.870886876290712,0.9688442211055277,1.091053393197384,-6.009600714814384,-2.172347762437835,-3.870593695379916,-0.1586798960696592,-0.1967952050906323,-0.1978919644940301,-0.05162482901158081,-0.02841636286412219,0.0119095180034957,62.60431715748717,-64.05059126104683,12.53623361131447,2.596937152893305,1.543850890135946,0.5944891228560951,158.264748161403,0.06481410169000762,3.583704601156186,-0.08298135593145409,-0.1337814771576108,-0.09961800766401967,-0.102354879449433,-0.07967209739165731,-0.1235524068184222,-0.1166797475849051,-0.1085306793558477,-0.1022616788278512,-0.115907978847951,-0.1282121263098373,-0.1126694595379472,-0.1431414485359546,-0.1083052489265663,-0.08263491519537206,-0.1051514693382435,-0.0180658523592946,-0.02660745412165114,-0.04577794205278795,-0.1437004195876769,NEGATIVE,0.99,0.01,4.0,2026-03-18 06:05:48,Random Forest
Sample_0074,-1.15156586792421,1.83382011662609,-7.987180149256619,-0.0003311658480724556,2.311392866242539,-8.004411008076874,-0.46,0.06,-7.987180149256619,-0.4582914572864322,1.068090647109069,-1.836461787204623,0.372,0.05,-1.543197326210644,0.3758793969849246,0.9933695493461873,-4.970966213886118,0.98,0.07,-4.512140281247019,0.9788944723618089,0.9933435257326395,-7.987180149256619,-1.543197326210644,-4.512140281247019,-0.1254870021443383,-0.1867921838721553,-0.1978719686738495,-0.2647374524844202,-0.2480230150312633,-0.1683859958765547,82.50953358187175,-81.06136354488818,14.81183900916762,4.358604716878328,1.610232430411012,0.3694375918457399,3773.721716962681,0.0137141899179957,75.71716069513755,-0.1611973978328833,-0.1619487664815229,-0.1274644400088328,-0.1420675792545693,-0.1002239086960554,-0.1083684213462384,-0.0666226836966361,-0.1013451742718038,-0.118290229008589,-0.1366530573706071,-0.0891523949331628,-0.1323794543543932,-0.1099040602249038,-0.0758871725184922,-0.1144790233772791,-0.1323426258910934,-0.1521809729894364,-0.2071705067160595,-0.277612154905451,-0.4399989901001654,NEGATIVE,1.0,0.0,4.0,2026-03-18 06:05:48,Random Forest
Sample_0375,-0.5058508532690569,0.859124940870671,-3.934556875863473,-6.589717231682019e-05,1.013082183536578,-0.06153189997444608,-0.46,0.06,-0.1575770439234788,-0.5185929648241207,0.6592327686204437,-1.71861247304513,0.372,0.05,-1.488829604146626,0.3758793969849246,0.9807810170232841,-4.477384064786138,0.98,0.07,-3.934556875863473,0.9788944723618089,0.9912116140591413,-0.08843213551994666,-1.488829604146626,-3.934556875863473,-0.04021253206227211,-0.1005300505838946,-0.1602817760650442,-0.2495037895265163,-0.3110365046748791,-0.2235474989328986,41.09658046115421,-42.41656979675398,6.257528437805714,0.03580324298788578,0.01374282373012938,0.3838429869266127,0.004193606059825905,0.0097608876638906,16.19855754279148,-0.1449458929889725,-0.146510748165952,-0.1501208557948262,-0.1042557160846662,-0.1325018674944207,-0.1460290480939208,-0.1707299865443002,-0.1644133054754837,-0.1609403646439087,-0.1555595948089859,-0.1207797681563396,-0.1541802485339726,-0.1461809664690232,-0.1127921169934291,-0.1327579316694086,-0.1402734358816822,-0.1303513266858166,-0.1619809250533699,-0.1420325272270398,-0.141473680047552,NEGATIVE,1.0,0.0,4.0,2026-03-18 06:05:48,Random Forest
Sample_0156,-0.9286682272581017,0.6722547754464986,-3.24791175682078,-0.04289311915104609,1.858976349465733,-1.885020501177615,-0.46,0.06,-1.309344985597259,-0.4683417085427136,1.290860602734847,-4.173248214160771,0.372,0.05,-3.24791175682078,0.3758793969849246,1.027958403624504,-4.139932059741341,0.98,0.07,-3.009849746215779,0.9788944723618089,1.001861910826071,-1.270801549523776,-3.24791175682078,-3.009849746215779,-0.7215421820143264,-0.797877761437933,-0.8706765446932654,-0.7911465586720903,-0.8656847164135059,-0.3485812595180084,53.70353970747162,-51.55088456093688,10.19820077507973,0.4516914414008051,0.4553264338582863,1.008047512359783,0.09761591187415117,11.62716813348696,5.644219310349473,-0.4169174202618499,-0.4228460559834906,-0.4440956551815822,-0.442010971021545,-0.4496294042106974,-0.4585427190094808,-0.476559689416909,-0.4707001287488632,-0.4718950533400926,-0.489815882277406,-0.4906008505205321,-0.4864334071917593,-0.5127299630910483,-0.5084883734161255,-0.5237546072744156,-0.5300353338649928,-0.5078191320662115,-0.4661708835440076,-0.4682632181418552,-0.4666773981953288,NEGATIVE,1.0,0.0,4.0,2026-03-18 06:05:48,Random Forest
Sample_0105,-1.419553600819388,1.697563200725689,-8.238680864901532,-0.003381728575153953,2.846631864811041,-8.987356053346147,-0.46,0.06,-8.238680864901532,-0.4582914572864322,1.082954123140306,-5.242252197565781,0.372,0.05,-4.441019970386908,0.3758793969849246,1.039906619132458,-3.67687976114502,0.98,0.07,-2.878138138026259,0.9788944723618089,0.994938163782956,-8.238680864901532,-4.441019970386908,-2.878138138026259,-0.7653476352006566,-0.7679609543032959,-0.7225595175210926,-0.5685419939055916,-0.6508071249743675,-0.06122503988172867,94.10426309581068,-93.23104075377623,17.90648801205695,1.714407417773489,2.444288809310258,1.425733920636362,20587.81394866162,254.1428768882398,1.328343500246859,-0.6096245752973187,-0.6314534192664489,-0.616257362260797,-0.623901444498687,-0.6684465922407702,-0.6535708418199176,-0.655327926260259,-0.6465658011904497,-0.655833651965422,-0.6561165278010974,-0.6516930921404995,-0.6472515404369303,-0.6460343832364178,-0.6289803010340758,-0.6460729691137397,-0.5947968094449281,-0.6082284867337318,-0.4868336631973089,-0.4036493130460682,-0.2812726760751846,NEGATIVE,0.99,0.01,4.0,2026-03-18 06:05:48,Random Forest
Sample_0395,-0.9924515736192202,0.6726394037590312,-3.306090913465369,-0.01122640047535562,1.985789986743484,-2.938862025187089,-0.46,0.06,-2.352296835176997,-0.4582914572864322,1.081765598122408,-3.350682747787754,0.372,0.05,-2.34806284324671,0.3658291457286431,1.271114781080647,-4.535480031523795,0.98,0.07,-3.306090913465369,0.9788944723618089,0.9777870484882415,-2.352296835176997,-2.320719079408401,-3.306090913465369,-0.7076509147900514,-0.820699852589888,-0.9061959106900709,-0.9235059721175561,-0.9825158838035222,-0.4686901199354276,44.82487601566355,-42.08046138945749,10.82502480449864,0.8770934900140681,0.6479715498162414,0.7387713592605142,0.6018756389396566,1.083153880952177,19.42244845908692,-0.4355209229319901,-0.444460865892463,-0.4354238651262167,-0.4575231588141922,-0.4343467775334079,-0.4346999354149152,-0.4319851407805418,-0.4636745862682757,-0.4432285214162685,-0.4840653620645438,-0.494578881665384,-0.4531701311815511,-0.4868374545047838,-0.4742888948685808,-0.4930937288494008,-0.4744937743183,-0.459869521871035,-0.4618732613363535,-0.418191915572059,-0.3885668725286044,NEGATIVE,0.99,0.01,4.0,2026-03-18 06:05:48,Random Forest
Sample_0378,-0.9286980403621474,0.9521651725744975,-4.086767079578483,-0.001915032087054125,1.862075435706403,-0.4498352582203844,-0.46,0.06,-0.6682675357327399,-0.5587939698492463,1.0,-4.127753224178841,0.372,0.05,-3.582154514985719,0.3758793969849246,1.0669944910783,-4.317569358269138,0.98,0.07,-4.086767079578483,0.9788944723618089,1.017758461167693,-0.3197946826203414,-3.582154514985719,-4.086767079578483,-0.6840373894143935,-0.6349301947032563,-0.540501345308961,-0.274839793471074,-0.1706817308987155,0.394069012553007,49.62269696896445,-54.64400279412136,8.895157840668363,0.1089782343540832,0.1041871527457565,0.956036343984433,0.001734818038940762,10.1967714919585,9.831763480989334,-0.8571712321953974,-0.8552717627492157,-0.8674553772094076,-0.858069902870671,-0.8316444046604304,-0.8430818265836663,-0.8515071594756431,-0.826014133516192,-0.8463791683948855,-0.8246334480409692,-0.910048041482943,-0.8655355581029215,-0.8422089709175646,-0.8494248349834792,-0.8631638293905843,-0.8518054741750213,-0.8242206087319794,-0.8125398395744411,-0.8114470998016402,-0.7942194512799974,NEGATIVE,1.0,0.0,4.0,2026-03-18 06:05:48,Random Forest
Sample_0125,-0.9909509973709494,0.8594503592174663,-3.926499212501736,-0.023720957178373,1.985063572668887,-1.734330698254484,-0.46,0.06,-0.8121910316087235,-0.4683417085427136,1.216438690130156,-4.677393200906003,0.372,0.05,-3.926499212501736,0.3758793969849246,1.058525787141804,-4.11425693368628,0.98,0.07,-3.595545850346628,0.9788944723618089,1.015087598499095,-0.796171793013257,-3.926499212501736,-3.595545850346628,-0.8378809287084505,-0.8717821000558778,-0.7770276842214937,-0.4893727774618232,-0.3831601102285009,0.3104700988216365,57.64071111074281,-55.91682369651209,10.52598083284677,0.3707900156691011,0.4215416601851755,1.136874355757643,0.07525922535769528,49.8006014230187,5.209146019352117,-0.986844092457206,-0.9492254708688063,-0.9430498554845419,-0.9889340921521602,-0.9619167982424282,-0.9716970308005229,-0.9647638170377436,-0.9487146219322667,-0.9471509626474138,-0.9321350460746414,-0.956857603116887,-0.9490373261261977,-0.9508659455085124,-0.9026622893105891,-0.9483186070670565,-0.9186006574712916,-0.8829153468315153,-0.8805686439871194,-0.8790438825925483,-0.8518040005182426,NEGATIVE,1.0,0.0,4.0,2026-03-18 06:05:48,Random Forest
Sample_0069,-0.8557354285384232,0.6958785700985236,-3.265350702008923,-0.02017632804028725,1.713970130435624,-0.09741111295739646,-0.46,0.06,-0.7201064178712773,-0.5487437185929649,0.8940272826257019,-3.881546529151049,0.372,0.05,-3.265350702008923,0.3658291457286431,1.265214942543446,-3.567627595923764,0.98,0.07,-3.062084820538671,0.9788944723618089,0.9968111989474177,-0.5905718487592347,-3.222077441969738,-3.062084820538671,-0.6763177965464426,-0.6442072001020188,-0.6851913688394683,-0.4374656280567343,-0.4129536180238693,0.07398670410012784,47.02918712427157,-48.08374956395821,7.546585238032209,0.02509595395181356,0.02730417072361888,1.087990947705965,0.004461527691935567,5.011099128209816,0.9442160206383463,-0.6810444334401778,-0.7003325267649567,-0.6639646448961509,-0.6988299457249674,-0.7346083521012181,-0.6901379840351747,-0.6942954629003149,-0.7185856482684755,-0.7013760419771563,-0.7251576010206183,-0.7102156452190146,-0.7259486968496591,-0.670167748385082,-0.698643991183681,-0.6735593097151937,-0.6954439447999138,-0.7172915048962283,-0.7073412839683544,-0.7011050845693563,-0.7444448096897631,NEGATIVE,0.98,0.02,4.0,2026-03-18 06:05:48,Random Forest
Sample_0451,-1.255396680755549,1.260122451323914,-6.684816711232635,-0.004570412991751593,2.514394169394643,-7.595518530384489,-0.46,0.06,-6.684816711232635,-0.4582914572864322,1.092249108390905,-3.937050775894913,0.372,0.05,-3.072707647668182,0.3658291457286431,1.297011900099185,-2.934223917939822,0.98,0.07,-2.129057309186,0.9788944723618089,1.012532460852371,-6.684816711232635,-3.055977371310325,-2.129057309186,-0.8847791402614067,-0.867134752789797,-0.87957688978299,-0.6773905453634818,-0.7308072952943138,0.06625116359329997,77.1827726657522,-81.18141199330722,14.46679322421922,1.929240683632785,2.5885953978991,1.34176902854067,1863.175526317896,5.881487628559332,0.1305077349595946,-0.9633674599362932,-1.020613027213236,-0.9880346523983428,-0.9952753548182944,-1.00436884875997,-0.9706618946132816,-0.9787443661765444,-0.9784322129525996,-0.960213763692964,-0.9556775689302519,-0.9702232530788393,-0.9554175832190325,-0.9763132827989363,-0.9316340008455917,-0.9135072178322154,-0.9106223853675528,-0.8607223663020885,-0.8081976052896875,-0.7075763906667865,-0.6121578918921247,NEGATIVE,0.97,0.03,4.0,2026-03-18 06:05:48,Random Forest
Sample_0010,-1.210414422171368,1.576189046653897,-6.302890634534092,-0.001903337069675853,2.428614465525691,-6.85835719384628,-0.46,0.06,-6.302890634534092,-0.4582914572864322,1.097503928930186,-4.142206579385373,0.372,0.05,-4.043749591277206,0.3658291457286431,1.210830708536117,-4.251399653378957,0.98,0.07,-4.342644637346752,0.9788944723618089,1.010234615686601,-6.302890634534092,-4.026459890143674,-4.342644637346752,-0.3641498229839478,-0.2703764058498843,-0.1479020657077144,-0.1683611971655731,-0.2169477086123175,0.2577223183730919,71.34890373554377,-67.60269171314063,15.25196342661061,1.65572553237167,1.613199829001102,0.9743159705282474,521.9862533046434,10.63101328546565,7.995560597605544,-0.6934674328404291,-0.6862744248448827,-0.6710498800518361,-0.6715514126159394,-0.6758819351836618,-0.6576746408417513,-0.6532072343614765,-0.6559133508961034,-0.6811468549148572,-0.6661639126542301,-0.6454820548575406,-0.6076306866322699,-0.6309924663504232,-0.644356618685578,-0.6166635327746186,-0.6124573693547184,-0.5998059527174214,-0.5273830105088182,-0.4173506981305452,-0.2951025131952593,NEGATIVE,1.0,0.0,4.0,2026-03-18 06:05:48,Random Forest
Sample_0195,-0.5619537913547261,0.8304416812510526,-3.090911607455083,-0.003349388621924396,1.128322750261698,-2.919932573678616,-0.46,0.06,-2.762410331546842,-0.4582914572864322,1.087260151101825,-0.9895137868333999,0.372,0.05,-0.8785342121296404,0.385929648241206,0.8798009235148928,-3.11062600246968,0.98,0.07,-3.090911607455083,0.9788944723618089,1.006526442236788,-2.762410331546842,-0.8441451071561735,-3.090911607455083,-0.1785273141825506,-0.1040443637165852,-0.0833605499987236,-0.01842427397288451,-0.06073596720669172,0.1081079570345064,33.12925034715088,-33.56606602617714,7.020072362981695,2.950876089380079,0.9386961246258267,0.3181076047225787,0.5825279553592048,0.001190780771355515,0.2264580647771711,-0.2307525769407964,-0.2248967091953357,-0.2360675073110904,-0.2073084863951142,-0.2105587920714035,-0.2151804140165975,-0.2023215167835328,-0.2154553276738328,-0.2215129882347518,-0.1577585985184965,-0.1939651387748457,-0.2315168484309528,-0.2165224252125403,-0.1670535172813945,-0.1748293100521746,-0.1798875070958585,-0.1427536763527036,-0.1493469573194964,-0.1143661309073331,-0.07312364909447346,NEGATIVE,0.99,0.01,4.0,2026-03-18 06:05:48,Random Forest
Sample_0407,-1.012509667235223,1.300540510854851,-5.504179561842704,-0.0128917067018151,2.03114584403332,-3.455366959057871,-0.46,0.06,-3.427762974280213,-0.4582914572864322,1.066254842011131,-5.903163111186529,0.372,0.05,-5.504179561842704,0.3758793969849246,1.024629473050898,-4.354893251450432,0.98,0.07,-3.689764237767265,0.9788944723618089,0.9919856488989971,-3.427762974280213,-5.504179561842704,-3.689764237767265,-0.1796908441314742,-0.2293000810726606,-0.330675298551906,-0.1716905434617412,-0.453444809264701,-0.2857882240760489,73.05725567212107,-72.08577326543356,13.71342332169483,0.5853416031330609,0.7934446976184856,1.35552418172832,1.467884461969388,1711.1461589731,11.04776493977563,-0.1171337416532222,-0.07658803232970693,-0.04800426219869299,-0.09458229758354855,-0.09252942119790225,-0.0861517896628571,-0.06855309967663092,-0.1065159466664752,-0.07045577544432714,-0.07254404403465992,-0.09398518777668784,-0.06116858315249105,-0.03117940641282081,-0.04042307255996458,-0.01591952813443168,-0.04920023316343212,-0.06981244025002463,-0.1052733361928887,-0.1028121940842056,-0.1498322976378593,NEGATIVE,0.98,0.02,4.0,2026-03-18 06:05:48,Random Forest
Sample_0085,-1.099331061675031,1.380792904010729,-5.712090789283912,-0.01860866704394078,2.204504855802754,-2.620609980956429,-0.46,0.06,-1.969041669756074,-0.4582914572864322,1.168727252102114,-6.000074076794768,0.372,0.05,-5.712090789283912,0.3758793969849246,1.057457784848683,-4.655324093370336,0.98,0.07,-4.762823719288886,0.9788944723618089,1.025048963398057,-1.969041669756074,-5.712090789283912,-4.762823719288886,-0.5696515397712203,-0.4132375311879489,-0.2751490457221099,-0.1404879156067773,-0.1651082098505454,0.2127407982860948,74.47935104975109,-72.15189362229613,13.27600815112153,0.4367629378263203,0.5629275058826624,1.288862806638854,0.3474857642788026,2263.233795439577,28.24324835656238,-0.7307199809183178,-0.7043564894945865,-0.7457359567502884,-0.7345818288948842,-0.7225806577929895,-0.715447940840058,-0.691008580096701,-0.7305348874821458,-0.7333236474130667,-0.6961926834514204,-0.6917247116743535,-0.6535877811036439,-0.6686690273973905,-0.6458647292894437,-0.6435275233677848,-0.6479516725941763,-0.6370039090090892,-0.6261428092122683,-0.6279982917872632,-0.521426162714552,NEGATIVE,1.0,0.0,4.0,2026-03-18 06:05:48,Random Forest
Sample_0372,-0.6766884118881805,0.5504599238942506,-2.924284796298837,-0.002300365779632663,1.353252692263426,-0.5037300330397794,-0.46,0.06,-0.3131678140727981,-0.3678391959798996,2.951793798434607,-1.892446303664222,0.372,0.05,-1.122132015913725,0.3758793969849246,1.019968090656843,-3.966418371380345,0.98,0.07,-2.924284796298837,0.9889447236180904,0.8718104202968278,-0.1129346972504496,-1.122132015913725,-2.922203065623489,-0.5598386748175734,-0.5922523230612686,-0.6823759656347049,-0.6990760242291064,-0.7780653072553411,-0.4135037171418915,40.55523777929169,-36.62314914557353,6.362594708084346,0.2661793003396922,0.1269987141735826,0.4771171688088052,0.001580713086230344,0.01611855832497824,3.282248566116711,-0.2755357802833177,-0.3171670398556209,-0.2884821391127475,-0.3132316901098642,-0.2964756017012178,-0.3616646976572128,-0.3440061573636948,-0.3279450578805262,-0.3195444294828458,-0.3498772514586444,-0.3573310329399553,-0.3193943136735455,-0.3388422709378421,-0.3515278552304097,-0.3422966829949699,-0.3630143573246654,-0.3928605274081707,-0.3463632808318242,-0.3566412960684028,-0.3110456534867615,NEGATIVE,1.0,0.0,4.0,2026-03-18 06:05:48,Random Forest
Sample_0389,-1.350727857418114,1.61440728656575,-6.65617874245784,-0.01758678834149171,2.710410205259315,-7.312367273118122,-0.46,0.06,-6.65617874245784,-0.4582914572864322,1.097851180207805,-5.089552741051218,0.372,0.05,-4.735943489188745,0.3758793969849246,1.067142549921863,-4.516119916004858,0.98,0.07,-4.43473938281185,0.9788944723618089,1.003093724106799,-6.65617874245784,-4.735943489188745,-4.43473938281185,-0.5680899064531796,-0.5978061923519719,-0.4679068573089568,-0.07741559917327333,-0.01758678834149171,0.3959371851323042,72.51429508144017,-75.41851583527857,16.9180399301742,1.436740642087893,1.619170307503025,1.126974667571193,1142.869010133384,163.5781301193966,18.28248240722142,-0.8556932454533238,-0.8568356773613021,-0.8279782317584811,-0.8124081382386719,-0.8253364945666409,-0.800074718715957,-0.8019194799068331,-0.7785675723472327,-0.8301607241646399,-0.8370371681588674,-0.7755909355010251,-0.7734139414286663,-0.7795666251900123,-0.7920074274310872,-0.7155701552445423,-0.7136821139615154,-0.7079096927537551,-0.6163917006886085,-0.575557757341823,-0.4458973246865048,NEGATIVE,0.99,0.01,4.0,2026-03-18 06:05:48,Random Forest
Sample_0496,-0.8731416702739905,0.9486653682154443,-3.708505135370327,-0.007322480923949645,1.75088997474496,-3.072781621100918,-0.46,0.06,-2.665792443510928,-0.4582914572864322,1.108264271259329,-3.726673640409346,0.372,0.05,-3.315695530897306,0.3758793969849246,1.047576105879924,-4.099321444250798,0.98,0.07,-3.708505135370327,0.9788944723618089,1.000643709832503,-2.665792443510928,-3.315695530897306,-3.708505135370327,-0.4110133100871691,-0.4151586287740163,-0.3912861277206535,-0.2721563340203613,-0.2719794284028421,0.07308793008930288,45.20538594004901,-46.24429921710473,10.89877670576106,0.8245373535750226,0.7495829890116136,0.9090952468818757,0.7583964085413056,3.205211499722422,4.971658404080524,-0.4878694977639083,-0.468126898165745,-0.4473781829988113,-0.4845419809309415,-0.4550512621978919,-0.5136365081779851,-0.4539670788641995,-0.47374044469626,-0.4715469056064924,-0.479515118180338,-0.5169329535371057,-0.4636356705817992,-0.4575723094947347,-0.4640026009484877,-0.4754023632154582,-0.4479777742077926,-0.4577066482477581,-0.4597871721232226,-0.3784211845781176,-0.3572351396644225,NEGATIVE,1.0,0.0,4.0,2026-03-18 06:05:48,Random Forest
Sample_0031,-0.9460536728948867,1.035071918611418,-5.215544652802518,-0.006100311062516944,1.895387301443706,-5.785525303099033,-0.46,0.06,-5.215544652802518,-0.4582914572864322,1.094164796060345,-2.287414030094038,0.372,0.05,-1.701643043801512,0.3758793969849246,1.070736406599206,-3.156145245635098,0.98,0.07,-2.568107593427412,0.9889447236180904,0.9200942608772432,-5.215544652802518,-1.701643043801512,-2.556924075551679,-0.5802212451158945,-0.5391668791219603,-0.5639469555932753,-0.4169507550461493,-0.4613867184327347,0.04786625057556113,58.95954318233421,-60.30511429503164,11.22908457882817,2.529286446171349,1.833098559421601,0.7247492913253906,81.92892542108204,0.05038174676490613,0.2610662148759867,-0.6675643359041016,-0.6589506942461136,-0.6749719929085644,-0.6469095369234596,-0.6573198885129281,-0.6134595855306384,-0.6341186187524532,-0.6412288607945164,-0.662323071094462,-0.6229182809080032,-0.6094053918576603,-0.6358849366745616,-0.6265796969559122,-0.5880733258087236,-0.5720110189889446,-0.5735341072584084,-0.5566281261280904,-0.5418566109313049,-0.4360578195874744,-0.3641682708162344,NEGATIVE,1.0,0.0,4.0,2026-03-18 06:05:48,Random Forest
Sample_0317,-0.9363578484330304,0.8392061115706375,-3.507504168660329,-0.01530694005383053,1.87668964839558,-3.666152466395971,-0.46,0.06,-2.842385554472654,-0.4683417085427136,1.334838995490549,-4.049965225121511,0.372,0.05,-3.507504168660329,0.3658291457286431,1.274423931052867,-3.245721657008781,0.98,0.07,-2.94836847935448,0.9788944723618089,1.023702310668037,-2.808050008680389,-3.491555096950527,-2.94836847935448,-0.6793026315700484,-0.6581082170096482,-0.5414292232014586,-0.2711966810670478,-0.2773065383457782,0.3609337819565663,49.64049982750998,-47.60143596911053,10.96183934852626,0.9052306038716604,1.12953384603369,1.247785747855505,2.112039317891595,8.146742535894445,0.3453763652504008,-0.9018834532024423,-0.9369863958426243,-0.9011222782855535,-0.8962668974311887,-0.8480877215065409,-0.8820495680848666,-0.9132429327605243,-0.9054159052063542,-0.8817831015065585,-0.912040779730236,-0.8513862367370769,-0.8834044843120219,-0.8572904092455502,-0.8779695637475746,-0.8238473286882128,-0.8267071643161799,-0.7418874746709554,-0.7554737012514384,-0.7062533939271975,-0.6532768744312587,NEGATIVE,0.94,0.06,4.0,2026-03-18 06:05:48,Random Forest
Sample_0409,-1.447305589434731,1.553725566846428,-7.912739470330787,-0.002398826877628185,2.900501599507258,-8.964043095953265,-0.46,0.06,-7.912739470330787,-0.4582914572864322,1.094600891830343,-3.677845642715337,0.372,0.05,-2.785981690631936,0.3758793969849246,1.045212640462302,-4.343544002986962,0.98,0.07,-3.617181588422093,0.9788944723618089,1.005394296838604,-7.912739470330787,-2.785981690631936,-3.617181588422093,-0.9579952098038931,-0.9692640499148163,-0.8935625206849955,-0.7424754483459788,-0.604699378039143,0.1930975433729096,89.9275660474552,-97.1494354649513,16.98543274165556,2.437308132740218,2.063762469031944,0.8467384329907011,19775.80881511045,2.783996758063306,10.66289600736796,-1.054306279347003,-1.028002893885351,-1.058123595089933,-1.046472301226256,-1.074818201387297,-1.032760995215161,-1.057938179069124,-1.007748267695199,-1.027739240260448,-0.9954068368449303,-1.055078182773831,-1.038463342537266,-1.024344535045762,-1.013080435586171,-1.051500804007488,-0.9857390066014848,-0.9270607461324689,-0.8231478798148335,-0.7458570302642166,-0.6595229362945445,NEGATIVE,1.0,0.0,4.0,2026-03-18 06:05:48,Random Forest
Sample_0362,-0.9615846839126923,1.440223096710357,-6.009600714814384,-0.006568535705753864,1.932119245674477,-6.166978510823675,-0.46,0.06,-6.009600714814384,-0.4582914572864322,1.078828475951523,-2.374712265929465,0.372,0.05,-2.176753979124492,0.3658291457286431,1.206064503491945,-3.994542834561331,0.98,0.07,-3.870886876290712,0.9688442211055277,1.091053393197384,-6.009600714814384,-2.172347762437835,-3.870593695379916,-0.1586798960696592,-0.1967952050906323,-0.1978919644940301,-0.05162482901158081,-0.02841636286412219,0.0119095180034957,62.60431715748717,-64.05059126104683,12.53623361131447,2.596937152893305,1.543850890135946,0.5944891228560951,158.264748161403,0.06481410169000762,3.583704601156186,-0.08298135593145409,-0.1337814771576108,-0.09961800766401967,-0.102354879449433,-0.07967209739165731,-0.1235524068184222,-0.1166797475849051,-0.1085306793558477,-0.1022616788278512,-0.115907978847951,-0.1282121263098373,-0.1126694595379472,-0.1431414485359546,-0.1083052489265663,-0.08263491519537206,-0.1051514693382435,-0.0180658523592946,-0.02660745412165114,-0.04577794205278795,-0.1437004195876769,NEGATIVE,0.99,0.01,4.0,2026-03-18 06:09:57,Random Forest
Sample_0074,-1.15156586792421,1.83382011662609,-7.987180149256619,-0.0003311658480724556,2.311392866242539,-8.004411008076874,-0.46,0.06,-7.987180149256619,-0.4582914572864322,1.068090647109069,-1.836461787204623,0.372,0.05,-1.543197326210644,0.3758793969849246,0.9933695493461873,-4.970966213886118,0.98,0.07,-4.512140281247019,0.9788944723618089,0.9933435257326395,-7.987180149256619,-1.543197326210644,-4.512140281247019,-0.1254870021443383,-0.1867921838721553,-0.1978719686738495,-0.2647374524844202,-0.2480230150312633,-0.1683859958765547,82.50953358187175,-81.06136354488818,14.81183900916762,4.358604716878328,1.610232430411012,0.3694375918457399,3773.721716962681,0.0137141899179957,75.71716069513755,-0.1611973978328833,-0.1619487664815229,-0.1274644400088328,-0.1420675792545693,-0.1002239086960554,-0.1083684213462384,-0.0666226836966361,-0.1013451742718038,-0.118290229008589,-0.1366530573706071,-0.0891523949331628,-0.1323794543543932,-0.1099040602249038,-0.0758871725184922,-0.1144790233772791,-0.1323426258910934,-0.1521809729894364,-0.2071705067160595,-0.277612154905451,-0.4399989901001654,NEGATIVE,1.0,0.0,4.0,2026-03-18 06:09:57,Random Forest
Sample_0375,-0.5058508532690569,0.859124940870671,-3.934556875863473,-6.589717231682019e-05,1.013082183536578,-0.06153189997444608,-0.46,0.06,-0.1575770439234788,-0.5185929648241207,0.6592327686204437,-1.71861247304513,0.372,0.05,-1.488829604146626,0.3758793969849246,0.9807810170232841,-4.477384064786138,0.98,0.07,-3.934556875863473,0.9788944723618089,0.9912116140591413,-0.08843213551994666,-1.488829604146626,-3.934556875863473,-0.04021253206227211,-0.1005300505838946,-0.1602817760650442,-0.2495037895265163,-0.3110365046748791,-0.2235474989328986,41.09658046115421,-42.41656979675398,6.257528437805714,0.03580324298788578,0.01374282373012938,0.3838429869266127,0.004193606059825905,0.0097608876638906,16.19855754279148,-0.1449458929889725,-0.146510748165952,-0.1501208557948262,-0.1042557160846662,-0.1325018674944207,-0.1460290480939208,-0.1707299865443002,-0.1644133054754837,-0.1609403646439087,-0.1555595948089859,-0.1207797681563396,-0.1541802485339726,-0.1461809664690232,-0.1127921169934291,-0.1327579316694086,-0.1402734358816822,-0.1303513266858166,-0.1619809250533699,-0.1420325272270398,-0.141473680047552,NEGATIVE,1.0,0.0,4.0,2026-03-18 06:09:57,Random Forest
Sample_0156,-0.9286682272581017,0.6722547754464986,-3.24791175682078,-0.04289311915104609,1.858976349465733,-1.885020501177615,-0.46,0.06,-1.309344985597259,-0.4683417085427136,1.290860602734847,-4.173248214160771,0.372,0.05,-3.24791175682078,0.3758793969849246,1.027958403624504,-4.139932059741341,0.98,0.07,-3.009849746215779,0.9788944723618089,1.001861910826071,-1.270801549523776,-3.24791175682078,-3.009849746215779,-0.7215421820143264,-0.797877761437933,-0.8706765446932654,-0.7911465586720903,-0.8656847164135059,-0.3485812595180084,53.70353970747162,-51.55088456093688,10.19820077507973,0.4516914414008051,0.4553264338582863,1.008047512359783,0.09761591187415117,11.62716813348696,5.644219310349473,-0.4169174202618499,-0.4228460559834906,-0.4440956551815822,-0.442010971021545,-0.4496294042106974,-0.4585427190094808,-0.476559689416909,-0.4707001287488632,-0.4718950533400926,-0.489815882277406,-0.4906008505205321,-0.4864334071917593,-0.5127299630910483,-0.5084883734161255,-0.5237546072744156,-0.5300353338649928,-0.5078191320662115,-0.4661708835440076,-0.4682632181418552,-0.4666773981953288,NEGATIVE,1.0,0.0,4.0,2026-03-18 06:09:57,Random Forest
Sample_0105,-1.419553600819388,1.697563200725689,-8.238680864901532,-0.003381728575153953,2.846631864811041,-8.987356053346147,-0.46,0.06,-8.238680864901532,-0.4582914572864322,1.082954123140306,-5.242252197565781,0.372,0.05,-4.441019970386908,0.3758793969849246,1.039906619132458,-3.67687976114502,0.98,0.07,-2.878138138026259,0.9788944723618089,0.994938163782956,-8.238680864901532,-4.441019970386908,-2.878138138026259,-0.7653476352006566,-0.7679609543032959,-0.7225595175210926,-0.5685419939055916,-0.6508071249743675,-0.06122503988172867,94.10426309581068,-93.23104075377623,17.90648801205695,1.714407417773489,2.444288809310258,1.425733920636362,20587.81394866162,254.1428768882398,1.328343500246859,-0.6096245752973187,-0.6314534192664489,-0.616257362260797,-0.623901444498687,-0.6684465922407702,-0.6535708418199176,-0.655327926260259,-0.6465658011904497,-0.655833651965422,-0.6561165278010974,-0.6516930921404995,-0.6472515404369303,-0.6460343832364178,-0.6289803010340758,-0.6460729691137397,-0.5947968094449281,-0.6082284867337318,-0.4868336631973089,-0.4036493130460682,-0.2812726760751846,NEGATIVE,0.99,0.01,4.0,2026-03-18 06:09:57,Random Forest
Sample_0395,-0.9924515736192202,0.6726394037590312,-3.306090913465369,-0.01122640047535562,1.985789986743484,-2.938862025187089,-0.46,0.06,-2.352296835176997,-0.4582914572864322,1.081765598122408,-3.350682747787754,0.372,0.05,-2.34806284324671,0.3658291457286431,1.271114781080647,-4.535480031523795,0.98,0.07,-3.306090913465369,0.9788944723618089,0.9777870484882415,-2.352296835176997,-2.320719079408401,-3.306090913465369,-0.7076509147900514,-0.820699852589888,-0.9061959106900709,-0.9235059721175561,-0.9825158838035222,-0.4686901199354276,44.82487601566355,-42.08046138945749,10.82502480449864,0.8770934900140681,0.6479715498162414,0.7387713592605142,0.6018756389396566,1.083153880952177,19.42244845908692,-0.4355209229319901,-0.444460865892463,-0.4354238651262167,-0.4575231588141922,-0.4343467775334079,-0.4346999354149152,-0.4319851407805418,-0.4636745862682757,-0.4432285214162685,-0.4840653620645438,-0.494578881665384,-0.4531701311815511,-0.4868374545047838,-0.4742888948685808,-0.4930937288494008,-0.4744937743183,-0.459869521871035,-0.4618732613363535,-0.418191915572059,-0.3885668725286044,NEGATIVE,0.99,0.01,4.0,2026-03-18 06:09:57,Random Forest
Sample_0378,-0.9286980403621474,0.9521651725744975,-4.086767079578483,-0.001915032087054125,1.862075435706403,-0.4498352582203844,-0.46,0.06,-0.6682675357327399,-0.5587939698492463,1.0,-4.127753224178841,0.372,0.05,-3.582154514985719,0.3758793969849246,1.0669944910783,-4.317569358269138,0.98,0.07,-4.086767079578483,0.9788944723618089,1.017758461167693,-0.3197946826203414,-3.582154514985719,-4.086767079578483,-0.6840373894143935,-0.6349301947032563,-0.540501345308961,-0.274839793471074,-0.1706817308987155,0.394069012553007,49.62269696896445,-54.64400279412136,8.895157840668363,0.1089782343540832,0.1041871527457565,0.956036343984433,0.001734818038940762,10.1967714919585,9.831763480989334,-0.8571712321953974,-0.8552717627492157,-0.8674553772094076,-0.858069902870671,-0.8316444046604304,-0.8430818265836663,-0.8515071594756431,-0.826014133516192,-0.8463791683948855,-0.8246334480409692,-0.910048041482943,-0.8655355581029215,-0.8422089709175646,-0.8494248349834792,-0.8631638293905843,-0.8518054741750213,-0.8242206087319794,-0.8125398395744411,-0.8114470998016402,-0.7942194512799974,NEGATIVE,1.0,0.0,4.0,2026-03-18 06:09:57,Random Forest
Sample_0125,-0.9909509973709494,0.8594503592174663,-3.926499212501736,-0.023720957178373,1.985063572668887,-1.734330698254484,-0.46,0.06,-0.8121910316087235,-0.4683417085427136,1.216438690130156,-4.677393200906003,0.372,0.05,-3.926499212501736,0.3758793969849246,1.058525787141804,-4.11425693368628,0.98,0.07,-3.595545850346628,0.9788944723618089,1.015087598499095,-0.796171793013257,-3.926499212501736,-3.595545850346628,-0.8378809287084505,-0.8717821000558778,-0.7770276842214937,-0.4893727774618232,-0.3831601102285009,0.3104700988216365,57.64071111074281,-55.91682369651209,10.52598083284677,0.3707900156691011,0.4215416601851755,1.136874355757643,0.07525922535769528,49.8006014230187,5.209146019352117,-0.986844092457206,-0.9492254708688063,-0.9430498554845419,-0.9889340921521602,-0.9619167982424282,-0.9716970308005229,-0.9647638170377436,-0.9487146219322667,-0.9471509626474138,-0.9321350460746414,-0.956857603116887,-0.9490373261261977,-0.9508659455085124,-0.9026622893105891,-0.9483186070670565,-0.9186006574712916,-0.8829153468315153,-0.8805686439871194,-0.8790438825925483,-0.8518040005182426,NEGATIVE,1.0,0.0,4.0,2026-03-18 06:09:57,Random Forest
Sample_0069,-0.8557354285384232,0.6958785700985236,-3.265350702008923,-0.02017632804028725,1.713970130435624,-0.09741111295739646,-0.46,0.06,-0.7201064178712773,-0.5487437185929649,0.8940272826257019,-3.881546529151049,0.372,0.05,-3.265350702008923,0.3658291457286431,1.265214942543446,-3.567627595923764,0.98,0.07,-3.062084820538671,0.9788944723618089,0.9968111989474177,-0.5905718487592347,-3.222077441969738,-3.062084820538671,-0.6763177965464426,-0.6442072001020188,-0.6851913688394683,-0.4374656280567343,-0.4129536180238693,0.07398670410012784,47.02918712427157,-48.08374956395821,7.546585238032209,0.02509595395181356,0.02730417072361888,1.087990947705965,0.004461527691935567,5.011099128209816,0.9442160206383463,-0.6810444334401778,-0.7003325267649567,-0.6639646448961509,-0.6988299457249674,-0.7346083521012181,-0.6901379840351747,-0.6942954629003149,-0.7185856482684755,-0.7013760419771563,-0.7251576010206183,-0.7102156452190146,-0.7259486968496591,-0.670167748385082,-0.698643991183681,-0.6735593097151937,-0.6954439447999138,-0.7172915048962283,-0.7073412839683544,-0.7011050845693563,-0.7444448096897631,NEGATIVE,0.98,0.02,4.0,2026-03-18 06:09:57,Random Forest
Sample_0451,-1.255396680755549,1.260122451323914,-6.684816711232635,-0.004570412991751593,2.514394169394643,-7.595518530384489,-0.46,0.06,-6.684816711232635,-0.4582914572864322,1.092249108390905,-3.937050775894913,0.372,0.05,-3.072707647668182,0.3658291457286431,1.297011900099185,-2.934223917939822,0.98,0.07,-2.129057309186,0.9788944723618089,1.012532460852371,-6.684816711232635,-3.055977371310325,-2.129057309186,-0.8847791402614067,-0.867134752789797,-0.87957688978299,-0.6773905453634818,-0.7308072952943138,0.06625116359329997,77.1827726657522,-81.18141199330722,14.46679322421922,1.929240683632785,2.5885953978991,1.34176902854067,1863.175526317896,5.881487628559332,0.1305077349595946,-0.9633674599362932,-1.020613027213236,-0.9880346523983428,-0.9952753548182944,-1.00436884875997,-0.9706618946132816,-0.9787443661765444,-0.9784322129525996,-0.960213763692964,-0.9556775689302519,-0.9702232530788393,-0.9554175832190325,-0.9763132827989363,-0.9316340008455917,-0.9135072178322154,-0.9106223853675528,-0.8607223663020885,-0.8081976052896875,-0.7075763906667865,-0.6121578918921247,NEGATIVE,0.97,0.03,4.0,2026-03-18 06:09:57,Random Forest
Sample_0010,-1.210414422171368,1.576189046653897,-6.302890634534092,-0.001903337069675853,2.428614465525691,-6.85835719384628,-0.46,0.06,-6.302890634534092,-0.4582914572864322,1.097503928930186,-4.142206579385373,0.372,0.05,-4.043749591277206,0.3658291457286431,1.210830708536117,-4.251399653378957,0.98,0.07,-4.342644637346752,0.9788944723618089,1.010234615686601,-6.302890634534092,-4.026459890143674,-4.342644637346752,-0.3641498229839478,-0.2703764058498843,-0.1479020657077144,-0.1683611971655731,-0.2169477086123175,0.2577223183730919,71.34890373554377,-67.60269171314063,15.25196342661061,1.65572553237167,1.613199829001102,0.9743159705282474,521.9862533046434,10.63101328546565,7.995560597605544,-0.6934674328404291,-0.6862744248448827,-0.6710498800518361,-0.6715514126159394,-0.6758819351836618,-0.6576746408417513,-0.6532072343614765,-0.6559133508961034,-0.6811468549148572,-0.6661639126542301,-0.6454820548575406,-0.6076306866322699,-0.6309924663504232,-0.644356618685578,-0.6166635327746186,-0.6124573693547184,-0.5998059527174214,-0.5273830105088182,-0.4173506981305452,-0.2951025131952593,NEGATIVE,1.0,0.0,4.0,2026-03-18 06:09:57,Random Forest
Sample_0195,-0.5619537913547261,0.8304416812510526,-3.090911607455083,-0.003349388621924396,1.128322750261698,-2.919932573678616,-0.46,0.06,-2.762410331546842,-0.4582914572864322,1.087260151101825,-0.9895137868333999,0.372,0.05,-0.8785342121296404,0.385929648241206,0.8798009235148928,-3.11062600246968,0.98,0.07,-3.090911607455083,0.9788944723618089,1.006526442236788,-2.762410331546842,-0.8441451071561735,-3.090911607455083,-0.1785273141825506,-0.1040443637165852,-0.0833605499987236,-0.01842427397288451,-0.06073596720669172,0.1081079570345064,33.12925034715088,-33.56606602617714,7.020072362981695,2.950876089380079,0.9386961246258267,0.3181076047225787,0.5825279553592048,0.001190780771355515,0.2264580647771711,-0.2307525769407964,-0.2248967091953357,-0.2360675073110904,-0.2073084863951142,-0.2105587920714035,-0.2151804140165975,-0.2023215167835328,-0.2154553276738328,-0.2215129882347518,-0.1577585985184965,-0.1939651387748457,-0.2315168484309528,-0.2165224252125403,-0.1670535172813945,-0.1748293100521746,-0.1798875070958585,-0.1427536763527036,-0.1493469573194964,-0.1143661309073331,-0.07312364909447346,NEGATIVE,0.99,0.01,4.0,2026-03-18 06:09:57,Random Forest
Sample_0407,-1.012509667235223,1.300540510854851,-5.504179561842704,-0.0128917067018151,2.03114584403332,-3.455366959057871,-0.46,0.06,-3.427762974280213,-0.4582914572864322,1.066254842011131,-5.903163111186529,0.372,0.05,-5.504179561842704,0.3758793969849246,1.024629473050898,-4.354893251450432,0.98,0.07,-3.689764237767265,0.9788944723618089,0.9919856488989971,-3.427762974280213,-5.504179561842704,-3.689764237767265,-0.1796908441314742,-0.2293000810726606,-0.330675298551906,-0.1716905434617412,-0.453444809264701,-0.2857882240760489,73.05725567212107,-72.08577326543356,13.71342332169483,0.5853416031330609,0.7934446976184856,1.35552418172832,1.467884461969388,1711.1461589731,11.04776493977563,-0.1171337416532222,-0.07658803232970693,-0.04800426219869299,-0.09458229758354855,-0.09252942119790225,-0.0861517896628571,-0.06855309967663092,-0.1065159466664752,-0.07045577544432714,-0.07254404403465992,-0.09398518777668784,-0.06116858315249105,-0.03117940641282081,-0.04042307255996458,-0.01591952813443168,-0.04920023316343212,-0.06981244025002463,-0.1052733361928887,-0.1028121940842056,-0.1498322976378593,NEGATIVE,0.98,0.02,4.0,2026-03-18 06:09:57,Random Forest
Sample_0085,-1.099331061675031,1.380792904010729,-5.712090789283912,-0.01860866704394078,2.204504855802754,-2.620609980956429,-0.46,0.06,-1.969041669756074,-0.4582914572864322,1.168727252102114,-6.000074076794768,0.372,0.05,-5.712090789283912,0.3758793969849246,1.057457784848683,-4.655324093370336,0.98,0.07,-4.762823719288886,0.9788944723618089,1.025048963398057,-1.969041669756074,-5.712090789283912,-4.762823719288886,-0.5696515397712203,-0.4132375311879489,-0.2751490457221099,-0.1404879156067773,-0.1651082098505454,0.2127407982860948,74.47935104975109,-72.15189362229613,13.27600815112153,0.4367629378263203,0.5629275058826624,1.288862806638854,0.3474857642788026,2263.233795439577,28.24324835656238,-0.7307199809183178,-0.7043564894945865,-0.7457359567502884,-0.7345818288948842,-0.7225806577929895,-0.715447940840058,-0.691008580096701,-0.7305348874821458,-0.7333236474130667,-0.6961926834514204,-0.6917247116743535,-0.6535877811036439,-0.6686690273973905,-0.6458647292894437,-0.6435275233677848,-0.6479516725941763,-0.6370039090090892,-0.6261428092122683,-0.6279982917872632,-0.521426162714552,NEGATIVE,1.0,0.0,4.0,2026-03-18 06:09:57,Random Forest
Sample_0372,-0.6766884118881805,0.5504599238942506,-2.924284796298837,-0.002300365779632663,1.353252692263426,-0.5037300330397794,-0.46,0.06,-0.3131678140727981,-0.3678391959798996,2.951793798434607,-1.892446303664222,0.372,0.05,-1.122132015913725,0.3758793969849246,1.019968090656843,-3.966418371380345,0.98,0.07,-2.924284796298837,0.9889447236180904,0.8718104202968278,-0.1129346972504496,-1.122132015913725,-2.922203065623489,-0.5598386748175734,-0.5922523230612686,-0.6823759656347049,-0.6990760242291064,-0.7780653072553411,-0.4135037171418915,40.55523777929169,-36.62314914557353,6.362594708084346,0.2661793003396922,0.1269987141735826,0.4771171688088052,0.001580713086230344,0.01611855832497824,3.282248566116711,-0.2755357802833177,-0.3171670398556209,-0.2884821391127475,-0.3132316901098642,-0.2964756017012178,-0.3616646976572128,-0.3440061573636948,-0.3279450578805262,-0.3195444294828458,-0.3498772514586444,-0.3573310329399553,-0.3193943136735455,-0.3388422709378421,-0.3515278552304097,-0.3422966829949699,-0.3630143573246654,-0.3928605274081707,-0.3463632808318242,-0.3566412960684028,-0.3110456534867615,NEGATIVE,1.0,0.0,4.0,2026-03-18 06:09:57,Random Forest
Sample_0389,-1.350727857418114,1.61440728656575,-6.65617874245784,-0.01758678834149171,2.710410205259315,-7.312367273118122,-0.46,0.06,-6.65617874245784,-0.4582914572864322,1.097851180207805,-5.089552741051218,0.372,0.05,-4.735943489188745,0.3758793969849246,1.067142549921863,-4.516119916004858,0.98,0.07,-4.43473938281185,0.9788944723618089,1.003093724106799,-6.65617874245784,-4.735943489188745,-4.43473938281185,-0.5680899064531796,-0.5978061923519719,-0.4679068573089568,-0.07741559917327333,-0.01758678834149171,0.3959371851323042,72.51429508144017,-75.41851583527857,16.9180399301742,1.436740642087893,1.619170307503025,1.126974667571193,1142.869010133384,163.5781301193966,18.28248240722142,-0.8556932454533238,-0.8568356773613021,-0.8279782317584811,-0.8124081382386719,-0.8253364945666409,-0.800074718715957,-0.8019194799068331,-0.7785675723472327,-0.8301607241646399,-0.8370371681588674,-0.7755909355010251,-0.7734139414286663,-0.7795666251900123,-0.7920074274310872,-0.7155701552445423,-0.7136821139615154,-0.7079096927537551,-0.6163917006886085,-0.575557757341823,-0.4458973246865048,NEGATIVE,0.99,0.01,4.0,2026-03-18 06:09:57,Random Forest
Sample_0496,-0.8731416702739905,0.9486653682154443,-3.708505135370327,-0.007322480923949645,1.75088997474496,-3.072781621100918,-0.46,0.06,-2.665792443510928,-0.4582914572864322,1.108264271259329,-3.726673640409346,0.372,0.05,-3.315695530897306,0.3758793969849246,1.047576105879924,-4.099321444250798,0.98,0.07,-3.708505135370327,0.9788944723618089,1.000643709832503,-2.665792443510928,-3.315695530897306,-3.708505135370327,-0.4110133100871691,-0.4151586287740163,-0.3912861277206535,-0.2721563340203613,-0.2719794284028421,0.07308793008930288,45.20538594004901,-46.24429921710473,10.89877670576106,0.8245373535750226,0.7495829890116136,0.9090952468818757,0.7583964085413056,3.205211499722422,4.971658404080524,-0.4878694977639083,-0.468126898165745,-0.4473781829988113,-0.4845419809309415,-0.4550512621978919,-0.5136365081779851,-0.4539670788641995,-0.47374044469626,-0.4715469056064924,-0.479515118180338,-0.5169329535371057,-0.4636356705817992,-0.4575723094947347,-0.4640026009484877,-0.4754023632154582,-0.4479777742077926,-0.4577066482477581,-0.4597871721232226,-0.3784211845781176,-0.3572351396644225,NEGATIVE,1.0,0.0,4.0,2026-03-18 06:09:57,Random Forest
Sample_0031,-0.9460536728948867,1.035071918611418,-5.215544652802518,-0.006100311062516944,1.895387301443706,-5.785525303099033,-0.46,0.06,-5.215544652802518,-0.4582914572864322,1.094164796060345,-2.287414030094038,0.372,0.05,-1.701643043801512,0.3758793969849246,1.070736406599206,-3.156145245635098,0.98,0.07,-2.568107593427412,0.9889447236180904,0.9200942608772432,-5.215544652802518,-1.701643043801512,-2.556924075551679,-0.5802212451158945,-0.5391668791219603,-0.5639469555932753,-0.4169507550461493,-0.4613867184327347,0.04786625057556113,58.95954318233421,-60.30511429503164,11.22908457882817,2.529286446171349,1.833098559421601,0.7247492913253906,81.92892542108204,0.05038174676490613,0.2610662148759867,-0.6675643359041016,-0.6589506942461136,-0.6749719929085644,-0.6469095369234596,-0.6573198885129281,-0.6134595855306384,-0.6341186187524532,-0.6412288607945164,-0.662323071094462,-0.6229182809080032,-0.6094053918576603,-0.6358849366745616,-0.6265796969559122,-0.5880733258087236,-0.5720110189889446,-0.5735341072584084,-0.5566281261280904,-0.5418566109313049,-0.4360578195874744,-0.3641682708162344,NEGATIVE,1.0,0.0,4.0,2026-03-18 06:09:57,Random Forest
Sample_0317,-0.9363578484330304,0.8392061115706375,-3.507504168660329,-0.01530694005383053,1.87668964839558,-3.666152466395971,-0.46,0.06,-2.842385554472654,-0.4683417085427136,1.334838995490549,-4.049965225121511,0.372,0.05,-3.507504168660329,0.3658291457286431,1.274423931052867,-3.245721657008781,0.98,0.07,-2.94836847935448,0.9788944723618089,1.023702310668037,-2.808050008680389,-3.491555096950527,-2.94836847935448,-0.6793026315700484,-0.6581082170096482,-0.5414292232014586,-0.2711966810670478,-0.2773065383457782,0.3609337819565663,49.64049982750998,-47.60143596911053,10.96183934852626,0.9052306038716604,1.12953384603369,1.247785747855505,2.112039317891595,8.146742535894445,0.3453763652504008,-0.9018834532024423,-0.9369863958426243,-0.9011222782855535,-0.8962668974311887,-0.8480877215065409,-0.8820495680848666,-0.9132429327605243,-0.9054159052063542,-0.8817831015065585,-0.912040779730236,-0.8513862367370769,-0.8834044843120219,-0.8572904092455502,-0.8779695637475746,-0.8238473286882128,-0.8267071643161799,-0.7418874746709554,-0.7554737012514384,-0.7062533939271975,-0.6532768744312587,NEGATIVE,0.94,0.06,4.0,2026-03-18 06:09:57,Random Forest
Sample_0409,-1.447305589434731,1.553725566846428,-7.912739470330787,-0.002398826877628185,2.900501599507258,-8.964043095953265,-0.46,0.06,-7.912739470330787,-0.4582914572864322,1.094600891830343,-3.677845642715337,0.372,0.05,-2.785981690631936,0.3758793969849246,1.045212640462302,-4.343544002986962,0.98,0.07,-3.617181588422093,0.9788944723618089,1.005394296838604,-7.912739470330787,-2.785981690631936,-3.617181588422093,-0.9579952098038931,-0.9692640499148163,-0.8935625206849955,-0.7424754483459788,-0.604699378039143,0.1930975433729096,89.9275660474552,-97.1494354649513,16.98543274165556,2.437308132740218,2.063762469031944,0.8467384329907011,19775.80881511045,2.783996758063306,10.66289600736796,-1.054306279347003,-1.028002893885351,-1.058123595089933,-1.046472301226256,-1.074818201387297,-1.032760995215161,-1.057938179069124,-1.007748267695199,-1.027739240260448,-0.9954068368449303,-1.055078182773831,-1.038463342537266,-1.024344535045762,-1.013080435586171,-1.051500804007488,-0.9857390066014848,-0.9270607461324689,-0.8231478798148335,-0.7458570302642166,-0.6595229362945445,NEGATIVE,1.0,0.0,4.0,2026-03-18 06:09:57,Random Forest
Sample_0362,-0.9615846839126923,1.440223096710357,-6.009600714814384,-0.006568535705753864,1.932119245674477,-6.166978510823675,-0.46,0.06,-6.009600714814384,-0.4582914572864322,1.078828475951523,-2.374712265929465,0.372,0.05,-2.176753979124492,0.3658291457286431,1.206064503491945,-3.994542834561331,0.98,0.07,-3.870886876290712,0.9688442211055277,1.091053393197384,-6.009600714814384,-2.172347762437835,-3.870593695379916,-0.1586798960696592,-0.1967952050906323,-0.1978919644940301,-0.05162482901158081,-0.02841636286412219,0.0119095180034957,62.60431715748717,-64.05059126104683,12.53623361131447,2.596937152893305,1.543850890135946,0.5944891228560951,158.264748161403,0.06481410169000762,3.583704601156186,-0.08298135593145409,-0.1337814771576108,-0.09961800766401967,-0.102354879449433,-0.07967209739165731,-0.1235524068184222,-0.1166797475849051,-0.1085306793558477,-0.1022616788278512,-0.115907978847951,-0.1282121263098373,-0.1126694595379472,-0.1431414485359546,-0.1083052489265663,-0.08263491519537206,-0.1051514693382435,-0.0180658523592946,-0.02660745412165114,-0.04577794205278795,-0.1437004195876769,NEGATIVE,0.99,0.01,4.0,2026-03-18 06:24:07,Random Forest
Sample_0074,-1.15156586792421,1.83382011662609,-7.987180149256619,-0.0003311658480724556,2.311392866242539,-8.004411008076874,-0.46,0.06,-7.987180149256619,-0.4582914572864322,1.068090647109069,-1.836461787204623,0.372,0.05,-1.543197326210644,0.3758793969849246,0.9933695493461873,-4.970966213886118,0.98,0.07,-4.512140281247019,0.9788944723618089,0.9933435257326395,-7.987180149256619,-1.543197326210644,-4.512140281247019,-0.1254870021443383,-0.1867921838721553,-0.1978719686738495,-0.2647374524844202,-0.2480230150312633,-0.1683859958765547,82.50953358187175,-81.06136354488818,14.81183900916762,4.358604716878328,1.610232430411012,0.3694375918457399,3773.721716962681,0.0137141899179957,75.71716069513755,-0.1611973978328833,-0.1619487664815229,-0.1274644400088328,-0.1420675792545693,-0.1002239086960554,-0.1083684213462384,-0.0666226836966361,-0.1013451742718038,-0.118290229008589,-0.1366530573706071,-0.0891523949331628,-0.1323794543543932,-0.1099040602249038,-0.0758871725184922,-0.1144790233772791,-0.1323426258910934,-0.1521809729894364,-0.2071705067160595,-0.277612154905451,-0.4399989901001654,NEGATIVE,1.0,0.0,4.0,2026-03-18 06:24:07,Random Forest
Sample_0375,-0.5058508532690569,0.859124940870671,-3.934556875863473,-6.589717231682019e-05,1.013082183536578,-0.06153189997444608,-0.46,0.06,-0.1575770439234788,-0.5185929648241207,0.6592327686204437,-1.71861247304513,0.372,0.05,-1.488829604146626,0.3758793969849246,0.9807810170232841,-4.477384064786138,0.98,0.07,-3.934556875863473,0.9788944723618089,0.9912116140591413,-0.08843213551994666,-1.488829604146626,-3.934556875863473,-0.04021253206227211,-0.1005300505838946,-0.1602817760650442,-0.2495037895265163,-0.3110365046748791,-0.2235474989328986,41.09658046115421,-42.41656979675398,6.257528437805714,0.03580324298788578,0.01374282373012938,0.3838429869266127,0.004193606059825905,0.0097608876638906,16.19855754279148,-0.1449458929889725,-0.146510748165952,-0.1501208557948262,-0.1042557160846662,-0.1325018674944207,-0.1460290480939208,-0.1707299865443002,-0.1644133054754837,-0.1609403646439087,-0.1555595948089859,-0.1207797681563396,-0.1541802485339726,-0.1461809664690232,-0.1127921169934291,-0.1327579316694086,-0.1402734358816822,-0.1303513266858166,-0.1619809250533699,-0.1420325272270398,-0.141473680047552,NEGATIVE,1.0,0.0,4.0,2026-03-18 06:24:07,Random Forest
Sample_0156,-0.9286682272581017,0.6722547754464986,-3.24791175682078,-0.04289311915104609,1.858976349465733,-1.885020501177615,-0.46,0.06,-1.309344985597259,-0.4683417085427136,1.290860602734847,-4.173248214160771,0.372,0.05,-3.24791175682078,0.3758793969849246,1.027958403624504,-4.139932059741341,0.98,0.07,-3.009849746215779,0.9788944723618089,1.001861910826071,-1.270801549523776,-3.24791175682078,-3.009849746215779,-0.7215421820143264,-0.797877761437933,-0.8706765446932654,-0.7911465586720903,-0.8656847164135059,-0.3485812595180084,53.70353970747162,-51.55088456093688,10.19820077507973,0.4516914414008051,0.4553264338582863,1.008047512359783,0.09761591187415117,11.62716813348696,5.644219310349473,-0.4169174202618499,-0.4228460559834906,-0.4440956551815822,-0.442010971021545,-0.4496294042106974,-0.4585427190094808,-0.476559689416909,-0.4707001287488632,-0.4718950533400926,-0.489815882277406,-0.4906008505205321,-0.4864334071917593,-0.5127299630910483,-0.5084883734161255,-0.5237546072744156,-0.5300353338649928,-0.5078191320662115,-0.4661708835440076,-0.4682632181418552,-0.4666773981953288,NEGATIVE,1.0,0.0,4.0,2026-03-18 06:24:07,Random Forest
Sample_0105,-1.419553600819388,1.697563200725689,-8.238680864901532,-0.003381728575153953,2.846631864811041,-8.987356053346147,-0.46,0.06,-8.238680864901532,-0.4582914572864322,1.082954123140306,-5.242252197565781,0.372,0.05,-4.441019970386908,0.3758793969849246,1.039906619132458,-3.67687976114502,0.98,0.07,-2.878138138026259,0.9788944723618089,0.994938163782956,-8.238680864901532,-4.441019970386908,-2.878138138026259,-0.7653476352006566,-0.7679609543032959,-0.7225595175210926,-0.5685419939055916,-0.6508071249743675,-0.06122503988172867,94.10426309581068,-93.23104075377623,17.90648801205695,1.714407417773489,2.444288809310258,1.425733920636362,20587.81394866162,254.1428768882398,1.328343500246859,-0.6096245752973187,-0.6314534192664489,-0.616257362260797,-0.623901444498687,-0.6684465922407702,-0.6535708418199176,-0.655327926260259,-0.6465658011904497,-0.655833651965422,-0.6561165278010974,-0.6516930921404995,-0.6472515404369303,-0.6460343832364178,-0.6289803010340758,-0.6460729691137397,-0.5947968094449281,-0.6082284867337318,-0.4868336631973089,-0.4036493130460682,-0.2812726760751846,NEGATIVE,0.99,0.01,4.0,2026-03-18 06:24:07,Random Forest
Sample_0395,-0.9924515736192202,0.6726394037590312,-3.306090913465369,-0.01122640047535562,1.985789986743484,-2.938862025187089,-0.46,0.06,-2.352296835176997,-0.4582914572864322,1.081765598122408,-3.350682747787754,0.372,0.05,-2.34806284324671,0.3658291457286431,1.271114781080647,-4.535480031523795,0.98,0.07,-3.306090913465369,0.9788944723618089,0.9777870484882415,-2.352296835176997,-2.320719079408401,-3.306090913465369,-0.7076509147900514,-0.820699852589888,-0.9061959106900709,-0.9235059721175561,-0.9825158838035222,-0.4686901199354276,44.82487601566355,-42.08046138945749,10.82502480449864,0.8770934900140681,0.6479715498162414,0.7387713592605142,0.6018756389396566,1.083153880952177,19.42244845908692,-0.4355209229319901,-0.444460865892463,-0.4354238651262167,-0.4575231588141922,-0.4343467775334079,-0.4346999354149152,-0.4319851407805418,-0.4636745862682757,-0.4432285214162685,-0.4840653620645438,-0.494578881665384,-0.4531701311815511,-0.4868374545047838,-0.4742888948685808,-0.4930937288494008,-0.4744937743183,-0.459869521871035,-0.4618732613363535,-0.418191915572059,-0.3885668725286044,NEGATIVE,0.99,0.01,4.0,2026-03-18 06:24:07,Random Forest
Sample_0378,-0.9286980403621474,0.9521651725744975,-4.086767079578483,-0.001915032087054125,1.862075435706403,-0.4498352582203844,-0.46,0.06,-0.6682675357327399,-0.5587939698492463,1.0,-4.127753224178841,0.372,0.05,-3.582154514985719,0.3758793969849246,1.0669944910783,-4.317569358269138,0.98,0.07,-4.086767079578483,0.9788944723618089,1.017758461167693,-0.3197946826203414,-3.582154514985719,-4.086767079578483,-0.6840373894143935,-0.6349301947032563,-0.540501345308961,-0.274839793471074,-0.1706817308987155,0.394069012553007,49.62269696896445,-54.64400279412136,8.895157840668363,0.1089782343540832,0.1041871527457565,0.956036343984433,0.001734818038940762,10.1967714919585,9.831763480989334,-0.8571712321953974,-0.8552717627492157,-0.8674553772094076,-0.858069902870671,-0.8316444046604304,-0.8430818265836663,-0.8515071594756431,-0.826014133516192,-0.8463791683948855,-0.8246334480409692,-0.910048041482943,-0.8655355581029215,-0.8422089709175646,-0.8494248349834792,-0.8631638293905843,-0.8518054741750213,-0.8242206087319794,-0.8125398395744411,-0.8114470998016402,-0.7942194512799974,NEGATIVE,1.0,0.0,4.0,2026-03-18 06:24:07,Random Forest
Sample_0125,-0.9909509973709494,0.8594503592174663,-3.926499212501736,-0.023720957178373,1.985063572668887,-1.734330698254484,-0.46,0.06,-0.8121910316087235,-0.4683417085427136,1.216438690130156,-4.677393200906003,0.372,0.05,-3.926499212501736,0.3758793969849246,1.058525787141804,-4.11425693368628,0.98,0.07,-3.595545850346628,0.9788944723618089,1.015087598499095,-0.796171793013257,-3.926499212501736,-3.595545850346628,-0.8378809287084505,-0.8717821000558778,-0.7770276842214937,-0.4893727774618232,-0.3831601102285009,0.3104700988216365,57.64071111074281,-55.91682369651209,10.52598083284677,0.3707900156691011,0.4215416601851755,1.136874355757643,0.07525922535769528,49.8006014230187,5.209146019352117,-0.986844092457206,-0.9492254708688063,-0.9430498554845419,-0.9889340921521602,-0.9619167982424282,-0.9716970308005229,-0.9647638170377436,-0.9487146219322667,-0.9471509626474138,-0.9321350460746414,-0.956857603116887,-0.9490373261261977,-0.9508659455085124,-0.9026622893105891,-0.9483186070670565,-0.9186006574712916,-0.8829153468315153,-0.8805686439871194,-0.8790438825925483,-0.8518040005182426,NEGATIVE,1.0,0.0,4.0,2026-03-18 06:24:07,Random Forest
Sample_0069,-0.8557354285384232,0.6958785700985236,-3.265350702008923,-0.02017632804028725,1.713970130435624,-0.09741111295739646,-0.46,0.06,-0.7201064178712773,-0.5487437185929649,0.8940272826257019,-3.881546529151049,0.372,0.05,-3.265350702008923,0.3658291457286431,1.265214942543446,-3.567627595923764,0.98,0.07,-3.062084820538671,0.9788944723618089,0.9968111989474177,-0.5905718487592347,-3.222077441969738,-3.062084820538671,-0.6763177965464426,-0.6442072001020188,-0.6851913688394683,-0.4374656280567343,-0.4129536180238693,0.07398670410012784,47.02918712427157,-48.08374956395821,7.546585238032209,0.02509595395181356,0.02730417072361888,1.087990947705965,0.004461527691935567,5.011099128209816,0.9442160206383463,-0.6810444334401778,-0.7003325267649567,-0.6639646448961509,-0.6988299457249674,-0.7346083521012181,-0.6901379840351747,-0.6942954629003149,-0.7185856482684755,-0.7013760419771563,-0.7251576010206183,-0.7102156452190146,-0.7259486968496591,-0.670167748385082,-0.698643991183681,-0.6735593097151937,-0.6954439447999138,-0.7172915048962283,-0.7073412839683544,-0.7011050845693563,-0.7444448096897631,NEGATIVE,0.98,0.02,4.0,2026-03-18 06:24:07,Random Forest
Sample_0451,-1.255396680755549,1.260122451323914,-6.684816711232635,-0.004570412991751593,2.514394169394643,-7.595518530384489,-0.46,0.06,-6.684816711232635,-0.4582914572864322,1.092249108390905,-3.937050775894913,0.372,0.05,-3.072707647668182,0.3658291457286431,1.297011900099185,-2.934223917939822,0.98,0.07,-2.129057309186,0.9788944723618089,1.012532460852371,-6.684816711232635,-3.055977371310325,-2.129057309186,-0.8847791402614067,-0.867134752789797,-0.87957688978299,-0.6773905453634818,-0.7308072952943138,0.06625116359329997,77.1827726657522,-81.18141199330722,14.46679322421922,1.929240683632785,2.5885953978991,1.34176902854067,1863.175526317896,5.881487628559332,0.1305077349595946,-0.9633674599362932,-1.020613027213236,-0.9880346523983428,-0.9952753548182944,-1.00436884875997,-0.9706618946132816,-0.9787443661765444,-0.9784322129525996,-0.960213763692964,-0.9556775689302519,-0.9702232530788393,-0.9554175832190325,-0.9763132827989363,-0.9316340008455917,-0.9135072178322154,-0.9106223853675528,-0.8607223663020885,-0.8081976052896875,-0.7075763906667865,-0.6121578918921247,NEGATIVE,0.97,0.03,4.0,2026-03-18 06:24:07,Random Forest
Sample_0010,-1.210414422171368,1.576189046653897,-6.302890634534092,-0.001903337069675853,2.428614465525691,-6.85835719384628,-0.46,0.06,-6.302890634534092,-0.4582914572864322,1.097503928930186,-4.142206579385373,0.372,0.05,-4.043749591277206,0.3658291457286431,1.210830708536117,-4.251399653378957,0.98,0.07,-4.342644637346752,0.9788944723618089,1.010234615686601,-6.302890634534092,-4.026459890143674,-4.342644637346752,-0.3641498229839478,-0.2703764058498843,-0.1479020657077144,-0.1683611971655731,-0.2169477086123175,0.2577223183730919,71.34890373554377,-67.60269171314063,15.25196342661061,1.65572553237167,1.613199829001102,0.9743159705282474,521.9862533046434,10.63101328546565,7.995560597605544,-0.6934674328404291,-0.6862744248448827,-0.6710498800518361,-0.6715514126159394,-0.6758819351836618,-0.6576746408417513,-0.6532072343614765,-0.6559133508961034,-0.6811468549148572,-0.6661639126542301,-0.6454820548575406,-0.6076306866322699,-0.6309924663504232,-0.644356618685578,-0.6166635327746186,-0.6124573693547184,-0.5998059527174214,-0.5273830105088182,-0.4173506981305452,-0.2951025131952593,NEGATIVE,1.0,0.0,4.0,2026-03-18 06:24:07,Random Forest
Sample_0195,-0.5619537913547261,0.8304416812510526,-3.090911607455083,-0.003349388621924396,1.128322750261698,-2.919932573678616,-0.46,0.06,-2.762410331546842,-0.4582914572864322,1.087260151101825,-0.9895137868333999,0.372,0.05,-0.8785342121296404,0.385929648241206,0.8798009235148928,-3.11062600246968,0.98,0.07,-3.090911607455083,0.9788944723618089,1.006526442236788,-2.762410331546842,-0.8441451071561735,-3.090911607455083,-0.1785273141825506,-0.1040443637165852,-0.0833605499987236,-0.01842427397288451,-0.06073596720669172,0.1081079570345064,33.12925034715088,-33.56606602617714,7.020072362981695,2.950876089380079,0.9386961246258267,0.3181076047225787,0.5825279553592048,0.001190780771355515,0.2264580647771711,-0.2307525769407964,-0.2248967091953357,-0.2360675073110904,-0.2073084863951142,-0.2105587920714035,-0.2151804140165975,-0.2023215167835328,-0.2154553276738328,-0.2215129882347518,-0.1577585985184965,-0.1939651387748457,-0.2315168484309528,-0.2165224252125403,-0.1670535172813945,-0.1748293100521746,-0.1798875070958585,-0.1427536763527036,-0.1493469573194964,-0.1143661309073331,-0.07312364909447346,NEGATIVE,0.99,0.01,4.0,2026-03-18 06:24:07,Random Forest
Sample_0407,-1.012509667235223,1.300540510854851,-5.504179561842704,-0.0128917067018151,2.03114584403332,-3.455366959057871,-0.46,0.06,-3.427762974280213,-0.4582914572864322,1.066254842011131,-5.903163111186529,0.372,0.05,-5.504179561842704,0.3758793969849246,1.024629473050898,-4.354893251450432,0.98,0.07,-3.689764237767265,0.9788944723618089,0.9919856488989971,-3.427762974280213,-5.504179561842704,-3.689764237767265,-0.1796908441314742,-0.2293000810726606,-0.330675298551906,-0.1716905434617412,-0.453444809264701,-0.2857882240760489,73.05725567212107,-72.08577326543356,13.71342332169483,0.5853416031330609,0.7934446976184856,1.35552418172832,1.467884461969388,1711.1461589731,11.04776493977563,-0.1171337416532222,-0.07658803232970693,-0.04800426219869299,-0.09458229758354855,-0.09252942119790225,-0.0861517896628571,-0.06855309967663092,-0.1065159466664752,-0.07045577544432714,-0.07254404403465992,-0.09398518777668784,-0.06116858315249105,-0.03117940641282081,-0.04042307255996458,-0.01591952813443168,-0.04920023316343212,-0.06981244025002463,-0.1052733361928887,-0.1028121940842056,-0.1498322976378593,NEGATIVE,0.98,0.02,4.0,2026-03-18 06:24:07,Random Forest
Sample_0085,-1.099331061675031,1.380792904010729,-5.712090789283912,-0.01860866704394078,2.204504855802754,-2.620609980956429,-0.46,0.06,-1.969041669756074,-0.4582914572864322,1.168727252102114,-6.000074076794768,0.372,0.05,-5.712090789283912,0.3758793969849246,1.057457784848683,-4.655324093370336,0.98,0.07,-4.762823719288886,0.9788944723618089,1.025048963398057,-1.969041669756074,-5.712090789283912,-4.762823719288886,-0.5696515397712203,-0.4132375311879489,-0.2751490457221099,-0.1404879156067773,-0.1651082098505454,0.2127407982860948,74.47935104975109,-72.15189362229613,13.27600815112153,0.4367629378263203,0.5629275058826624,1.288862806638854,0.3474857642788026,2263.233795439577,28.24324835656238,-0.7307199809183178,-0.7043564894945865,-0.7457359567502884,-0.7345818288948842,-0.7225806577929895,-0.715447940840058,-0.691008580096701,-0.7305348874821458,-0.7333236474130667,-0.6961926834514204,-0.6917247116743535,-0.6535877811036439,-0.6686690273973905,-0.6458647292894437,-0.6435275233677848,-0.6479516725941763,-0.6370039090090892,-0.6261428092122683,-0.6279982917872632,-0.521426162714552,NEGATIVE,1.0,0.0,4.0,2026-03-18 06:24:07,Random Forest
Sample_0372,-0.6766884118881805,0.5504599238942506,-2.924284796298837,-0.002300365779632663,1.353252692263426,-0.5037300330397794,-0.46,0.06,-0.3131678140727981,-0.3678391959798996,2.951793798434607,-1.892446303664222,0.372,0.05,-1.122132015913725,0.3758793969849246,1.019968090656843,-3.966418371380345,0.98,0.07,-2.924284796298837,0.9889447236180904,0.8718104202968278,-0.1129346972504496,-1.122132015913725,-2.922203065623489,-0.5598386748175734,-0.5922523230612686,-0.6823759656347049,-0.6990760242291064,-0.7780653072553411,-0.4135037171418915,40.55523777929169,-36.62314914557353,6.362594708084346,0.2661793003396922,0.1269987141735826,0.4771171688088052,0.001580713086230344,0.01611855832497824,3.282248566116711,-0.2755357802833177,-0.3171670398556209,-0.2884821391127475,-0.3132316901098642,-0.2964756017012178,-0.3616646976572128,-0.3440061573636948,-0.3279450578805262,-0.3195444294828458,-0.3498772514586444,-0.3573310329399553,-0.3193943136735455,-0.3388422709378421,-0.3515278552304097,-0.3422966829949699,-0.3630143573246654,-0.3928605274081707,-0.3463632808318242,-0.3566412960684028,-0.3110456534867615,NEGATIVE,1.0,0.0,4.0,2026-03-18 06:24:07,Random Forest
Sample_0389,-1.350727857418114,1.61440728656575,-6.65617874245784,-0.01758678834149171,2.710410205259315,-7.312367273118122,-0.46,0.06,-6.65617874245784,-0.4582914572864322,1.097851180207805,-5.089552741051218,0.372,0.05,-4.735943489188745,0.3758793969849246,1.067142549921863,-4.516119916004858,0.98,0.07,-4.43473938281185,0.9788944723618089,1.003093724106799,-6.65617874245784,-4.735943489188745,-4.43473938281185,-0.5680899064531796,-0.5978061923519719,-0.4679068573089568,-0.07741559917327333,-0.01758678834149171,0.3959371851323042,72.51429508144017,-75.41851583527857,16.9180399301742,1.436740642087893,1.619170307503025,1.126974667571193,1142.869010133384,163.5781301193966,18.28248240722142,-0.8556932454533238,-0.8568356773613021,-0.8279782317584811,-0.8124081382386719,-0.8253364945666409,-0.800074718715957,-0.8019194799068331,-0.7785675723472327,-0.8301607241646399,-0.8370371681588674,-0.7755909355010251,-0.7734139414286663,-0.7795666251900123,-0.7920074274310872,-0.7155701552445423,-0.7136821139615154,-0.7079096927537551,-0.6163917006886085,-0.575557757341823,-0.4458973246865048,NEGATIVE,0.99,0.01,4.0,2026-03-18 06:24:07,Random Forest
Sample_0496,-0.8731416702739905,0.9486653682154443,-3.708505135370327,-0.007322480923949645,1.75088997474496,-3.072781621100918,-0.46,0.06,-2.665792443510928,-0.4582914572864322,1.108264271259329,-3.726673640409346,0.372,0.05,-3.315695530897306,0.3758793969849246,1.047576105879924,-4.099321444250798,0.98,0.07,-3.708505135370327,0.9788944723618089,1.000643709832503,-2.665792443510928,-3.315695530897306,-3.708505135370327,-0.4110133100871691,-0.4151586287740163,-0.3912861277206535,-0.2721563340203613,-0.2719794284028421,0.07308793008930288,45.20538594004901,-46.24429921710473,10.89877670576106,0.8245373535750226,0.7495829890116136,0.9090952468818757,0.7583964085413056,3.205211499722422,4.971658404080524,-0.4878694977639083,-0.468126898165745,-0.4473781829988113,-0.4845419809309415,-0.4550512621978919,-0.5136365081779851,-0.4539670788641995,-0.47374044469626,-0.4715469056064924,-0.479515118180338,-0.5169329535371057,-0.4636356705817992,-0.4575723094947347,-0.4640026009484877,-0.4754023632154582,-0.4479777742077926,-0.4577066482477581,-0.4597871721232226,-0.3784211845781176,-0.3572351396644225,NEGATIVE,1.0,0.0,4.0,2026-03-18 06:24:07,Random Forest
Sample_0031,-0.9460536728948867,1.035071918611418,-5.215544652802518,-0.006100311062516944,1.895387301443706,-5.785525303099033,-0.46,0.06,-5.215544652802518,-0.4582914572864322,1.094164796060345,-2.287414030094038,0.372,0.05,-1.701643043801512,0.3758793969849246,1.070736406599206,-3.156145245635098,0.98,0.07,-2.568107593427412,0.9889447236180904,0.9200942608772432,-5.215544652802518,-1.701643043801512,-2.556924075551679,-0.5802212451158945,-0.5391668791219603,-0.5639469555932753,-0.4169507550461493,-0.4613867184327347,0.04786625057556113,58.95954318233421,-60.30511429503164,11.22908457882817,2.529286446171349,1.833098559421601,0.7247492913253906,81.92892542108204,0.05038174676490613,0.2610662148759867,-0.6675643359041016,-0.6589506942461136,-0.6749719929085644,-0.6469095369234596,-0.6573198885129281,-0.6134595855306384,-0.6341186187524532,-0.6412288607945164,-0.662323071094462,-0.6229182809080032,-0.6094053918576603,-0.6358849366745616,-0.6265796969559122,-0.5880733258087236,-0.5720110189889446,-0.5735341072584084,-0.5566281261280904,-0.5418566109313049,-0.4360578195874744,-0.3641682708162344,NEGATIVE,1.0,0.0,4.0,2026-03-18 06:24:07,Random Forest
Sample_0317,-0.9363578484330304,0.8392061115706375,-3.507504168660329,-0.01530694005383053,1.87668964839558,-3.666152466395971,-0.46,0.06,-2.842385554472654,-0.4683417085427136,1.334838995490549,-4.049965225121511,0.372,0.05,-3.507504168660329,0.3658291457286431,1.274423931052867,-3.245721657008781,0.98,0.07,-2.94836847935448,0.9788944723618089,1.023702310668037,-2.808050008680389,-3.491555096950527,-2.94836847935448,-0.6793026315700484,-0.6581082170096482,-0.5414292232014586,-0.2711966810670478,-0.2773065383457782,0.3609337819565663,49.64049982750998,-47.60143596911053,10.96183934852626,0.9052306038716604,1.12953384603369,1.247785747855505,2.112039317891595,8.146742535894445,0.3453763652504008,-0.9018834532024423,-0.9369863958426243,-0.9011222782855535,-0.8962668974311887,-0.8480877215065409,-0.8820495680848666,-0.9132429327605243,-0.9054159052063542,-0.8817831015065585,-0.912040779730236,-0.8513862367370769,-0.8834044843120219,-0.8572904092455502,-0.8779695637475746,-0.8238473286882128,-0.8267071643161799,-0.7418874746709554,-0.7554737012514384,-0.7062533939271975,-0.6532768744312587,NEGATIVE,0.94,0.06,4.0,2026-03-18 06:24:07,Random Forest
Sample_0409,-1.447305589434731,1.553725566846428,-7.912739470330787,-0.002398826877628185,2.900501599507258,-8.964043095953265,-0.46,0.06,-7.912739470330787,-0.4582914572864322,1.094600891830343,-3.677845642715337,0.372,0.05,-2.785981690631936,0.3758793969849246,1.045212640462302,-4.343544002986962,0.98,0.07,-3.617181588422093,0.9788944723618089,1.005394296838604,-7.912739470330787,-2.785981690631936,-3.617181588422093,-0.9579952098038931,-0.9692640499148163,-0.8935625206849955,-0.7424754483459788,-0.604699378039143,0.1930975433729096,89.9275660474552,-97.1494354649513,16.98543274165556,2.437308132740218,2.063762469031944,0.8467384329907011,19775.80881511045,2.783996758063306,10.66289600736796,-1.054306279347003,-1.028002893885351,-1.058123595089933,-1.046472301226256,-1.074818201387297,-1.032760995215161,-1.057938179069124,-1.007748267695199,-1.027739240260448,-0.9954068368449303,-1.055078182773831,-1.038463342537266,-1.024344535045762,-1.013080435586171,-1.051500804007488,-0.9857390066014848,-0.9270607461324689,-0.8231478798148335,-0.7458570302642166,-0.6595229362945445,NEGATIVE,1.0,0.0,4.0,2026-03-18 06:24:07,Random Forest
Sample_0362,-0.9615846839126923,1.440223096710357,-6.009600714814384,-0.006568535705753864,1.932119245674477,-6.166978510823675,-0.46,0.06,-6.009600714814384,-0.4582914572864322,1.078828475951523,-2.374712265929465,0.372,0.05,-2.176753979124492,0.3658291457286431,1.206064503491945,-3.994542834561331,0.98,0.07,-3.870886876290712,0.9688442211055277,1.091053393197384,-6.009600714814384,-2.172347762437835,-3.870593695379916,-0.1586798960696592,-0.1967952050906323,-0.1978919644940301,-0.05162482901158081,-0.02841636286412219,0.0119095180034957,62.60431715748717,-64.05059126104683,12.53623361131447,2.596937152893305,1.543850890135946,0.5944891228560951,158.264748161403,0.06481410169000762,3.583704601156186,-0.08298135593145409,-0.1337814771576108,-0.09961800766401967,-0.102354879449433,-0.07967209739165731,-0.1235524068184222,-0.1166797475849051,-0.1085306793558477,-0.1022616788278512,-0.115907978847951,-0.1282121263098373,-0.1126694595379472,-0.1431414485359546,-0.1083052489265663,-0.08263491519537206,-0.1051514693382435,-0.0180658523592946,-0.02660745412165114,-0.04577794205278795,-0.1437004195876769,NEGATIVE,0.99,0.01,4.0,2026-03-18 06:33:31,Random Forest
Sample_0074,-1.15156586792421,1.83382011662609,-7.987180149256619,-0.0003311658480724556,2.311392866242539,-8.004411008076874,-0.46,0.06,-7.987180149256619,-0.4582914572864322,1.068090647109069,-1.836461787204623,0.372,0.05,-1.543197326210644,0.3758793969849246,0.9933695493461873,-4.970966213886118,0.98,0.07,-4.512140281247019,0.9788944723618089,0.9933435257326395,-7.987180149256619,-1.543197326210644,-4.512140281247019,-0.1254870021443383,-0.1867921838721553,-0.1978719686738495,-0.2647374524844202,-0.2480230150312633,-0.1683859958765547,82.50953358187175,-81.06136354488818,14.81183900916762,4.358604716878328,1.610232430411012,0.3694375918457399,3773.721716962681,0.0137141899179957,75.71716069513755,-0.1611973978328833,-0.1619487664815229,-0.1274644400088328,-0.1420675792545693,-0.1002239086960554,-0.1083684213462384,-0.0666226836966361,-0.1013451742718038,-0.118290229008589,-0.1366530573706071,-0.0891523949331628,-0.1323794543543932,-0.1099040602249038,-0.0758871725184922,-0.1144790233772791,-0.1323426258910934,-0.1521809729894364,-0.2071705067160595,-0.277612154905451,-0.4399989901001654,NEGATIVE,1.0,0.0,4.0,2026-03-18 06:33:31,Random Forest
Sample_0375,-0.5058508532690569,0.859124940870671,-3.934556875863473,-6.589717231682019e-05,1.013082183536578,-0.06153189997444608,-0.46,0.06,-0.1575770439234788,-0.5185929648241207,0.6592327686204437,-1.71861247304513,0.372,0.05,-1.488829604146626,0.3758793969849246,0.9807810170232841,-4.477384064786138,0.98,0.07,-3.934556875863473,0.9788944723618089,0.9912116140591413,-0.08843213551994666,-1.488829604146626,-3.934556875863473,-0.04021253206227211,-0.1005300505838946,-0.1602817760650442,-0.2495037895265163,-0.3110365046748791,-0.2235474989328986,41.09658046115421,-42.41656979675398,6.257528437805714,0.03580324298788578,0.01374282373012938,0.3838429869266127,0.004193606059825905,0.0097608876638906,16.19855754279148,-0.1449458929889725,-0.146510748165952,-0.1501208557948262,-0.1042557160846662,-0.1325018674944207,-0.1460290480939208,-0.1707299865443002,-0.1644133054754837,-0.1609403646439087,-0.1555595948089859,-0.1207797681563396,-0.1541802485339726,-0.1461809664690232,-0.1127921169934291,-0.1327579316694086,-0.1402734358816822,-0.1303513266858166,-0.1619809250533699,-0.1420325272270398,-0.141473680047552,NEGATIVE,1.0,0.0,4.0,2026-03-18 06:33:31,Random Forest
Sample_0156,-0.9286682272581017,0.6722547754464986,-3.24791175682078,-0.04289311915104609,1.858976349465733,-1.885020501177615,-0.46,0.06,-1.309344985597259,-0.4683417085427136,1.290860602734847,-4.173248214160771,0.372,0.05,-3.24791175682078,0.3758793969849246,1.027958403624504,-4.139932059741341,0.98,0.07,-3.009849746215779,0.9788944723618089,1.001861910826071,-1.270801549523776,-3.24791175682078,-3.009849746215779,-0.7215421820143264,-0.797877761437933,-0.8706765446932654,-0.7911465586720903,-0.8656847164135059,-0.3485812595180084,53.70353970747162,-51.55088456093688,10.19820077507973,0.4516914414008051,0.4553264338582863,1.008047512359783,0.09761591187415117,11.62716813348696,5.644219310349473,-0.4169174202618499,-0.4228460559834906,-0.4440956551815822,-0.442010971021545,-0.4496294042106974,-0.4585427190094808,-0.476559689416909,-0.4707001287488632,-0.4718950533400926,-0.489815882277406,-0.4906008505205321,-0.4864334071917593,-0.5127299630910483,-0.5084883734161255,-0.5237546072744156,-0.5300353338649928,-0.5078191320662115,-0.4661708835440076,-0.4682632181418552,-0.4666773981953288,NEGATIVE,1.0,0.0,4.0,2026-03-18 06:33:31,Random Forest
Sample_0105,-1.419553600819388,1.697563200725689,-8.238680864901532,-0.003381728575153953,2.846631864811041,-8.987356053346147,-0.46,0.06,-8.238680864901532,-0.4582914572864322,1.082954123140306,-5.242252197565781,0.372,0.05,-4.441019970386908,0.3758793969849246,1.039906619132458,-3.67687976114502,0.98,0.07,-2.878138138026259,0.9788944723618089,0.994938163782956,-8.238680864901532,-4.441019970386908,-2.878138138026259,-0.7653476352006566,-0.7679609543032959,-0.7225595175210926,-0.5685419939055916,-0.6508071249743675,-0.06122503988172867,94.10426309581068,-93.23104075377623,17.90648801205695,1.714407417773489,2.444288809310258,1.425733920636362,20587.81394866162,254.1428768882398,1.328343500246859,-0.6096245752973187,-0.6314534192664489,-0.616257362260797,-0.623901444498687,-0.6684465922407702,-0.6535708418199176,-0.655327926260259,-0.6465658011904497,-0.655833651965422,-0.6561165278010974,-0.6516930921404995,-0.6472515404369303,-0.6460343832364178,-0.6289803010340758,-0.6460729691137397,-0.5947968094449281,-0.6082284867337318,-0.4868336631973089,-0.4036493130460682,-0.2812726760751846,NEGATIVE,0.99,0.01,4.0,2026-03-18 06:33:31,Random Forest
Sample_0395,-0.9924515736192202,0.6726394037590312,-3.306090913465369,-0.01122640047535562,1.985789986743484,-2.938862025187089,-0.46,0.06,-2.352296835176997,-0.4582914572864322,1.081765598122408,-3.350682747787754,0.372,0.05,-2.34806284324671,0.3658291457286431,1.271114781080647,-4.535480031523795,0.98,0.07,-3.306090913465369,0.9788944723618089,0.9777870484882415,-2.352296835176997,-2.320719079408401,-3.306090913465369,-0.7076509147900514,-0.820699852589888,-0.9061959106900709,-0.9235059721175561,-0.9825158838035222,-0.4686901199354276,44.82487601566355,-42.08046138945749,10.82502480449864,0.8770934900140681,0.6479715498162414,0.7387713592605142,0.6018756389396566,1.083153880952177,19.42244845908692,-0.4355209229319901,-0.444460865892463,-0.4354238651262167,-0.4575231588141922,-0.4343467775334079,-0.4346999354149152,-0.4319851407805418,-0.4636745862682757,-0.4432285214162685,-0.4840653620645438,-0.494578881665384,-0.4531701311815511,-0.4868374545047838,-0.4742888948685808,-0.4930937288494008,-0.4744937743183,-0.459869521871035,-0.4618732613363535,-0.418191915572059,-0.3885668725286044,NEGATIVE,0.99,0.01,4.0,2026-03-18 06:33:31,Random Forest
Sample_0378,-0.9286980403621474,0.9521651725744975,-4.086767079578483,-0.001915032087054125,1.862075435706403,-0.4498352582203844,-0.46,0.06,-0.6682675357327399,-0.5587939698492463,1.0,-4.127753224178841,0.372,0.05,-3.582154514985719,0.3758793969849246,1.0669944910783,-4.317569358269138,0.98,0.07,-4.086767079578483,0.9788944723618089,1.017758461167693,-0.3197946826203414,-3.582154514985719,-4.086767079578483,-0.6840373894143935,-0.6349301947032563,-0.540501345308961,-0.274839793471074,-0.1706817308987155,0.394069012553007,49.62269696896445,-54.64400279412136,8.895157840668363,0.1089782343540832,0.1041871527457565,0.956036343984433,0.001734818038940762,10.1967714919585,9.831763480989334,-0.8571712321953974,-0.8552717627492157,-0.8674553772094076,-0.858069902870671,-0.8316444046604304,-0.8430818265836663,-0.8515071594756431,-0.826014133516192,-0.8463791683948855,-0.8246334480409692,-0.910048041482943,-0.8655355581029215,-0.8422089709175646,-0.8494248349834792,-0.8631638293905843,-0.8518054741750213,-0.8242206087319794,-0.8125398395744411,-0.8114470998016402,-0.7942194512799974,NEGATIVE,1.0,0.0,4.0,2026-03-18 06:33:31,Random Forest
Sample_0125,-0.9909509973709494,0.8594503592174663,-3.926499212501736,-0.023720957178373,1.985063572668887,-1.734330698254484,-0.46,0.06,-0.8121910316087235,-0.4683417085427136,1.216438690130156,-4.677393200906003,0.372,0.05,-3.926499212501736,0.3758793969849246,1.058525787141804,-4.11425693368628,0.98,0.07,-3.595545850346628,0.9788944723618089,1.015087598499095,-0.796171793013257,-3.926499212501736,-3.595545850346628,-0.8378809287084505,-0.8717821000558778,-0.7770276842214937,-0.4893727774618232,-0.3831601102285009,0.3104700988216365,57.64071111074281,-55.91682369651209,10.52598083284677,0.3707900156691011,0.4215416601851755,1.136874355757643,0.07525922535769528,49.8006014230187,5.209146019352117,-0.986844092457206,-0.9492254708688063,-0.9430498554845419,-0.9889340921521602,-0.9619167982424282,-0.9716970308005229,-0.9647638170377436,-0.9487146219322667,-0.9471509626474138,-0.9321350460746414,-0.956857603116887,-0.9490373261261977,-0.9508659455085124,-0.9026622893105891,-0.9483186070670565,-0.9186006574712916,-0.8829153468315153,-0.8805686439871194,-0.8790438825925483,-0.8518040005182426,NEGATIVE,1.0,0.0,4.0,2026-03-18 06:33:31,Random Forest
Sample_0069,-0.8557354285384232,0.6958785700985236,-3.265350702008923,-0.02017632804028725,1.713970130435624,-0.09741111295739646,-0.46,0.06,-0.7201064178712773,-0.5487437185929649,0.8940272826257019,-3.881546529151049,0.372,0.05,-3.265350702008923,0.3658291457286431,1.265214942543446,-3.567627595923764,0.98,0.07,-3.062084820538671,0.9788944723618089,0.9968111989474177,-0.5905718487592347,-3.222077441969738,-3.062084820538671,-0.6763177965464426,-0.6442072001020188,-0.6851913688394683,-0.4374656280567343,-0.4129536180238693,0.07398670410012784,47.02918712427157,-48.08374956395821,7.546585238032209,0.02509595395181356,0.02730417072361888,1.087990947705965,0.004461527691935567,5.011099128209816,0.9442160206383463,-0.6810444334401778,-0.7003325267649567,-0.6639646448961509,-0.6988299457249674,-0.7346083521012181,-0.6901379840351747,-0.6942954629003149,-0.7185856482684755,-0.7013760419771563,-0.7251576010206183,-0.7102156452190146,-0.7259486968496591,-0.670167748385082,-0.698643991183681,-0.6735593097151937,-0.6954439447999138,-0.7172915048962283,-0.7073412839683544,-0.7011050845693563,-0.7444448096897631,NEGATIVE,0.98,0.02,4.0,2026-03-18 06:33:31,Random Forest
Sample_0451,-1.255396680755549,1.260122451323914,-6.684816711232635,-0.004570412991751593,2.514394169394643,-7.595518530384489,-0.46,0.06,-6.684816711232635,-0.4582914572864322,1.092249108390905,-3.937050775894913,0.372,0.05,-3.072707647668182,0.3658291457286431,1.297011900099185,-2.934223917939822,0.98,0.07,-2.129057309186,0.9788944723618089,1.012532460852371,-6.684816711232635,-3.055977371310325,-2.129057309186,-0.8847791402614067,-0.867134752789797,-0.87957688978299,-0.6773905453634818,-0.7308072952943138,0.06625116359329997,77.1827726657522,-81.18141199330722,14.46679322421922,1.929240683632785,2.5885953978991,1.34176902854067,1863.175526317896,5.881487628559332,0.1305077349595946,-0.9633674599362932,-1.020613027213236,-0.9880346523983428,-0.9952753548182944,-1.00436884875997,-0.9706618946132816,-0.9787443661765444,-0.9784322129525996,-0.960213763692964,-0.9556775689302519,-0.9702232530788393,-0.9554175832190325,-0.9763132827989363,-0.9316340008455917,-0.9135072178322154,-0.9106223853675528,-0.8607223663020885,-0.8081976052896875,-0.7075763906667865,-0.6121578918921247,NEGATIVE,0.97,0.03,4.0,2026-03-18 06:33:31,Random Forest
Sample_0010,-1.210414422171368,1.576189046653897,-6.302890634534092,-0.001903337069675853,2.428614465525691,-6.85835719384628,-0.46,0.06,-6.302890634534092,-0.4582914572864322,1.097503928930186,-4.142206579385373,0.372,0.05,-4.043749591277206,0.3658291457286431,1.210830708536117,-4.251399653378957,0.98,0.07,-4.342644637346752,0.9788944723618089,1.010234615686601,-6.302890634534092,-4.026459890143674,-4.342644637346752,-0.3641498229839478,-0.2703764058498843,-0.1479020657077144,-0.1683611971655731,-0.2169477086123175,0.2577223183730919,71.34890373554377,-67.60269171314063,15.25196342661061,1.65572553237167,1.613199829001102,0.9743159705282474,521.9862533046434,10.63101328546565,7.995560597605544,-0.6934674328404291,-0.6862744248448827,-0.6710498800518361,-0.6715514126159394,-0.6758819351836618,-0.6576746408417513,-0.6532072343614765,-0.6559133508961034,-0.6811468549148572,-0.6661639126542301,-0.6454820548575406,-0.6076306866322699,-0.6309924663504232,-0.644356618685578,-0.6166635327746186,-0.6124573693547184,-0.5998059527174214,-0.5273830105088182,-0.4173506981305452,-0.2951025131952593,NEGATIVE,1.0,0.0,4.0,2026-03-18 06:33:31,Random Forest
Sample_0195,-0.5619537913547261,0.8304416812510526,-3.090911607455083,-0.003349388621924396,1.128322750261698,-2.919932573678616,-0.46,0.06,-2.762410331546842,-0.4582914572864322,1.087260151101825,-0.9895137868333999,0.372,0.05,-0.8785342121296404,0.385929648241206,0.8798009235148928,-3.11062600246968,0.98,0.07,-3.090911607455083,0.9788944723618089,1.006526442236788,-2.762410331546842,-0.8441451071561735,-3.090911607455083,-0.1785273141825506,-0.1040443637165852,-0.0833605499987236,-0.01842427397288451,-0.06073596720669172,0.1081079570345064,33.12925034715088,-33.56606602617714,7.020072362981695,2.950876089380079,0.9386961246258267,0.3181076047225787,0.5825279553592048,0.001190780771355515,0.2264580647771711,-0.2307525769407964,-0.2248967091953357,-0.2360675073110904,-0.2073084863951142,-0.2105587920714035,-0.2151804140165975,-0.2023215167835328,-0.2154553276738328,-0.2215129882347518,-0.1577585985184965,-0.1939651387748457,-0.2315168484309528,-0.2165224252125403,-0.1670535172813945,-0.1748293100521746,-0.1798875070958585,-0.1427536763527036,-0.1493469573194964,-0.1143661309073331,-0.07312364909447346,NEGATIVE,0.99,0.01,4.0,2026-03-18 06:33:31,Random Forest
Sample_0407,-1.012509667235223,1.300540510854851,-5.504179561842704,-0.0128917067018151,2.03114584403332,-3.455366959057871,-0.46,0.06,-3.427762974280213,-0.4582914572864322,1.066254842011131,-5.903163111186529,0.372,0.05,-5.504179561842704,0.3758793969849246,1.024629473050898,-4.354893251450432,0.98,0.07,-3.689764237767265,0.9788944723618089,0.9919856488989971,-3.427762974280213,-5.504179561842704,-3.689764237767265,-0.1796908441314742,-0.2293000810726606,-0.330675298551906,-0.1716905434617412,-0.453444809264701,-0.2857882240760489,73.05725567212107,-72.08577326543356,13.71342332169483,0.5853416031330609,0.7934446976184856,1.35552418172832,1.467884461969388,1711.1461589731,11.04776493977563,-0.1171337416532222,-0.07658803232970693,-0.04800426219869299,-0.09458229758354855,-0.09252942119790225,-0.0861517896628571,-0.06855309967663092,-0.1065159466664752,-0.07045577544432714,-0.07254404403465992,-0.09398518777668784,-0.06116858315249105,-0.03117940641282081,-0.04042307255996458,-0.01591952813443168,-0.04920023316343212,-0.06981244025002463,-0.1052733361928887,-0.1028121940842056,-0.1498322976378593,NEGATIVE,0.98,0.02,4.0,2026-03-18 06:33:31,Random Forest
Sample_0085,-1.099331061675031,1.380792904010729,-5.712090789283912,-0.01860866704394078,2.204504855802754,-2.620609980956429,-0.46,0.06,-1.969041669756074,-0.4582914572864322,1.168727252102114,-6.000074076794768,0.372,0.05,-5.712090789283912,0.3758793969849246,1.057457784848683,-4.655324093370336,0.98,0.07,-4.762823719288886,0.9788944723618089,1.025048963398057,-1.969041669756074,-5.712090789283912,-4.762823719288886,-0.5696515397712203,-0.4132375311879489,-0.2751490457221099,-0.1404879156067773,-0.1651082098505454,0.2127407982860948,74.47935104975109,-72.15189362229613,13.27600815112153,0.4367629378263203,0.5629275058826624,1.288862806638854,0.3474857642788026,2263.233795439577,28.24324835656238,-0.7307199809183178,-0.7043564894945865,-0.7457359567502884,-0.7345818288948842,-0.7225806577929895,-0.715447940840058,-0.691008580096701,-0.7305348874821458,-0.7333236474130667,-0.6961926834514204,-0.6917247116743535,-0.6535877811036439,-0.6686690273973905,-0.6458647292894437,-0.6435275233677848,-0.6479516725941763,-0.6370039090090892,-0.6261428092122683,-0.6279982917872632,-0.521426162714552,NEGATIVE,1.0,0.0,4.0,2026-03-18 06:33:31,Random Forest
Sample_0372,-0.6766884118881805,0.5504599238942506,-2.924284796298837,-0.002300365779632663,1.353252692263426,-0.5037300330397794,-0.46,0.06,-0.3131678140727981,-0.3678391959798996,2.951793798434607,-1.892446303664222,0.372,0.05,-1.122132015913725,0.3758793969849246,1.019968090656843,-3.966418371380345,0.98,0.07,-2.924284796298837,0.9889447236180904,0.8718104202968278,-0.1129346972504496,-1.122132015913725,-2.922203065623489,-0.5598386748175734,-0.5922523230612686,-0.6823759656347049,-0.6990760242291064,-0.7780653072553411,-0.4135037171418915,40.55523777929169,-36.62314914557353,6.362594708084346,0.2661793003396922,0.1269987141735826,0.4771171688088052,0.001580713086230344,0.01611855832497824,3.282248566116711,-0.2755357802833177,-0.3171670398556209,-0.2884821391127475,-0.3132316901098642,-0.2964756017012178,-0.3616646976572128,-0.3440061573636948,-0.3279450578805262,-0.3195444294828458,-0.3498772514586444,-0.3573310329399553,-0.3193943136735455,-0.3388422709378421,-0.3515278552304097,-0.3422966829949699,-0.3630143573246654,-0.3928605274081707,-0.3463632808318242,-0.3566412960684028,-0.3110456534867615,NEGATIVE,1.0,0.0,4.0,2026-03-18 06:33:31,Random Forest
Sample_0389,-1.350727857418114,1.61440728656575,-6.65617874245784,-0.01758678834149171,2.710410205259315,-7.312367273118122,-0.46,0.06,-6.65617874245784,-0.4582914572864322,1.097851180207805,-5.089552741051218,0.372,0.05,-4.735943489188745,0.3758793969849246,1.067142549921863,-4.516119916004858,0.98,0.07,-4.43473938281185,0.9788944723618089,1.003093724106799,-6.65617874245784,-4.735943489188745,-4.43473938281185,-0.5680899064531796,-0.5978061923519719,-0.4679068573089568,-0.07741559917327333,-0.01758678834149171,0.3959371851323042,72.51429508144017,-75.41851583527857,16.9180399301742,1.436740642087893,1.619170307503025,1.126974667571193,1142.869010133384,163.5781301193966,18.28248240722142,-0.8556932454533238,-0.8568356773613021,-0.8279782317584811,-0.8124081382386719,-0.8253364945666409,-0.800074718715957,-0.8019194799068331,-0.7785675723472327,-0.8301607241646399,-0.8370371681588674,-0.7755909355010251,-0.7734139414286663,-0.7795666251900123,-0.7920074274310872,-0.7155701552445423,-0.7136821139615154,-0.7079096927537551,-0.6163917006886085,-0.575557757341823,-0.4458973246865048,NEGATIVE,0.99,0.01,4.0,2026-03-18 06:33:31,Random Forest
Sample_0496,-0.8731416702739905,0.9486653682154443,-3.708505135370327,-0.007322480923949645,1.75088997474496,-3.072781621100918,-0.46,0.06,-2.665792443510928,-0.4582914572864322,1.108264271259329,-3.726673640409346,0.372,0.05,-3.315695530897306,0.3758793969849246,1.047576105879924,-4.099321444250798,0.98,0.07,-3.708505135370327,0.9788944723618089,1.000643709832503,-2.665792443510928,-3.315695530897306,-3.708505135370327,-0.4110133100871691,-0.4151586287740163,-0.3912861277206535,-0.2721563340203613,-0.2719794284028421,0.07308793008930288,45.20538594004901,-46.24429921710473,10.89877670576106,0.8245373535750226,0.7495829890116136,0.9090952468818757,0.7583964085413056,3.205211499722422,4.971658404080524,-0.4878694977639083,-0.468126898165745,-0.4473781829988113,-0.4845419809309415,-0.4550512621978919,-0.5136365081779851,-0.4539670788641995,-0.47374044469626,-0.4715469056064924,-0.479515118180338,-0.5169329535371057,-0.4636356705817992,-0.4575723094947347,-0.4640026009484877,-0.4754023632154582,-0.4479777742077926,-0.4577066482477581,-0.4597871721232226,-0.3784211845781176,-0.3572351396644225,NEGATIVE,1.0,0.0,4.0,2026-03-18 06:33:31,Random Forest
Sample_0031,-0.9460536728948867,1.035071918611418,-5.215544652802518,-0.006100311062516944,1.895387301443706,-5.785525303099033,-0.46,0.06,-5.215544652802518,-0.4582914572864322,1.094164796060345,-2.287414030094038,0.372,0.05,-1.701643043801512,0.3758793969849246,1.070736406599206,-3.156145245635098,0.98,0.07,-2.568107593427412,0.9889447236180904,0.9200942608772432,-5.215544652802518,-1.701643043801512,-2.556924075551679,-0.5802212451158945,-0.5391668791219603,-0.5639469555932753,-0.4169507550461493,-0.4613867184327347,0.04786625057556113,58.95954318233421,-60.30511429503164,11.22908457882817,2.529286446171349,1.833098559421601,0.7247492913253906,81.92892542108204,0.05038174676490613,0.2610662148759867,-0.6675643359041016,-0.6589506942461136,-0.6749719929085644,-0.6469095369234596,-0.6573198885129281,-0.6134595855306384,-0.6341186187524532,-0.6412288607945164,-0.662323071094462,-0.6229182809080032,-0.6094053918576603,-0.6358849366745616,-0.6265796969559122,-0.5880733258087236,-0.5720110189889446,-0.5735341072584084,-0.5566281261280904,-0.5418566109313049,-0.4360578195874744,-0.3641682708162344,NEGATIVE,1.0,0.0,4.0,2026-03-18 06:33:31,Random Forest
Sample_0317,-0.9363578484330304,0.8392061115706375,-3.507504168660329,-0.01530694005383053,1.87668964839558,-3.666152466395971,-0.46,0.06,-2.842385554472654,-0.4683417085427136,1.334838995490549,-4.049965225121511,0.372,0.05,-3.507504168660329,0.3658291457286431,1.274423931052867,-3.245721657008781,0.98,0.07,-2.94836847935448,0.9788944723618089,1.023702310668037,-2.808050008680389,-3.491555096950527,-2.94836847935448,-0.6793026315700484,-0.6581082170096482,-0.5414292232014586,-0.2711966810670478,-0.2773065383457782,0.3609337819565663,49.64049982750998,-47.60143596911053,10.96183934852626,0.9052306038716604,1.12953384603369,1.247785747855505,2.112039317891595,8.146742535894445,0.3453763652504008,-0.9018834532024423,-0.9369863958426243,-0.9011222782855535,-0.8962668974311887,-0.8480877215065409,-0.8820495680848666,-0.9132429327605243,-0.9054159052063542,-0.8817831015065585,-0.912040779730236,-0.8513862367370769,-0.8834044843120219,-0.8572904092455502,-0.8779695637475746,-0.8238473286882128,-0.8267071643161799,-0.7418874746709554,-0.7554737012514384,-0.7062533939271975,-0.6532768744312587,NEGATIVE,0.94,0.06,4.0,2026-03-18 06:33:31,Random Forest
Sample_0409,-1.447305589434731,1.553725566846428,-7.912739470330787,-0.002398826877628185,2.900501599507258,-8.964043095953265,-0.46,0.06,-7.912739470330787,-0.4582914572864322,1.094600891830343,-3.677845642715337,0.372,0.05,-2.785981690631936,0.3758793969849246,1.045212640462302,-4.343544002986962,0.98,0.07,-3.617181588422093,0.9788944723618089,1.005394296838604,-7.912739470330787,-2.785981690631936,-3.617181588422093,-0.9579952098038931,-0.9692640499148163,-0.8935625206849955,-0.7424754483459788,-0.604699378039143,0.1930975433729096,89.9275660474552,-97.1494354649513,16.98543274165556,2.437308132740218,2.063762469031944,0.8467384329907011,19775.80881511045,2.783996758063306,10.66289600736796,-1.054306279347003,-1.028002893885351,-1.058123595089933,-1.046472301226256,-1.074818201387297,-1.032760995215161,-1.057938179069124,-1.007748267695199,-1.027739240260448,-0.9954068368449303,-1.055078182773831,-1.038463342537266,-1.024344535045762,-1.013080435586171,-1.051500804007488,-0.9857390066014848,-0.9270607461324689,-0.8231478798148335,-0.7458570302642166,-0.6595229362945445,NEGATIVE,1.0,0.0,4.0,2026-03-18 06:33:31,Random Forest
2026-03-18 06:34:07,Random Forest,0,0.01,0.99,4/4 Models,158.2647,0.0648,3.5837
Sample_0362,-0.9615846839126923,1.440223096710357,-6.009600714814384,-0.006568535705753864,1.932119245674477,-6.166978510823675,-0.46,0.06,-6.009600714814384,-0.4582914572864322,1.078828475951523,-2.374712265929465,0.372,0.05,-2.176753979124492,0.3658291457286431,1.206064503491945,-3.994542834561331,0.98,0.07,-3.870886876290712,0.9688442211055277,1.091053393197384,-6.009600714814384,-2.172347762437835,-3.870593695379916,-0.1586798960696592,-0.1967952050906323,-0.1978919644940301,-0.05162482901158081,-0.02841636286412219,0.0119095180034957,62.60431715748717,-64.05059126104683,12.53623361131447,2.596937152893305,1.543850890135946,0.5944891228560951,158.264748161403,0.06481410169000762,3.583704601156186,-0.08298135593145409,-0.1337814771576108,-0.09961800766401967,-0.102354879449433,-0.07967209739165731,-0.1235524068184222,-0.1166797475849051,-0.1085306793558477,-0.1022616788278512,-0.115907978847951,-0.1282121263098373,-0.1126694595379472,-0.1431414485359546,-0.1083052489265663,-0.08263491519537206,-0.1051514693382435,-0.0180658523592946,-0.02660745412165114,-0.04577794205278795,-0.1437004195876769,NEGATIVE,0.99,0.01,4.0,2026-03-18 06:34:09,Random Forest
Sample_0074,-1.15156586792421,1.83382011662609,-7.987180149256619,-0.0003311658480724556,2.311392866242539,-8.004411008076874,-0.46,0.06,-7.987180149256619,-0.4582914572864322,1.068090647109069,-1.836461787204623,0.372,0.05,-1.543197326210644,0.3758793969849246,0.9933695493461873,-4.970966213886118,0.98,0.07,-4.512140281247019,0.9788944723618089,0.9933435257326395,-7.987180149256619,-1.543197326210644,-4.512140281247019,-0.1254870021443383,-0.1867921838721553,-0.1978719686738495,-0.2647374524844202,-0.2480230150312633,-0.1683859958765547,82.50953358187175,-81.06136354488818,14.81183900916762,4.358604716878328,1.610232430411012,0.3694375918457399,3773.721716962681,0.0137141899179957,75.71716069513755,-0.1611973978328833,-0.1619487664815229,-0.1274644400088328,-0.1420675792545693,-0.1002239086960554,-0.1083684213462384,-0.0666226836966361,-0.1013451742718038,-0.118290229008589,-0.1366530573706071,-0.0891523949331628,-0.1323794543543932,-0.1099040602249038,-0.0758871725184922,-0.1144790233772791,-0.1323426258910934,-0.1521809729894364,-0.2071705067160595,-0.277612154905451,-0.4399989901001654,NEGATIVE,1.0,0.0,4.0,2026-03-18 06:34:09,Random Forest
Sample_0375,-0.5058508532690569,0.859124940870671,-3.934556875863473,-6.589717231682019e-05,1.013082183536578,-0.06153189997444608,-0.46,0.06,-0.1575770439234788,-0.5185929648241207,0.6592327686204437,-1.71861247304513,0.372,0.05,-1.488829604146626,0.3758793969849246,0.9807810170232841,-4.477384064786138,0.98,0.07,-3.934556875863473,0.9788944723618089,0.9912116140591413,-0.08843213551994666,-1.488829604146626,-3.934556875863473,-0.04021253206227211,-0.1005300505838946,-0.1602817760650442,-0.2495037895265163,-0.3110365046748791,-0.2235474989328986,41.09658046115421,-42.41656979675398,6.257528437805714,0.03580324298788578,0.01374282373012938,0.3838429869266127,0.004193606059825905,0.0097608876638906,16.19855754279148,-0.1449458929889725,-0.146510748165952,-0.1501208557948262,-0.1042557160846662,-0.1325018674944207,-0.1460290480939208,-0.1707299865443002,-0.1644133054754837,-0.1609403646439087,-0.1555595948089859,-0.1207797681563396,-0.1541802485339726,-0.1461809664690232,-0.1127921169934291,-0.1327579316694086,-0.1402734358816822,-0.1303513266858166,-0.1619809250533699,-0.1420325272270398,-0.141473680047552,NEGATIVE,1.0,0.0,4.0,2026-03-18 06:34:09,Random Forest
Sample_0156,-0.9286682272581017,0.6722547754464986,-3.24791175682078,-0.04289311915104609,1.858976349465733,-1.885020501177615,-0.46,0.06,-1.309344985597259,-0.4683417085427136,1.290860602734847,-4.173248214160771,0.372,0.05,-3.24791175682078,0.3758793969849246,1.027958403624504,-4.139932059741341,0.98,0.07,-3.009849746215779,0.9788944723618089,1.001861910826071,-1.270801549523776,-3.24791175682078,-3.009849746215779,-0.7215421820143264,-0.797877761437933,-0.8706765446932654,-0.7911465586720903,-0.8656847164135059,-0.3485812595180084,53.70353970747162,-51.55088456093688,10.19820077507973,0.4516914414008051,0.4553264338582863,1.008047512359783,0.09761591187415117,11.62716813348696,5.644219310349473,-0.4169174202618499,-0.4228460559834906,-0.4440956551815822,-0.442010971021545,-0.4496294042106974,-0.4585427190094808,-0.476559689416909,-0.4707001287488632,-0.4718950533400926,-0.489815882277406,-0.4906008505205321,-0.4864334071917593,-0.5127299630910483,-0.5084883734161255,-0.5237546072744156,-0.5300353338649928,-0.5078191320662115,-0.4661708835440076,-0.4682632181418552,-0.4666773981953288,NEGATIVE,1.0,0.0,4.0,2026-03-18 06:34:09,Random Forest
Sample_0105,-1.419553600819388,1.697563200725689,-8.238680864901532,-0.003381728575153953,2.846631864811041,-8.987356053346147,-0.46,0.06,-8.238680864901532,-0.4582914572864322,1.082954123140306,-5.242252197565781,0.372,0.05,-4.441019970386908,0.3758793969849246,1.039906619132458,-3.67687976114502,0.98,0.07,-2.878138138026259,0.9788944723618089,0.994938163782956,-8.238680864901532,-4.441019970386908,-2.878138138026259,-0.7653476352006566,-0.7679609543032959,-0.7225595175210926,-0.5685419939055916,-0.6508071249743675,-0.06122503988172867,94.10426309581068,-93.23104075377623,17.90648801205695,1.714407417773489,2.444288809310258,1.425733920636362,20587.81394866162,254.1428768882398,1.328343500246859,-0.6096245752973187,-0.6314534192664489,-0.616257362260797,-0.623901444498687,-0.6684465922407702,-0.6535708418199176,-0.655327926260259,-0.6465658011904497,-0.655833651965422,-0.6561165278010974,-0.6516930921404995,-0.6472515404369303,-0.6460343832364178,-0.6289803010340758,-0.6460729691137397,-0.5947968094449281,-0.6082284867337318,-0.4868336631973089,-0.4036493130460682,-0.2812726760751846,NEGATIVE,0.99,0.01,4.0,2026-03-18 06:34:09,Random Forest
Sample_0395,-0.9924515736192202,0.6726394037590312,-3.306090913465369,-0.01122640047535562,1.985789986743484,-2.938862025187089,-0.46,0.06,-2.352296835176997,-0.4582914572864322,1.081765598122408,-3.350682747787754,0.372,0.05,-2.34806284324671,0.3658291457286431,1.271114781080647,-4.535480031523795,0.98,0.07,-3.306090913465369,0.9788944723618089,0.9777870484882415,-2.352296835176997,-2.320719079408401,-3.306090913465369,-0.7076509147900514,-0.820699852589888,-0.9061959106900709,-0.9235059721175561,-0.9825158838035222,-0.4686901199354276,44.82487601566355,-42.08046138945749,10.82502480449864,0.8770934900140681,0.6479715498162414,0.7387713592605142,0.6018756389396566,1.083153880952177,19.42244845908692,-0.4355209229319901,-0.444460865892463,-0.4354238651262167,-0.4575231588141922,-0.4343467775334079,-0.4346999354149152,-0.4319851407805418,-0.4636745862682757,-0.4432285214162685,-0.4840653620645438,-0.494578881665384,-0.4531701311815511,-0.4868374545047838,-0.4742888948685808,-0.4930937288494008,-0.4744937743183,-0.459869521871035,-0.4618732613363535,-0.418191915572059,-0.3885668725286044,NEGATIVE,0.99,0.01,4.0,2026-03-18 06:34:09,Random Forest
Sample_0378,-0.9286980403621474,0.9521651725744975,-4.086767079578483,-0.001915032087054125,1.862075435706403,-0.4498352582203844,-0.46,0.06,-0.6682675357327399,-0.5587939698492463,1.0,-4.127753224178841,0.372,0.05,-3.582154514985719,0.3758793969849246,1.0669944910783,-4.317569358269138,0.98,0.07,-4.086767079578483,0.9788944723618089,1.017758461167693,-0.3197946826203414,-3.582154514985719,-4.086767079578483,-0.6840373894143935,-0.6349301947032563,-0.540501345308961,-0.274839793471074,-0.1706817308987155,0.394069012553007,49.62269696896445,-54.64400279412136,8.895157840668363,0.1089782343540832,0.1041871527457565,0.956036343984433,0.001734818038940762,10.1967714919585,9.831763480989334,-0.8571712321953974,-0.8552717627492157,-0.8674553772094076,-0.858069902870671,-0.8316444046604304,-0.8430818265836663,-0.8515071594756431,-0.826014133516192,-0.8463791683948855,-0.8246334480409692,-0.910048041482943,-0.8655355581029215,-0.8422089709175646,-0.8494248349834792,-0.8631638293905843,-0.8518054741750213,-0.8242206087319794,-0.8125398395744411,-0.8114470998016402,-0.7942194512799974,NEGATIVE,1.0,0.0,4.0,2026-03-18 06:34:09,Random Forest
Sample_0125,-0.9909509973709494,0.8594503592174663,-3.926499212501736,-0.023720957178373,1.985063572668887,-1.734330698254484,-0.46,0.06,-0.8121910316087235,-0.4683417085427136,1.216438690130156,-4.677393200906003,0.372,0.05,-3.926499212501736,0.3758793969849246,1.058525787141804,-4.11425693368628,0.98,0.07,-3.595545850346628,0.9788944723618089,1.015087598499095,-0.796171793013257,-3.926499212501736,-3.595545850346628,-0.8378809287084505,-0.8717821000558778,-0.7770276842214937,-0.4893727774618232,-0.3831601102285009,0.3104700988216365,57.64071111074281,-55.91682369651209,10.52598083284677,0.3707900156691011,0.4215416601851755,1.136874355757643,0.07525922535769528,49.8006014230187,5.209146019352117,-0.986844092457206,-0.9492254708688063,-0.9430498554845419,-0.9889340921521602,-0.9619167982424282,-0.9716970308005229,-0.9647638170377436,-0.9487146219322667,-0.9471509626474138,-0.9321350460746414,-0.956857603116887,-0.9490373261261977,-0.9508659455085124,-0.9026622893105891,-0.9483186070670565,-0.9186006574712916,-0.8829153468315153,-0.8805686439871194,-0.8790438825925483,-0.8518040005182426,NEGATIVE,1.0,0.0,4.0,2026-03-18 06:34:09,Random Forest
Sample_0069,-0.8557354285384232,0.6958785700985236,-3.265350702008923,-0.02017632804028725,1.713970130435624,-0.09741111295739646,-0.46,0.06,-0.7201064178712773,-0.5487437185929649,0.8940272826257019,-3.881546529151049,0.372,0.05,-3.265350702008923,0.3658291457286431,1.265214942543446,-3.567627595923764,0.98,0.07,-3.062084820538671,0.9788944723618089,0.9968111989474177,-0.5905718487592347,-3.222077441969738,-3.062084820538671,-0.6763177965464426,-0.6442072001020188,-0.6851913688394683,-0.4374656280567343,-0.4129536180238693,0.07398670410012784,47.02918712427157,-48.08374956395821,7.546585238032209,0.02509595395181356,0.02730417072361888,1.087990947705965,0.004461527691935567,5.011099128209816,0.9442160206383463,-0.6810444334401778,-0.7003325267649567,-0.6639646448961509,-0.6988299457249674,-0.7346083521012181,-0.6901379840351747,-0.6942954629003149,-0.7185856482684755,-0.7013760419771563,-0.7251576010206183,-0.7102156452190146,-0.7259486968496591,-0.670167748385082,-0.698643991183681,-0.6735593097151937,-0.6954439447999138,-0.7172915048962283,-0.7073412839683544,-0.7011050845693563,-0.7444448096897631,NEGATIVE,0.98,0.02,4.0,2026-03-18 06:34:09,Random Forest
Sample_0451,-1.255396680755549,1.260122451323914,-6.684816711232635,-0.004570412991751593,2.514394169394643,-7.595518530384489,-0.46,0.06,-6.684816711232635,-0.4582914572864322,1.092249108390905,-3.937050775894913,0.372,0.05,-3.072707647668182,0.3658291457286431,1.297011900099185,-2.934223917939822,0.98,0.07,-2.129057309186,0.9788944723618089,1.012532460852371,-6.684816711232635,-3.055977371310325,-2.129057309186,-0.8847791402614067,-0.867134752789797,-0.87957688978299,-0.6773905453634818,-0.7308072952943138,0.06625116359329997,77.1827726657522,-81.18141199330722,14.46679322421922,1.929240683632785,2.5885953978991,1.34176902854067,1863.175526317896,5.881487628559332,0.1305077349595946,-0.9633674599362932,-1.020613027213236,-0.9880346523983428,-0.9952753548182944,-1.00436884875997,-0.9706618946132816,-0.9787443661765444,-0.9784322129525996,-0.960213763692964,-0.9556775689302519,-0.9702232530788393,-0.9554175832190325,-0.9763132827989363,-0.9316340008455917,-0.9135072178322154,-0.9106223853675528,-0.8607223663020885,-0.8081976052896875,-0.7075763906667865,-0.6121578918921247,NEGATIVE,0.97,0.03,4.0,2026-03-18 06:34:09,Random Forest
Sample_0010,-1.210414422171368,1.576189046653897,-6.302890634534092,-0.001903337069675853,2.428614465525691,-6.85835719384628,-0.46,0.06,-6.302890634534092,-0.4582914572864322,1.097503928930186,-4.142206579385373,0.372,0.05,-4.043749591277206,0.3658291457286431,1.210830708536117,-4.251399653378957,0.98,0.07,-4.342644637346752,0.9788944723618089,1.010234615686601,-6.302890634534092,-4.026459890143674,-4.342644637346752,-0.3641498229839478,-0.2703764058498843,-0.1479020657077144,-0.1683611971655731,-0.2169477086123175,0.2577223183730919,71.34890373554377,-67.60269171314063,15.25196342661061,1.65572553237167,1.613199829001102,0.9743159705282474,521.9862533046434,10.63101328546565,7.995560597605544,-0.6934674328404291,-0.6862744248448827,-0.6710498800518361,-0.6715514126159394,-0.6758819351836618,-0.6576746408417513,-0.6532072343614765,-0.6559133508961034,-0.6811468549148572,-0.6661639126542301,-0.6454820548575406,-0.6076306866322699,-0.6309924663504232,-0.644356618685578,-0.6166635327746186,-0.6124573693547184,-0.5998059527174214,-0.5273830105088182,-0.4173506981305452,-0.2951025131952593,NEGATIVE,1.0,0.0,4.0,2026-03-18 06:34:09,Random Forest
Sample_0195,-0.5619537913547261,0.8304416812510526,-3.090911607455083,-0.003349388621924396,1.128322750261698,-2.919932573678616,-0.46,0.06,-2.762410331546842,-0.4582914572864322,1.087260151101825,-0.9895137868333999,0.372,0.05,-0.8785342121296404,0.385929648241206,0.8798009235148928,-3.11062600246968,0.98,0.07,-3.090911607455083,0.9788944723618089,1.006526442236788,-2.762410331546842,-0.8441451071561735,-3.090911607455083,-0.1785273141825506,-0.1040443637165852,-0.0833605499987236,-0.01842427397288451,-0.06073596720669172,0.1081079570345064,33.12925034715088,-33.56606602617714,7.020072362981695,2.950876089380079,0.9386961246258267,0.3181076047225787,0.5825279553592048,0.001190780771355515,0.2264580647771711,-0.2307525769407964,-0.2248967091953357,-0.2360675073110904,-0.2073084863951142,-0.2105587920714035,-0.2151804140165975,-0.2023215167835328,-0.2154553276738328,-0.2215129882347518,-0.1577585985184965,-0.1939651387748457,-0.2315168484309528,-0.2165224252125403,-0.1670535172813945,-0.1748293100521746,-0.1798875070958585,-0.1427536763527036,-0.1493469573194964,-0.1143661309073331,-0.07312364909447346,NEGATIVE,0.99,0.01,4.0,2026-03-18 06:34:09,Random Forest
Sample_0407,-1.012509667235223,1.300540510854851,-5.504179561842704,-0.0128917067018151,2.03114584403332,-3.455366959057871,-0.46,0.06,-3.427762974280213,-0.4582914572864322,1.066254842011131,-5.903163111186529,0.372,0.05,-5.504179561842704,0.3758793969849246,1.024629473050898,-4.354893251450432,0.98,0.07,-3.689764237767265,0.9788944723618089,0.9919856488989971,-3.427762974280213,-5.504179561842704,-3.689764237767265,-0.1796908441314742,-0.2293000810726606,-0.330675298551906,-0.1716905434617412,-0.453444809264701,-0.2857882240760489,73.05725567212107,-72.08577326543356,13.71342332169483,0.5853416031330609,0.7934446976184856,1.35552418172832,1.467884461969388,1711.1461589731,11.04776493977563,-0.1171337416532222,-0.07658803232970693,-0.04800426219869299,-0.09458229758354855,-0.09252942119790225,-0.0861517896628571,-0.06855309967663092,-0.1065159466664752,-0.07045577544432714,-0.07254404403465992,-0.09398518777668784,-0.06116858315249105,-0.03117940641282081,-0.04042307255996458,-0.01591952813443168,-0.04920023316343212,-0.06981244025002463,-0.1052733361928887,-0.1028121940842056,-0.1498322976378593,NEGATIVE,0.98,0.02,4.0,2026-03-18 06:34:09,Random Forest
Sample_0085,-1.099331061675031,1.380792904010729,-5.712090789283912,-0.01860866704394078,2.204504855802754,-2.620609980956429,-0.46,0.06,-1.969041669756074,-0.4582914572864322,1.168727252102114,-6.000074076794768,0.372,0.05,-5.712090789283912,0.3758793969849246,1.057457784848683,-4.655324093370336,0.98,0.07,-4.762823719288886,0.9788944723618089,1.025048963398057,-1.969041669756074,-5.712090789283912,-4.762823719288886,-0.5696515397712203,-0.4132375311879489,-0.2751490457221099,-0.1404879156067773,-0.1651082098505454,0.2127407982860948,74.47935104975109,-72.15189362229613,13.27600815112153,0.4367629378263203,0.5629275058826624,1.288862806638854,0.3474857642788026,2263.233795439577,28.24324835656238,-0.7307199809183178,-0.7043564894945865,-0.7457359567502884,-0.7345818288948842,-0.7225806577929895,-0.715447940840058,-0.691008580096701,-0.7305348874821458,-0.7333236474130667,-0.6961926834514204,-0.6917247116743535,-0.6535877811036439,-0.6686690273973905,-0.6458647292894437,-0.6435275233677848,-0.6479516725941763,-0.6370039090090892,-0.6261428092122683,-0.6279982917872632,-0.521426162714552,NEGATIVE,1.0,0.0,4.0,2026-03-18 06:34:09,Random Forest
Sample_0372,-0.6766884118881805,0.5504599238942506,-2.924284796298837,-0.002300365779632663,1.353252692263426,-0.5037300330397794,-0.46,0.06,-0.3131678140727981,-0.3678391959798996,2.951793798434607,-1.892446303664222,0.372,0.05,-1.122132015913725,0.3758793969849246,1.019968090656843,-3.966418371380345,0.98,0.07,-2.924284796298837,0.9889447236180904,0.8718104202968278,-0.1129346972504496,-1.122132015913725,-2.922203065623489,-0.5598386748175734,-0.5922523230612686,-0.6823759656347049,-0.6990760242291064,-0.7780653072553411,-0.4135037171418915,40.55523777929169,-36.62314914557353,6.362594708084346,0.2661793003396922,0.1269987141735826,0.4771171688088052,0.001580713086230344,0.01611855832497824,3.282248566116711,-0.2755357802833177,-0.3171670398556209,-0.2884821391127475,-0.3132316901098642,-0.2964756017012178,-0.3616646976572128,-0.3440061573636948,-0.3279450578805262,-0.3195444294828458,-0.3498772514586444,-0.3573310329399553,-0.3193943136735455,-0.3388422709378421,-0.3515278552304097,-0.3422966829949699,-0.3630143573246654,-0.3928605274081707,-0.3463632808318242,-0.3566412960684028,-0.3110456534867615,NEGATIVE,1.0,0.0,4.0,2026-03-18 06:34:09,Random Forest
Sample_0389,-1.350727857418114,1.61440728656575,-6.65617874245784,-0.01758678834149171,2.710410205259315,-7.312367273118122,-0.46,0.06,-6.65617874245784,-0.4582914572864322,1.097851180207805,-5.089552741051218,0.372,0.05,-4.735943489188745,0.3758793969849246,1.067142549921863,-4.516119916004858,0.98,0.07,-4.43473938281185,0.9788944723618089,1.003093724106799,-6.65617874245784,-4.735943489188745,-4.43473938281185,-0.5680899064531796,-0.5978061923519719,-0.4679068573089568,-0.07741559917327333,-0.01758678834149171,0.3959371851323042,72.51429508144017,-75.41851583527857,16.9180399301742,1.436740642087893,1.619170307503025,1.126974667571193,1142.869010133384,163.5781301193966,18.28248240722142,-0.8556932454533238,-0.8568356773613021,-0.8279782317584811,-0.8124081382386719,-0.8253364945666409,-0.800074718715957,-0.8019194799068331,-0.7785675723472327,-0.8301607241646399,-0.8370371681588674,-0.7755909355010251,-0.7734139414286663,-0.7795666251900123,-0.7920074274310872,-0.7155701552445423,-0.7136821139615154,-0.7079096927537551,-0.6163917006886085,-0.575557757341823,-0.4458973246865048,NEGATIVE,0.99,0.01,4.0,2026-03-18 06:34:09,Random Forest
Sample_0496,-0.8731416702739905,0.9486653682154443,-3.708505135370327,-0.007322480923949645,1.75088997474496,-3.072781621100918,-0.46,0.06,-2.665792443510928,-0.4582914572864322,1.108264271259329,-3.726673640409346,0.372,0.05,-3.315695530897306,0.3758793969849246,1.047576105879924,-4.099321444250798,0.98,0.07,-3.708505135370327,0.9788944723618089,1.000643709832503,-2.665792443510928,-3.315695530897306,-3.708505135370327,-0.4110133100871691,-0.4151586287740163,-0.3912861277206535,-0.2721563340203613,-0.2719794284028421,0.07308793008930288,45.20538594004901,-46.24429921710473,10.89877670576106,0.8245373535750226,0.7495829890116136,0.9090952468818757,0.7583964085413056,3.205211499722422,4.971658404080524,-0.4878694977639083,-0.468126898165745,-0.4473781829988113,-0.4845419809309415,-0.4550512621978919,-0.5136365081779851,-0.4539670788641995,-0.47374044469626,-0.4715469056064924,-0.479515118180338,-0.5169329535371057,-0.4636356705817992,-0.4575723094947347,-0.4640026009484877,-0.4754023632154582,-0.4479777742077926,-0.4577066482477581,-0.4597871721232226,-0.3784211845781176,-0.3572351396644225,NEGATIVE,1.0,0.0,4.0,2026-03-18 06:34:09,Random Forest
Sample_0031,-0.9460536728948867,1.035071918611418,-5.215544652802518,-0.006100311062516944,1.895387301443706,-5.785525303099033,-0.46,0.06,-5.215544652802518,-0.4582914572864322,1.094164796060345,-2.287414030094038,0.372,0.05,-1.701643043801512,0.3758793969849246,1.070736406599206,-3.156145245635098,0.98,0.07,-2.568107593427412,0.9889447236180904,0.9200942608772432,-5.215544652802518,-1.701643043801512,-2.556924075551679,-0.5802212451158945,-0.5391668791219603,-0.5639469555932753,-0.4169507550461493,-0.4613867184327347,0.04786625057556113,58.95954318233421,-60.30511429503164,11.22908457882817,2.529286446171349,1.833098559421601,0.7247492913253906,81.92892542108204,0.05038174676490613,0.2610662148759867,-0.6675643359041016,-0.6589506942461136,-0.6749719929085644,-0.6469095369234596,-0.6573198885129281,-0.6134595855306384,-0.6341186187524532,-0.6412288607945164,-0.662323071094462,-0.6229182809080032,-0.6094053918576603,-0.6358849366745616,-0.6265796969559122,-0.5880733258087236,-0.5720110189889446,-0.5735341072584084,-0.5566281261280904,-0.5418566109313049,-0.4360578195874744,-0.3641682708162344,NEGATIVE,1.0,0.0,4.0,2026-03-18 06:34:09,Random Forest
Sample_0317,-0.9363578484330304,0.8392061115706375,-3.507504168660329,-0.01530694005383053,1.87668964839558,-3.666152466395971,-0.46,0.06,-2.842385554472654,-0.4683417085427136,1.334838995490549,-4.049965225121511,0.372,0.05,-3.507504168660329,0.3658291457286431,1.274423931052867,-3.245721657008781,0.98,0.07,-2.94836847935448,0.9788944723618089,1.023702310668037,-2.808050008680389,-3.491555096950527,-2.94836847935448,-0.6793026315700484,-0.6581082170096482,-0.5414292232014586,-0.2711966810670478,-0.2773065383457782,0.3609337819565663,49.64049982750998,-47.60143596911053,10.96183934852626,0.9052306038716604,1.12953384603369,1.247785747855505,2.112039317891595,8.146742535894445,0.3453763652504008,-0.9018834532024423,-0.9369863958426243,-0.9011222782855535,-0.8962668974311887,-0.8480877215065409,-0.8820495680848666,-0.9132429327605243,-0.9054159052063542,-0.8817831015065585,-0.912040779730236,-0.8513862367370769,-0.8834044843120219,-0.8572904092455502,-0.8779695637475746,-0.8238473286882128,-0.8267071643161799,-0.7418874746709554,-0.7554737012514384,-0.7062533939271975,-0.6532768744312587,NEGATIVE,0.94,0.06,4.0,2026-03-18 06:34:09,Random Forest
Sample_0409,-1.447305589434731,1.553725566846428,-7.912739470330787,-0.002398826877628185,2.900501599507258,-8.964043095953265,-0.46,0.06,-7.912739470330787,-0.4582914572864322,1.094600891830343,-3.677845642715337,0.372,0.05,-2.785981690631936,0.3758793969849246,1.045212640462302,-4.343544002986962,0.98,0.07,-3.617181588422093,0.9788944723618089,1.005394296838604,-7.912739470330787,-2.785981690631936,-3.617181588422093,-0.9579952098038931,-0.9692640499148163,-0.8935625206849955,-0.7424754483459788,-0.604699378039143,0.1930975433729096,89.9275660474552,-97.1494354649513,16.98543274165556,2.437308132740218,2.063762469031944,0.8467384329907011,19775.80881511045,2.783996758063306,10.66289600736796,-1.054306279347003,-1.028002893885351,-1.058123595089933,-1.046472301226256,-1.074818201387297,-1.032760995215161,-1.057938179069124,-1.007748267695199,-1.027739240260448,-0.9954068368449303,-1.055078182773831,-1.038463342537266,-1.024344535045762,-1.013080435586171,-1.051500804007488,-0.9857390066014848,-0.9270607461324689,-0.8231478798148335,-0.7458570302642166,-0.6595229362945445,NEGATIVE,1.0,0.0,4.0,2026-03-18 06:34:09,Random Forest
Sample_0362,-0.9615846839126923,1.440223096710357,-6.009600714814384,-0.006568535705753864,1.932119245674477,-6.166978510823675,-0.46,0.06,-6.009600714814384,-0.4582914572864322,1.078828475951523,-2.374712265929465,0.372,0.05,-2.176753979124492,0.3658291457286431,1.206064503491945,-3.994542834561331,0.98,0.07,-3.870886876290712,0.9688442211055277,1.091053393197384,-6.009600714814384,-2.172347762437835,-3.870593695379916,-0.1586798960696592,-0.1967952050906323,-0.1978919644940301,-0.05162482901158081,-0.02841636286412219,0.0119095180034957,62.60431715748717,-64.05059126104683,12.53623361131447,2.596937152893305,1.543850890135946,0.5944891228560951,158.264748161403,0.06481410169000762,3.583704601156186,-0.08298135593145409,-0.1337814771576108,-0.09961800766401967,-0.102354879449433,-0.07967209739165731,-0.1235524068184222,-0.1166797475849051,-0.1085306793558477,-0.1022616788278512,-0.115907978847951,-0.1282121263098373,-0.1126694595379472,-0.1431414485359546,-0.1083052489265663,-0.08263491519537206,-0.1051514693382435,-0.0180658523592946,-0.02660745412165114,-0.04577794205278795,-0.1437004195876769,NEGATIVE,0.98,0.02,3.0,2026-03-18 06:38:57,Random Forest
Sample_0074,-1.15156586792421,1.83382011662609,-7.987180149256619,-0.0003311658480724556,2.311392866242539,-8.004411008076874,-0.46,0.06,-7.987180149256619,-0.4582914572864322,1.068090647109069,-1.836461787204623,0.372,0.05,-1.543197326210644,0.3758793969849246,0.9933695493461873,-4.970966213886118,0.98,0.07,-4.512140281247019,0.9788944723618089,0.9933435257326395,-7.987180149256619,-1.543197326210644,-4.512140281247019,-0.1254870021443383,-0.1867921838721553,-0.1978719686738495,-0.2647374524844202,-0.2480230150312633,-0.1683859958765547,82.50953358187175,-81.06136354488818,14.81183900916762,4.358604716878328,1.610232430411012,0.3694375918457399,3773.721716962681,0.0137141899179957,75.71716069513755,-0.1611973978328833,-0.1619487664815229,-0.1274644400088328,-0.1420675792545693,-0.1002239086960554,-0.1083684213462384,-0.0666226836966361,-0.1013451742718038,-0.118290229008589,-0.1366530573706071,-0.0891523949331628,-0.1323794543543932,-0.1099040602249038,-0.0758871725184922,-0.1144790233772791,-0.1323426258910934,-0.1521809729894364,-0.2071705067160595,-0.277612154905451,-0.4399989901001654,NEGATIVE,1.0,0.0,3.0,2026-03-18 06:38:57,Random Forest
Sample_0375,-0.5058508532690569,0.859124940870671,-3.934556875863473,-6.589717231682019e-05,1.013082183536578,-0.06153189997444608,-0.46,0.06,-0.1575770439234788,-0.5185929648241207,0.6592327686204437,-1.71861247304513,0.372,0.05,-1.488829604146626,0.3758793969849246,0.9807810170232841,-4.477384064786138,0.98,0.07,-3.934556875863473,0.9788944723618089,0.9912116140591413,-0.08843213551994666,-1.488829604146626,-3.934556875863473,-0.04021253206227211,-0.1005300505838946,-0.1602817760650442,-0.2495037895265163,-0.3110365046748791,-0.2235474989328986,41.09658046115421,-42.41656979675398,6.257528437805714,0.03580324298788578,0.01374282373012938,0.3838429869266127,0.004193606059825905,0.0097608876638906,16.19855754279148,-0.1449458929889725,-0.146510748165952,-0.1501208557948262,-0.1042557160846662,-0.1325018674944207,-0.1460290480939208,-0.1707299865443002,-0.1644133054754837,-0.1609403646439087,-0.1555595948089859,-0.1207797681563396,-0.1541802485339726,-0.1461809664690232,-0.1127921169934291,-0.1327579316694086,-0.1402734358816822,-0.1303513266858166,-0.1619809250533699,-0.1420325272270398,-0.141473680047552,NEGATIVE,1.0,0.0,4.0,2026-03-18 06:38:57,Random Forest
Sample_0156,-0.9286682272581017,0.6722547754464986,-3.24791175682078,-0.04289311915104609,1.858976349465733,-1.885020501177615,-0.46,0.06,-1.309344985597259,-0.4683417085427136,1.290860602734847,-4.173248214160771,0.372,0.05,-3.24791175682078,0.3758793969849246,1.027958403624504,-4.139932059741341,0.98,0.07,-3.009849746215779,0.9788944723618089,1.001861910826071,-1.270801549523776,-3.24791175682078,-3.009849746215779,-0.7215421820143264,-0.797877761437933,-0.8706765446932654,-0.7911465586720903,-0.8656847164135059,-0.3485812595180084,53.70353970747162,-51.55088456093688,10.19820077507973,0.4516914414008051,0.4553264338582863,1.008047512359783,0.09761591187415117,11.62716813348696,5.644219310349473,-0.4169174202618499,-0.4228460559834906,-0.4440956551815822,-0.442010971021545,-0.4496294042106974,-0.4585427190094808,-0.476559689416909,-0.4707001287488632,-0.4718950533400926,-0.489815882277406,-0.4906008505205321,-0.4864334071917593,-0.5127299630910483,-0.5084883734161255,-0.5237546072744156,-0.5300353338649928,-0.5078191320662115,-0.4661708835440076,-0.4682632181418552,-0.4666773981953288,NEGATIVE,1.0,0.0,4.0,2026-03-18 06:38:57,Random Forest
Sample_0105,-1.419553600819388,1.697563200725689,-8.238680864901532,-0.003381728575153953,2.846631864811041,-8.987356053346147,-0.46,0.06,-8.238680864901532,-0.4582914572864322,1.082954123140306,-5.242252197565781,0.372,0.05,-4.441019970386908,0.3758793969849246,1.039906619132458,-3.67687976114502,0.98,0.07,-2.878138138026259,0.9788944723618089,0.994938163782956,-8.238680864901532,-4.441019970386908,-2.878138138026259,-0.7653476352006566,-0.7679609543032959,-0.7225595175210926,-0.5685419939055916,-0.6508071249743675,-0.06122503988172867,94.10426309581068,-93.23104075377623,17.90648801205695,1.714407417773489,2.444288809310258,1.425733920636362,20587.81394866162,254.1428768882398,1.328343500246859,-0.6096245752973187,-0.6314534192664489,-0.616257362260797,-0.623901444498687,-0.6684465922407702,-0.6535708418199176,-0.655327926260259,-0.6465658011904497,-0.655833651965422,-0.6561165278010974,-0.6516930921404995,-0.6472515404369303,-0.6460343832364178,-0.6289803010340758,-0.6460729691137397,-0.5947968094449281,-0.6082284867337318,-0.4868336631973089,-0.4036493130460682,-0.2812726760751846,NEGATIVE,1.0,0.0,3.0,2026-03-18 06:38:57,Random Forest
Sample_0395,-0.9924515736192202,0.6726394037590312,-3.306090913465369,-0.01122640047535562,1.985789986743484,-2.938862025187089,-0.46,0.06,-2.352296835176997,-0.4582914572864322,1.081765598122408,-3.350682747787754,0.372,0.05,-2.34806284324671,0.3658291457286431,1.271114781080647,-4.535480031523795,0.98,0.07,-3.306090913465369,0.9788944723618089,0.9777870484882415,-2.352296835176997,-2.320719079408401,-3.306090913465369,-0.7076509147900514,-0.820699852589888,-0.9061959106900709,-0.9235059721175561,-0.9825158838035222,-0.4686901199354276,44.82487601566355,-42.08046138945749,10.82502480449864,0.8770934900140681,0.6479715498162414,0.7387713592605142,0.6018756389396566,1.083153880952177,19.42244845908692,-0.4355209229319901,-0.444460865892463,-0.4354238651262167,-0.4575231588141922,-0.4343467775334079,-0.4346999354149152,-0.4319851407805418,-0.4636745862682757,-0.4432285214162685,-0.4840653620645438,-0.494578881665384,-0.4531701311815511,-0.4868374545047838,-0.4742888948685808,-0.4930937288494008,-0.4744937743183,-0.459869521871035,-0.4618732613363535,-0.418191915572059,-0.3885668725286044,NEGATIVE,1.0,0.0,4.0,2026-03-18 06:38:57,Random Forest
Sample_0378,-0.9286980403621474,0.9521651725744975,-4.086767079578483,-0.001915032087054125,1.862075435706403,-0.4498352582203844,-0.46,0.06,-0.6682675357327399,-0.5587939698492463,1.0,-4.127753224178841,0.372,0.05,-3.582154514985719,0.3758793969849246,1.0669944910783,-4.317569358269138,0.98,0.07,-4.086767079578483,0.9788944723618089,1.017758461167693,-0.3197946826203414,-3.582154514985719,-4.086767079578483,-0.6840373894143935,-0.6349301947032563,-0.540501345308961,-0.274839793471074,-0.1706817308987155,0.394069012553007,49.62269696896445,-54.64400279412136,8.895157840668363,0.1089782343540832,0.1041871527457565,0.956036343984433,0.001734818038940762,10.1967714919585,9.831763480989334,-0.8571712321953974,-0.8552717627492157,-0.8674553772094076,-0.858069902870671,-0.8316444046604304,-0.8430818265836663,-0.8515071594756431,-0.826014133516192,-0.8463791683948855,-0.8246334480409692,-0.910048041482943,-0.8655355581029215,-0.8422089709175646,-0.8494248349834792,-0.8631638293905843,-0.8518054741750213,-0.8242206087319794,-0.8125398395744411,-0.8114470998016402,-0.7942194512799974,NEGATIVE,1.0,0.0,4.0,2026-03-18 06:38:57,Random Forest
Sample_0125,-0.9909509973709494,0.8594503592174663,-3.926499212501736,-0.023720957178373,1.985063572668887,-1.734330698254484,-0.46,0.06,-0.8121910316087235,-0.4683417085427136,1.216438690130156,-4.677393200906003,0.372,0.05,-3.926499212501736,0.3758793969849246,1.058525787141804,-4.11425693368628,0.98,0.07,-3.595545850346628,0.9788944723618089,1.015087598499095,-0.796171793013257,-3.926499212501736,-3.595545850346628,-0.8378809287084505,-0.8717821000558778,-0.7770276842214937,-0.4893727774618232,-0.3831601102285009,0.3104700988216365,57.64071111074281,-55.91682369651209,10.52598083284677,0.3707900156691011,0.4215416601851755,1.136874355757643,0.07525922535769528,49.8006014230187,5.209146019352117,-0.986844092457206,-0.9492254708688063,-0.9430498554845419,-0.9889340921521602,-0.9619167982424282,-0.9716970308005229,-0.9647638170377436,-0.9487146219322667,-0.9471509626474138,-0.9321350460746414,-0.956857603116887,-0.9490373261261977,-0.9508659455085124,-0.9026622893105891,-0.9483186070670565,-0.9186006574712916,-0.8829153468315153,-0.8805686439871194,-0.8790438825925483,-0.8518040005182426,NEGATIVE,1.0,0.0,4.0,2026-03-18 06:38:57,Random Forest
Sample_0069,-0.8557354285384232,0.6958785700985236,-3.265350702008923,-0.02017632804028725,1.713970130435624,-0.09741111295739646,-0.46,0.06,-0.7201064178712773,-0.5487437185929649,0.8940272826257019,-3.881546529151049,0.372,0.05,-3.265350702008923,0.3658291457286431,1.265214942543446,-3.567627595923764,0.98,0.07,-3.062084820538671,0.9788944723618089,0.9968111989474177,-0.5905718487592347,-3.222077441969738,-3.062084820538671,-0.6763177965464426,-0.6442072001020188,-0.6851913688394683,-0.4374656280567343,-0.4129536180238693,0.07398670410012784,47.02918712427157,-48.08374956395821,7.546585238032209,0.02509595395181356,0.02730417072361888,1.087990947705965,0.004461527691935567,5.011099128209816,0.9442160206383463,-0.6810444334401778,-0.7003325267649567,-0.6639646448961509,-0.6988299457249674,-0.7346083521012181,-0.6901379840351747,-0.6942954629003149,-0.7185856482684755,-0.7013760419771563,-0.7251576010206183,-0.7102156452190146,-0.7259486968496591,-0.670167748385082,-0.698643991183681,-0.6735593097151937,-0.6954439447999138,-0.7172915048962283,-0.7073412839683544,-0.7011050845693563,-0.7444448096897631,NEGATIVE,1.0,0.0,4.0,2026-03-18 06:38:57,Random Forest
Sample_0451,-1.255396680755549,1.260122451323914,-6.684816711232635,-0.004570412991751593,2.514394169394643,-7.595518530384489,-0.46,0.06,-6.684816711232635,-0.4582914572864322,1.092249108390905,-3.937050775894913,0.372,0.05,-3.072707647668182,0.3658291457286431,1.297011900099185,-2.934223917939822,0.98,0.07,-2.129057309186,0.9788944723618089,1.012532460852371,-6.684816711232635,-3.055977371310325,-2.129057309186,-0.8847791402614067,-0.867134752789797,-0.87957688978299,-0.6773905453634818,-0.7308072952943138,0.06625116359329997,77.1827726657522,-81.18141199330722,14.46679322421922,1.929240683632785,2.5885953978991,1.34176902854067,1863.175526317896,5.881487628559332,0.1305077349595946,-0.9633674599362932,-1.020613027213236,-0.9880346523983428,-0.9952753548182944,-1.00436884875997,-0.9706618946132816,-0.9787443661765444,-0.9784322129525996,-0.960213763692964,-0.9556775689302519,-0.9702232530788393,-0.9554175832190325,-0.9763132827989363,-0.9316340008455917,-0.9135072178322154,-0.9106223853675528,-0.8607223663020885,-0.8081976052896875,-0.7075763906667865,-0.6121578918921247,NEGATIVE,0.98,0.02,3.0,2026-03-18 06:38:57,Random Forest
Sample_0010,-1.210414422171368,1.576189046653897,-6.302890634534092,-0.001903337069675853,2.428614465525691,-6.85835719384628,-0.46,0.06,-6.302890634534092,-0.4582914572864322,1.097503928930186,-4.142206579385373,0.372,0.05,-4.043749591277206,0.3658291457286431,1.210830708536117,-4.251399653378957,0.98,0.07,-4.342644637346752,0.9788944723618089,1.010234615686601,-6.302890634534092,-4.026459890143674,-4.342644637346752,-0.3641498229839478,-0.2703764058498843,-0.1479020657077144,-0.1683611971655731,-0.2169477086123175,0.2577223183730919,71.34890373554377,-67.60269171314063,15.25196342661061,1.65572553237167,1.613199829001102,0.9743159705282474,521.9862533046434,10.63101328546565,7.995560597605544,-0.6934674328404291,-0.6862744248448827,-0.6710498800518361,-0.6715514126159394,-0.6758819351836618,-0.6576746408417513,-0.6532072343614765,-0.6559133508961034,-0.6811468549148572,-0.6661639126542301,-0.6454820548575406,-0.6076306866322699,-0.6309924663504232,-0.644356618685578,-0.6166635327746186,-0.6124573693547184,-0.5998059527174214,-0.5273830105088182,-0.4173506981305452,-0.2951025131952593,NEGATIVE,1.0,0.0,3.0,2026-03-18 06:38:57,Random Forest
Sample_0195,-0.5619537913547261,0.8304416812510526,-3.090911607455083,-0.003349388621924396,1.128322750261698,-2.919932573678616,-0.46,0.06,-2.762410331546842,-0.4582914572864322,1.087260151101825,-0.9895137868333999,0.372,0.05,-0.8785342121296404,0.385929648241206,0.8798009235148928,-3.11062600246968,0.98,0.07,-3.090911607455083,0.9788944723618089,1.006526442236788,-2.762410331546842,-0.8441451071561735,-3.090911607455083,-0.1785273141825506,-0.1040443637165852,-0.0833605499987236,-0.01842427397288451,-0.06073596720669172,0.1081079570345064,33.12925034715088,-33.56606602617714,7.020072362981695,2.950876089380079,0.9386961246258267,0.3181076047225787,0.5825279553592048,0.001190780771355515,0.2264580647771711,-0.2307525769407964,-0.2248967091953357,-0.2360675073110904,-0.2073084863951142,-0.2105587920714035,-0.2151804140165975,-0.2023215167835328,-0.2154553276738328,-0.2215129882347518,-0.1577585985184965,-0.1939651387748457,-0.2315168484309528,-0.2165224252125403,-0.1670535172813945,-0.1748293100521746,-0.1798875070958585,-0.1427536763527036,-0.1493469573194964,-0.1143661309073331,-0.07312364909447346,NEGATIVE,1.0,0.0,4.0,2026-03-18 06:38:57,Random Forest
Sample_0407,-1.012509667235223,1.300540510854851,-5.504179561842704,-0.0128917067018151,2.03114584403332,-3.455366959057871,-0.46,0.06,-3.427762974280213,-0.4582914572864322,1.066254842011131,-5.903163111186529,0.372,0.05,-5.504179561842704,0.3758793969849246,1.024629473050898,-4.354893251450432,0.98,0.07,-3.689764237767265,0.9788944723618089,0.9919856488989971,-3.427762974280213,-5.504179561842704,-3.689764237767265,-0.1796908441314742,-0.2293000810726606,-0.330675298551906,-0.1716905434617412,-0.453444809264701,-0.2857882240760489,73.05725567212107,-72.08577326543356,13.71342332169483,0.5853416031330609,0.7934446976184856,1.35552418172832,1.467884461969388,1711.1461589731,11.04776493977563,-0.1171337416532222,-0.07658803232970693,-0.04800426219869299,-0.09458229758354855,-0.09252942119790225,-0.0861517896628571,-0.06855309967663092,-0.1065159466664752,-0.07045577544432714,-0.07254404403465992,-0.09398518777668784,-0.06116858315249105,-0.03117940641282081,-0.04042307255996458,-0.01591952813443168,-0.04920023316343212,-0.06981244025002463,-0.1052733361928887,-0.1028121940842056,-0.1498322976378593,NEGATIVE,1.0,0.0,3.0,2026-03-18 06:38:57,Random Forest
Sample_0085,-1.099331061675031,1.380792904010729,-5.712090789283912,-0.01860866704394078,2.204504855802754,-2.620609980956429,-0.46,0.06,-1.969041669756074,-0.4582914572864322,1.168727252102114,-6.000074076794768,0.372,0.05,-5.712090789283912,0.3758793969849246,1.057457784848683,-4.655324093370336,0.98,0.07,-4.762823719288886,0.9788944723618089,1.025048963398057,-1.969041669756074,-5.712090789283912,-4.762823719288886,-0.5696515397712203,-0.4132375311879489,-0.2751490457221099,-0.1404879156067773,-0.1651082098505454,0.2127407982860948,74.47935104975109,-72.15189362229613,13.27600815112153,0.4367629378263203,0.5629275058826624,1.288862806638854,0.3474857642788026,2263.233795439577,28.24324835656238,-0.7307199809183178,-0.7043564894945865,-0.7457359567502884,-0.7345818288948842,-0.7225806577929895,-0.715447940840058,-0.691008580096701,-0.7305348874821458,-0.7333236474130667,-0.6961926834514204,-0.6917247116743535,-0.6535877811036439,-0.6686690273973905,-0.6458647292894437,-0.6435275233677848,-0.6479516725941763,-0.6370039090090892,-0.6261428092122683,-0.6279982917872632,-0.521426162714552,NEGATIVE,1.0,0.0,3.0,2026-03-18 06:38:57,Random Forest
Sample_0372,-0.6766884118881805,0.5504599238942506,-2.924284796298837,-0.002300365779632663,1.353252692263426,-0.5037300330397794,-0.46,0.06,-0.3131678140727981,-0.3678391959798996,2.951793798434607,-1.892446303664222,0.372,0.05,-1.122132015913725,0.3758793969849246,1.019968090656843,-3.966418371380345,0.98,0.07,-2.924284796298837,0.9889447236180904,0.8718104202968278,-0.1129346972504496,-1.122132015913725,-2.922203065623489,-0.5598386748175734,-0.5922523230612686,-0.6823759656347049,-0.6990760242291064,-0.7780653072553411,-0.4135037171418915,40.55523777929169,-36.62314914557353,6.362594708084346,0.2661793003396922,0.1269987141735826,0.4771171688088052,0.001580713086230344,0.01611855832497824,3.282248566116711,-0.2755357802833177,-0.3171670398556209,-0.2884821391127475,-0.3132316901098642,-0.2964756017012178,-0.3616646976572128,-0.3440061573636948,-0.3279450578805262,-0.3195444294828458,-0.3498772514586444,-0.3573310329399553,-0.3193943136735455,-0.3388422709378421,-0.3515278552304097,-0.3422966829949699,-0.3630143573246654,-0.3928605274081707,-0.3463632808318242,-0.3566412960684028,-0.3110456534867615,NEGATIVE,1.0,0.0,4.0,2026-03-18 06:38:57,Random Forest
Sample_0389,-1.350727857418114,1.61440728656575,-6.65617874245784,-0.01758678834149171,2.710410205259315,-7.312367273118122,-0.46,0.06,-6.65617874245784,-0.4582914572864322,1.097851180207805,-5.089552741051218,0.372,0.05,-4.735943489188745,0.3758793969849246,1.067142549921863,-4.516119916004858,0.98,0.07,-4.43473938281185,0.9788944723618089,1.003093724106799,-6.65617874245784,-4.735943489188745,-4.43473938281185,-0.5680899064531796,-0.5978061923519719,-0.4679068573089568,-0.07741559917327333,-0.01758678834149171,0.3959371851323042,72.51429508144017,-75.41851583527857,16.9180399301742,1.436740642087893,1.619170307503025,1.126974667571193,1142.869010133384,163.5781301193966,18.28248240722142,-0.8556932454533238,-0.8568356773613021,-0.8279782317584811,-0.8124081382386719,-0.8253364945666409,-0.800074718715957,-0.8019194799068331,-0.7785675723472327,-0.8301607241646399,-0.8370371681588674,-0.7755909355010251,-0.7734139414286663,-0.7795666251900123,-0.7920074274310872,-0.7155701552445423,-0.7136821139615154,-0.7079096927537551,-0.6163917006886085,-0.575557757341823,-0.4458973246865048,NEGATIVE,1.0,0.0,3.0,2026-03-18 06:38:57,Random Forest
Sample_0496,-0.8731416702739905,0.9486653682154443,-3.708505135370327,-0.007322480923949645,1.75088997474496,-3.072781621100918,-0.46,0.06,-2.665792443510928,-0.4582914572864322,1.108264271259329,-3.726673640409346,0.372,0.05,-3.315695530897306,0.3758793969849246,1.047576105879924,-4.099321444250798,0.98,0.07,-3.708505135370327,0.9788944723618089,1.000643709832503,-2.665792443510928,-3.315695530897306,-3.708505135370327,-0.4110133100871691,-0.4151586287740163,-0.3912861277206535,-0.2721563340203613,-0.2719794284028421,0.07308793008930288,45.20538594004901,-46.24429921710473,10.89877670576106,0.8245373535750226,0.7495829890116136,0.9090952468818757,0.7583964085413056,3.205211499722422,4.971658404080524,-0.4878694977639083,-0.468126898165745,-0.4473781829988113,-0.4845419809309415,-0.4550512621978919,-0.5136365081779851,-0.4539670788641995,-0.47374044469626,-0.4715469056064924,-0.479515118180338,-0.5169329535371057,-0.4636356705817992,-0.4575723094947347,-0.4640026009484877,-0.4754023632154582,-0.4479777742077926,-0.4577066482477581,-0.4597871721232226,-0.3784211845781176,-0.3572351396644225,NEGATIVE,1.0,0.0,4.0,2026-03-18 06:38:57,Random Forest
Sample_0031,-0.9460536728948867,1.035071918611418,-5.215544652802518,-0.006100311062516944,1.895387301443706,-5.785525303099033,-0.46,0.06,-5.215544652802518,-0.4582914572864322,1.094164796060345,-2.287414030094038,0.372,0.05,-1.701643043801512,0.3758793969849246,1.070736406599206,-3.156145245635098,0.98,0.07,-2.568107593427412,0.9889447236180904,0.9200942608772432,-5.215544652802518,-1.701643043801512,-2.556924075551679,-0.5802212451158945,-0.5391668791219603,-0.5639469555932753,-0.4169507550461493,-0.4613867184327347,0.04786625057556113,58.95954318233421,-60.30511429503164,11.22908457882817,2.529286446171349,1.833098559421601,0.7247492913253906,81.92892542108204,0.05038174676490613,0.2610662148759867,-0.6675643359041016,-0.6589506942461136,-0.6749719929085644,-0.6469095369234596,-0.6573198885129281,-0.6134595855306384,-0.6341186187524532,-0.6412288607945164,-0.662323071094462,-0.6229182809080032,-0.6094053918576603,-0.6358849366745616,-0.6265796969559122,-0.5880733258087236,-0.5720110189889446,-0.5735341072584084,-0.5566281261280904,-0.5418566109313049,-0.4360578195874744,-0.3641682708162344,NEGATIVE,1.0,0.0,3.0,2026-03-18 06:38:57,Random Forest
Sample_0317,-0.9363578484330304,0.8392061115706375,-3.507504168660329,-0.01530694005383053,1.87668964839558,-3.666152466395971,-0.46,0.06,-2.842385554472654,-0.4683417085427136,1.334838995490549,-4.049965225121511,0.372,0.05,-3.507504168660329,0.3658291457286431,1.274423931052867,-3.245721657008781,0.98,0.07,-2.94836847935448,0.9788944723618089,1.023702310668037,-2.808050008680389,-3.491555096950527,-2.94836847935448,-0.6793026315700484,-0.6581082170096482,-0.5414292232014586,-0.2711966810670478,-0.2773065383457782,0.3609337819565663,49.64049982750998,-47.60143596911053,10.96183934852626,0.9052306038716604,1.12953384603369,1.247785747855505,2.112039317891595,8.146742535894445,0.3453763652504008,-0.9018834532024423,-0.9369863958426243,-0.9011222782855535,-0.8962668974311887,-0.8480877215065409,-0.8820495680848666,-0.9132429327605243,-0.9054159052063542,-0.8817831015065585,-0.912040779730236,-0.8513862367370769,-0.8834044843120219,-0.8572904092455502,-0.8779695637475746,-0.8238473286882128,-0.8267071643161799,-0.7418874746709554,-0.7554737012514384,-0.7062533939271975,-0.6532768744312587,NEGATIVE,0.98,0.02,3.0,2026-03-18 06:38:57,Random Forest
Sample_0409,-1.447305589434731,1.553725566846428,-7.912739470330787,-0.002398826877628185,2.900501599507258,-8.964043095953265,-0.46,0.06,-7.912739470330787,-0.4582914572864322,1.094600891830343,-3.677845642715337,0.372,0.05,-2.785981690631936,0.3758793969849246,1.045212640462302,-4.343544002986962,0.98,0.07,-3.617181588422093,0.9788944723618089,1.005394296838604,-7.912739470330787,-2.785981690631936,-3.617181588422093,-0.9579952098038931,-0.9692640499148163,-0.8935625206849955,-0.7424754483459788,-0.604699378039143,0.1930975433729096,89.9275660474552,-97.1494354649513,16.98543274165556,2.437308132740218,2.063762469031944,0.8467384329907011,19775.80881511045,2.783996758063306,10.66289600736796,-1.054306279347003,-1.028002893885351,-1.058123595089933,-1.046472301226256,-1.074818201387297,-1.032760995215161,-1.057938179069124,-1.007748267695199,-1.027739240260448,-0.9954068368449303,-1.055078182773831,-1.038463342537266,-1.024344535045762,-1.013080435586171,-1.051500804007488,-0.9857390066014848,-0.9270607461324689,-0.8231478798148335,-0.7458570302642166,-0.6595229362945445,NEGATIVE,1.0,0.0,3.0,2026-03-18 06:38:57,Random Forest
2026-03-18 06:39:02,Random Forest,0,0.02,0.98,3/4 Models,158.2647,0.0648,3.5837
Sample_0362,-0.9615846839126923,1.440223096710357,-6.009600714814384,-0.006568535705753864,1.932119245674477,-6.166978510823675,-0.46,0.06,-6.009600714814384,-0.4582914572864322,1.078828475951523,-2.374712265929465,0.372,0.05,-2.176753979124492,0.3658291457286431,1.206064503491945,-3.994542834561331,0.98,0.07,-3.870886876290712,0.9688442211055277,1.091053393197384,-6.009600714814384,-2.172347762437835,-3.870593695379916,-0.1586798960696592,-0.1967952050906323,-0.1978919644940301,-0.05162482901158081,-0.02841636286412219,0.0119095180034957,62.60431715748717,-64.05059126104683,12.53623361131447,2.596937152893305,1.543850890135946,0.5944891228560951,158.264748161403,0.06481410169000762,3.583704601156186,-0.08298135593145409,-0.1337814771576108,-0.09961800766401967,-0.102354879449433,-0.07967209739165731,-0.1235524068184222,-0.1166797475849051,-0.1085306793558477,-0.1022616788278512,-0.115907978847951,-0.1282121263098373,-0.1126694595379472,-0.1431414485359546,-0.1083052489265663,-0.08263491519537206,-0.1051514693382435,-0.0180658523592946,-0.02660745412165114,-0.04577794205278795,-0.1437004195876769,NEGATIVE,0.98,0.02,3.0,2026-03-18 06:39:06,Random Forest
Sample_0074,-1.15156586792421,1.83382011662609,-7.987180149256619,-0.0003311658480724556,2.311392866242539,-8.004411008076874,-0.46,0.06,-7.987180149256619,-0.4582914572864322,1.068090647109069,-1.836461787204623,0.372,0.05,-1.543197326210644,0.3758793969849246,0.9933695493461873,-4.970966213886118,0.98,0.07,-4.512140281247019,0.9788944723618089,0.9933435257326395,-7.987180149256619,-1.543197326210644,-4.512140281247019,-0.1254870021443383,-0.1867921838721553,-0.1978719686738495,-0.2647374524844202,-0.2480230150312633,-0.1683859958765547,82.50953358187175,-81.06136354488818,14.81183900916762,4.358604716878328,1.610232430411012,0.3694375918457399,3773.721716962681,0.0137141899179957,75.71716069513755,-0.1611973978328833,-0.1619487664815229,-0.1274644400088328,-0.1420675792545693,-0.1002239086960554,-0.1083684213462384,-0.0666226836966361,-0.1013451742718038,-0.118290229008589,-0.1366530573706071,-0.0891523949331628,-0.1323794543543932,-0.1099040602249038,-0.0758871725184922,-0.1144790233772791,-0.1323426258910934,-0.1521809729894364,-0.2071705067160595,-0.277612154905451,-0.4399989901001654,NEGATIVE,1.0,0.0,3.0,2026-03-18 06:39:06,Random Forest
Sample_0375,-0.5058508532690569,0.859124940870671,-3.934556875863473,-6.589717231682019e-05,1.013082183536578,-0.06153189997444608,-0.46,0.06,-0.1575770439234788,-0.5185929648241207,0.6592327686204437,-1.71861247304513,0.372,0.05,-1.488829604146626,0.3758793969849246,0.9807810170232841,-4.477384064786138,0.98,0.07,-3.934556875863473,0.9788944723618089,0.9912116140591413,-0.08843213551994666,-1.488829604146626,-3.934556875863473,-0.04021253206227211,-0.1005300505838946,-0.1602817760650442,-0.2495037895265163,-0.3110365046748791,-0.2235474989328986,41.09658046115421,-42.41656979675398,6.257528437805714,0.03580324298788578,0.01374282373012938,0.3838429869266127,0.004193606059825905,0.0097608876638906,16.19855754279148,-0.1449458929889725,-0.146510748165952,-0.1501208557948262,-0.1042557160846662,-0.1325018674944207,-0.1460290480939208,-0.1707299865443002,-0.1644133054754837,-0.1609403646439087,-0.1555595948089859,-0.1207797681563396,-0.1541802485339726,-0.1461809664690232,-0.1127921169934291,-0.1327579316694086,-0.1402734358816822,-0.1303513266858166,-0.1619809250533699,-0.1420325272270398,-0.141473680047552,NEGATIVE,1.0,0.0,4.0,2026-03-18 06:39:06,Random Forest
Sample_0156,-0.9286682272581017,0.6722547754464986,-3.24791175682078,-0.04289311915104609,1.858976349465733,-1.885020501177615,-0.46,0.06,-1.309344985597259,-0.4683417085427136,1.290860602734847,-4.173248214160771,0.372,0.05,-3.24791175682078,0.3758793969849246,1.027958403624504,-4.139932059741341,0.98,0.07,-3.009849746215779,0.9788944723618089,1.001861910826071,-1.270801549523776,-3.24791175682078,-3.009849746215779,-0.7215421820143264,-0.797877761437933,-0.8706765446932654,-0.7911465586720903,-0.8656847164135059,-0.3485812595180084,53.70353970747162,-51.55088456093688,10.19820077507973,0.4516914414008051,0.4553264338582863,1.008047512359783,0.09761591187415117,11.62716813348696,5.644219310349473,-0.4169174202618499,-0.4228460559834906,-0.4440956551815822,-0.442010971021545,-0.4496294042106974,-0.4585427190094808,-0.476559689416909,-0.4707001287488632,-0.4718950533400926,-0.489815882277406,-0.4906008505205321,-0.4864334071917593,-0.5127299630910483,-0.5084883734161255,-0.5237546072744156,-0.5300353338649928,-0.5078191320662115,-0.4661708835440076,-0.4682632181418552,-0.4666773981953288,NEGATIVE,1.0,0.0,4.0,2026-03-18 06:39:06,Random Forest
Sample_0105,-1.419553600819388,1.697563200725689,-8.238680864901532,-0.003381728575153953,2.846631864811041,-8.987356053346147,-0.46,0.06,-8.238680864901532,-0.4582914572864322,1.082954123140306,-5.242252197565781,0.372,0.05,-4.441019970386908,0.3758793969849246,1.039906619132458,-3.67687976114502,0.98,0.07,-2.878138138026259,0.9788944723618089,0.994938163782956,-8.238680864901532,-4.441019970386908,-2.878138138026259,-0.7653476352006566,-0.7679609543032959,-0.7225595175210926,-0.5685419939055916,-0.6508071249743675,-0.06122503988172867,94.10426309581068,-93.23104075377623,17.90648801205695,1.714407417773489,2.444288809310258,1.425733920636362,20587.81394866162,254.1428768882398,1.328343500246859,-0.6096245752973187,-0.6314534192664489,-0.616257362260797,-0.623901444498687,-0.6684465922407702,-0.6535708418199176,-0.655327926260259,-0.6465658011904497,-0.655833651965422,-0.6561165278010974,-0.6516930921404995,-0.6472515404369303,-0.6460343832364178,-0.6289803010340758,-0.6460729691137397,-0.5947968094449281,-0.6082284867337318,-0.4868336631973089,-0.4036493130460682,-0.2812726760751846,NEGATIVE,1.0,0.0,3.0,2026-03-18 06:39:06,Random Forest
Sample_0395,-0.9924515736192202,0.6726394037590312,-3.306090913465369,-0.01122640047535562,1.985789986743484,-2.938862025187089,-0.46,0.06,-2.352296835176997,-0.4582914572864322,1.081765598122408,-3.350682747787754,0.372,0.05,-2.34806284324671,0.3658291457286431,1.271114781080647,-4.535480031523795,0.98,0.07,-3.306090913465369,0.9788944723618089,0.9777870484882415,-2.352296835176997,-2.320719079408401,-3.306090913465369,-0.7076509147900514,-0.820699852589888,-0.9061959106900709,-0.9235059721175561,-0.9825158838035222,-0.4686901199354276,44.82487601566355,-42.08046138945749,10.82502480449864,0.8770934900140681,0.6479715498162414,0.7387713592605142,0.6018756389396566,1.083153880952177,19.42244845908692,-0.4355209229319901,-0.444460865892463,-0.4354238651262167,-0.4575231588141922,-0.4343467775334079,-0.4346999354149152,-0.4319851407805418,-0.4636745862682757,-0.4432285214162685,-0.4840653620645438,-0.494578881665384,-0.4531701311815511,-0.4868374545047838,-0.4742888948685808,-0.4930937288494008,-0.4744937743183,-0.459869521871035,-0.4618732613363535,-0.418191915572059,-0.3885668725286044,NEGATIVE,1.0,0.0,4.0,2026-03-18 06:39:06,Random Forest
Sample_0378,-0.9286980403621474,0.9521651725744975,-4.086767079578483,-0.001915032087054125,1.862075435706403,-0.4498352582203844,-0.46,0.06,-0.6682675357327399,-0.5587939698492463,1.0,-4.127753224178841,0.372,0.05,-3.582154514985719,0.3758793969849246,1.0669944910783,-4.317569358269138,0.98,0.07,-4.086767079578483,0.9788944723618089,1.017758461167693,-0.3197946826203414,-3.582154514985719,-4.086767079578483,-0.6840373894143935,-0.6349301947032563,-0.540501345308961,-0.274839793471074,-0.1706817308987155,0.394069012553007,49.62269696896445,-54.64400279412136,8.895157840668363,0.1089782343540832,0.1041871527457565,0.956036343984433,0.001734818038940762,10.1967714919585,9.831763480989334,-0.8571712321953974,-0.8552717627492157,-0.8674553772094076,-0.858069902870671,-0.8316444046604304,-0.8430818265836663,-0.8515071594756431,-0.826014133516192,-0.8463791683948855,-0.8246334480409692,-0.910048041482943,-0.8655355581029215,-0.8422089709175646,-0.8494248349834792,-0.8631638293905843,-0.8518054741750213,-0.8242206087319794,-0.8125398395744411,-0.8114470998016402,-0.7942194512799974,NEGATIVE,1.0,0.0,4.0,2026-03-18 06:39:06,Random Forest
Sample_0125,-0.9909509973709494,0.8594503592174663,-3.926499212501736,-0.023720957178373,1.985063572668887,-1.734330698254484,-0.46,0.06,-0.8121910316087235,-0.4683417085427136,1.216438690130156,-4.677393200906003,0.372,0.05,-3.926499212501736,0.3758793969849246,1.058525787141804,-4.11425693368628,0.98,0.07,-3.595545850346628,0.9788944723618089,1.015087598499095,-0.796171793013257,-3.926499212501736,-3.595545850346628,-0.8378809287084505,-0.8717821000558778,-0.7770276842214937,-0.4893727774618232,-0.3831601102285009,0.3104700988216365,57.64071111074281,-55.91682369651209,10.52598083284677,0.3707900156691011,0.4215416601851755,1.136874355757643,0.07525922535769528,49.8006014230187,5.209146019352117,-0.986844092457206,-0.9492254708688063,-0.9430498554845419,-0.9889340921521602,-0.9619167982424282,-0.9716970308005229,-0.9647638170377436,-0.9487146219322667,-0.9471509626474138,-0.9321350460746414,-0.956857603116887,-0.9490373261261977,-0.9508659455085124,-0.9026622893105891,-0.9483186070670565,-0.9186006574712916,-0.8829153468315153,-0.8805686439871194,-0.8790438825925483,-0.8518040005182426,NEGATIVE,1.0,0.0,4.0,2026-03-18 06:39:06,Random Forest
Sample_0069,-0.8557354285384232,0.6958785700985236,-3.265350702008923,-0.02017632804028725,1.713970130435624,-0.09741111295739646,-0.46,0.06,-0.7201064178712773,-0.5487437185929649,0.8940272826257019,-3.881546529151049,0.372,0.05,-3.265350702008923,0.3658291457286431,1.265214942543446,-3.567627595923764,0.98,0.07,-3.062084820538671,0.9788944723618089,0.9968111989474177,-0.5905718487592347,-3.222077441969738,-3.062084820538671,-0.6763177965464426,-0.6442072001020188,-0.6851913688394683,-0.4374656280567343,-0.4129536180238693,0.07398670410012784,47.02918712427157,-48.08374956395821,7.546585238032209,0.02509595395181356,0.02730417072361888,1.087990947705965,0.004461527691935567,5.011099128209816,0.9442160206383463,-0.6810444334401778,-0.7003325267649567,-0.6639646448961509,-0.6988299457249674,-0.7346083521012181,-0.6901379840351747,-0.6942954629003149,-0.7185856482684755,-0.7013760419771563,-0.7251576010206183,-0.7102156452190146,-0.7259486968496591,-0.670167748385082,-0.698643991183681,-0.6735593097151937,-0.6954439447999138,-0.7172915048962283,-0.7073412839683544,-0.7011050845693563,-0.7444448096897631,NEGATIVE,1.0,0.0,4.0,2026-03-18 06:39:06,Random Forest
Sample_0451,-1.255396680755549,1.260122451323914,-6.684816711232635,-0.004570412991751593,2.514394169394643,-7.595518530384489,-0.46,0.06,-6.684816711232635,-0.4582914572864322,1.092249108390905,-3.937050775894913,0.372,0.05,-3.072707647668182,0.3658291457286431,1.297011900099185,-2.934223917939822,0.98,0.07,-2.129057309186,0.9788944723618089,1.012532460852371,-6.684816711232635,-3.055977371310325,-2.129057309186,-0.8847791402614067,-0.867134752789797,-0.87957688978299,-0.6773905453634818,-0.7308072952943138,0.06625116359329997,77.1827726657522,-81.18141199330722,14.46679322421922,1.929240683632785,2.5885953978991,1.34176902854067,1863.175526317896,5.881487628559332,0.1305077349595946,-0.9633674599362932,-1.020613027213236,-0.9880346523983428,-0.9952753548182944,-1.00436884875997,-0.9706618946132816,-0.9787443661765444,-0.9784322129525996,-0.960213763692964,-0.9556775689302519,-0.9702232530788393,-0.9554175832190325,-0.9763132827989363,-0.9316340008455917,-0.9135072178322154,-0.9106223853675528,-0.8607223663020885,-0.8081976052896875,-0.7075763906667865,-0.6121578918921247,NEGATIVE,0.98,0.02,3.0,2026-03-18 06:39:06,Random Forest
Sample_0010,-1.210414422171368,1.576189046653897,-6.302890634534092,-0.001903337069675853,2.428614465525691,-6.85835719384628,-0.46,0.06,-6.302890634534092,-0.4582914572864322,1.097503928930186,-4.142206579385373,0.372,0.05,-4.043749591277206,0.3658291457286431,1.210830708536117,-4.251399653378957,0.98,0.07,-4.342644637346752,0.9788944723618089,1.010234615686601,-6.302890634534092,-4.026459890143674,-4.342644637346752,-0.3641498229839478,-0.2703764058498843,-0.1479020657077144,-0.1683611971655731,-0.2169477086123175,0.2577223183730919,71.34890373554377,-67.60269171314063,15.25196342661061,1.65572553237167,1.613199829001102,0.9743159705282474,521.9862533046434,10.63101328546565,7.995560597605544,-0.6934674328404291,-0.6862744248448827,-0.6710498800518361,-0.6715514126159394,-0.6758819351836618,-0.6576746408417513,-0.6532072343614765,-0.6559133508961034,-0.6811468549148572,-0.6661639126542301,-0.6454820548575406,-0.6076306866322699,-0.6309924663504232,-0.644356618685578,-0.6166635327746186,-0.6124573693547184,-0.5998059527174214,-0.5273830105088182,-0.4173506981305452,-0.2951025131952593,NEGATIVE,1.0,0.0,3.0,2026-03-18 06:39:06,Random Forest
Sample_0195,-0.5619537913547261,0.8304416812510526,-3.090911607455083,-0.003349388621924396,1.128322750261698,-2.919932573678616,-0.46,0.06,-2.762410331546842,-0.4582914572864322,1.087260151101825,-0.9895137868333999,0.372,0.05,-0.8785342121296404,0.385929648241206,0.8798009235148928,-3.11062600246968,0.98,0.07,-3.090911607455083,0.9788944723618089,1.006526442236788,-2.762410331546842,-0.8441451071561735,-3.090911607455083,-0.1785273141825506,-0.1040443637165852,-0.0833605499987236,-0.01842427397288451,-0.06073596720669172,0.1081079570345064,33.12925034715088,-33.56606602617714,7.020072362981695,2.950876089380079,0.9386961246258267,0.3181076047225787,0.5825279553592048,0.001190780771355515,0.2264580647771711,-0.2307525769407964,-0.2248967091953357,-0.2360675073110904,-0.2073084863951142,-0.2105587920714035,-0.2151804140165975,-0.2023215167835328,-0.2154553276738328,-0.2215129882347518,-0.1577585985184965,-0.1939651387748457,-0.2315168484309528,-0.2165224252125403,-0.1670535172813945,-0.1748293100521746,-0.1798875070958585,-0.1427536763527036,-0.1493469573194964,-0.1143661309073331,-0.07312364909447346,NEGATIVE,1.0,0.0,4.0,2026-03-18 06:39:06,Random Forest
Sample_0407,-1.012509667235223,1.300540510854851,-5.504179561842704,-0.0128917067018151,2.03114584403332,-3.455366959057871,-0.46,0.06,-3.427762974280213,-0.4582914572864322,1.066254842011131,-5.903163111186529,0.372,0.05,-5.504179561842704,0.3758793969849246,1.024629473050898,-4.354893251450432,0.98,0.07,-3.689764237767265,0.9788944723618089,0.9919856488989971,-3.427762974280213,-5.504179561842704,-3.689764237767265,-0.1796908441314742,-0.2293000810726606,-0.330675298551906,-0.1716905434617412,-0.453444809264701,-0.2857882240760489,73.05725567212107,-72.08577326543356,13.71342332169483,0.5853416031330609,0.7934446976184856,1.35552418172832,1.467884461969388,1711.1461589731,11.04776493977563,-0.1171337416532222,-0.07658803232970693,-0.04800426219869299,-0.09458229758354855,-0.09252942119790225,-0.0861517896628571,-0.06855309967663092,-0.1065159466664752,-0.07045577544432714,-0.07254404403465992,-0.09398518777668784,-0.06116858315249105,-0.03117940641282081,-0.04042307255996458,-0.01591952813443168,-0.04920023316343212,-0.06981244025002463,-0.1052733361928887,-0.1028121940842056,-0.1498322976378593,NEGATIVE,1.0,0.0,3.0,2026-03-18 06:39:06,Random Forest
Sample_0085,-1.099331061675031,1.380792904010729,-5.712090789283912,-0.01860866704394078,2.204504855802754,-2.620609980956429,-0.46,0.06,-1.969041669756074,-0.4582914572864322,1.168727252102114,-6.000074076794768,0.372,0.05,-5.712090789283912,0.3758793969849246,1.057457784848683,-4.655324093370336,0.98,0.07,-4.762823719288886,0.9788944723618089,1.025048963398057,-1.969041669756074,-5.712090789283912,-4.762823719288886,-0.5696515397712203,-0.4132375311879489,-0.2751490457221099,-0.1404879156067773,-0.1651082098505454,0.2127407982860948,74.47935104975109,-72.15189362229613,13.27600815112153,0.4367629378263203,0.5629275058826624,1.288862806638854,0.3474857642788026,2263.233795439577,28.24324835656238,-0.7307199809183178,-0.7043564894945865,-0.7457359567502884,-0.7345818288948842,-0.7225806577929895,-0.715447940840058,-0.691008580096701,-0.7305348874821458,-0.7333236474130667,-0.6961926834514204,-0.6917247116743535,-0.6535877811036439,-0.6686690273973905,-0.6458647292894437,-0.6435275233677848,-0.6479516725941763,-0.6370039090090892,-0.6261428092122683,-0.6279982917872632,-0.521426162714552,NEGATIVE,1.0,0.0,3.0,2026-03-18 06:39:06,Random Forest
Sample_0372,-0.6766884118881805,0.5504599238942506,-2.924284796298837,-0.002300365779632663,1.353252692263426,-0.5037300330397794,-0.46,0.06,-0.3131678140727981,-0.3678391959798996,2.951793798434607,-1.892446303664222,0.372,0.05,-1.122132015913725,0.3758793969849246,1.019968090656843,-3.966418371380345,0.98,0.07,-2.924284796298837,0.9889447236180904,0.8718104202968278,-0.1129346972504496,-1.122132015913725,-2.922203065623489,-0.5598386748175734,-0.5922523230612686,-0.6823759656347049,-0.6990760242291064,-0.7780653072553411,-0.4135037171418915,40.55523777929169,-36.62314914557353,6.362594708084346,0.2661793003396922,0.1269987141735826,0.4771171688088052,0.001580713086230344,0.01611855832497824,3.282248566116711,-0.2755357802833177,-0.3171670398556209,-0.2884821391127475,-0.3132316901098642,-0.2964756017012178,-0.3616646976572128,-0.3440061573636948,-0.3279450578805262,-0.3195444294828458,-0.3498772514586444,-0.3573310329399553,-0.3193943136735455,-0.3388422709378421,-0.3515278552304097,-0.3422966829949699,-0.3630143573246654,-0.3928605274081707,-0.3463632808318242,-0.3566412960684028,-0.3110456534867615,NEGATIVE,1.0,0.0,4.0,2026-03-18 06:39:06,Random Forest
Sample_0389,-1.350727857418114,1.61440728656575,-6.65617874245784,-0.01758678834149171,2.710410205259315,-7.312367273118122,-0.46,0.06,-6.65617874245784,-0.4582914572864322,1.097851180207805,-5.089552741051218,0.372,0.05,-4.735943489188745,0.3758793969849246,1.067142549921863,-4.516119916004858,0.98,0.07,-4.43473938281185,0.9788944723618089,1.003093724106799,-6.65617874245784,-4.735943489188745,-4.43473938281185,-0.5680899064531796,-0.5978061923519719,-0.4679068573089568,-0.07741559917327333,-0.01758678834149171,0.3959371851323042,72.51429508144017,-75.41851583527857,16.9180399301742,1.436740642087893,1.619170307503025,1.126974667571193,1142.869010133384,163.5781301193966,18.28248240722142,-0.8556932454533238,-0.8568356773613021,-0.8279782317584811,-0.8124081382386719,-0.8253364945666409,-0.800074718715957,-0.8019194799068331,-0.7785675723472327,-0.8301607241646399,-0.8370371681588674,-0.7755909355010251,-0.7734139414286663,-0.7795666251900123,-0.7920074274310872,-0.7155701552445423,-0.7136821139615154,-0.7079096927537551,-0.6163917006886085,-0.575557757341823,-0.4458973246865048,NEGATIVE,1.0,0.0,3.0,2026-03-18 06:39:06,Random Forest
Sample_0496,-0.8731416702739905,0.9486653682154443,-3.708505135370327,-0.007322480923949645,1.75088997474496,-3.072781621100918,-0.46,0.06,-2.665792443510928,-0.4582914572864322,1.108264271259329,-3.726673640409346,0.372,0.05,-3.315695530897306,0.3758793969849246,1.047576105879924,-4.099321444250798,0.98,0.07,-3.708505135370327,0.9788944723618089,1.000643709832503,-2.665792443510928,-3.315695530897306,-3.708505135370327,-0.4110133100871691,-0.4151586287740163,-0.3912861277206535,-0.2721563340203613,-0.2719794284028421,0.07308793008930288,45.20538594004901,-46.24429921710473,10.89877670576106,0.8245373535750226,0.7495829890116136,0.9090952468818757,0.7583964085413056,3.205211499722422,4.971658404080524,-0.4878694977639083,-0.468126898165745,-0.4473781829988113,-0.4845419809309415,-0.4550512621978919,-0.5136365081779851,-0.4539670788641995,-0.47374044469626,-0.4715469056064924,-0.479515118180338,-0.5169329535371057,-0.4636356705817992,-0.4575723094947347,-0.4640026009484877,-0.4754023632154582,-0.4479777742077926,-0.4577066482477581,-0.4597871721232226,-0.3784211845781176,-0.3572351396644225,NEGATIVE,1.0,0.0,4.0,2026-03-18 06:39:06,Random Forest
Sample_0031,-0.9460536728948867,1.035071918611418,-5.215544652802518,-0.006100311062516944,1.895387301443706,-5.785525303099033,-0.46,0.06,-5.215544652802518,-0.4582914572864322,1.094164796060345,-2.287414030094038,0.372,0.05,-1.701643043801512,0.3758793969849246,1.070736406599206,-3.156145245635098,0.98,0.07,-2.568107593427412,0.9889447236180904,0.9200942608772432,-5.215544652802518,-1.701643043801512,-2.556924075551679,-0.5802212451158945,-0.5391668791219603,-0.5639469555932753,-0.4169507550461493,-0.4613867184327347,0.04786625057556113,58.95954318233421,-60.30511429503164,11.22908457882817,2.529286446171349,1.833098559421601,0.7247492913253906,81.92892542108204,0.05038174676490613,0.2610662148759867,-0.6675643359041016,-0.6589506942461136,-0.6749719929085644,-0.6469095369234596,-0.6573198885129281,-0.6134595855306384,-0.6341186187524532,-0.6412288607945164,-0.662323071094462,-0.6229182809080032,-0.6094053918576603,-0.6358849366745616,-0.6265796969559122,-0.5880733258087236,-0.5720110189889446,-0.5735341072584084,-0.5566281261280904,-0.5418566109313049,-0.4360578195874744,-0.3641682708162344,NEGATIVE,1.0,0.0,3.0,2026-03-18 06:39:06,Random Forest
Sample_0317,-0.9363578484330304,0.8392061115706375,-3.507504168660329,-0.01530694005383053,1.87668964839558,-3.666152466395971,-0.46,0.06,-2.842385554472654,-0.4683417085427136,1.334838995490549,-4.049965225121511,0.372,0.05,-3.507504168660329,0.3658291457286431,1.274423931052867,-3.245721657008781,0.98,0.07,-2.94836847935448,0.9788944723618089,1.023702310668037,-2.808050008680389,-3.491555096950527,-2.94836847935448,-0.6793026315700484,-0.6581082170096482,-0.5414292232014586,-0.2711966810670478,-0.2773065383457782,0.3609337819565663,49.64049982750998,-47.60143596911053,10.96183934852626,0.9052306038716604,1.12953384603369,1.247785747855505,2.112039317891595,8.146742535894445,0.3453763652504008,-0.9018834532024423,-0.9369863958426243,-0.9011222782855535,-0.8962668974311887,-0.8480877215065409,-0.8820495680848666,-0.9132429327605243,-0.9054159052063542,-0.8817831015065585,-0.912040779730236,-0.8513862367370769,-0.8834044843120219,-0.8572904092455502,-0.8779695637475746,-0.8238473286882128,-0.8267071643161799,-0.7418874746709554,-0.7554737012514384,-0.7062533939271975,-0.6532768744312587,NEGATIVE,0.98,0.02,3.0,2026-03-18 06:39:06,Random Forest
Sample_0409,-1.447305589434731,1.553725566846428,-7.912739470330787,-0.002398826877628185,2.900501599507258,-8.964043095953265,-0.46,0.06,-7.912739470330787,-0.4582914572864322,1.094600891830343,-3.677845642715337,0.372,0.05,-2.785981690631936,0.3758793969849246,1.045212640462302,-4.343544002986962,0.98,0.07,-3.617181588422093,0.9788944723618089,1.005394296838604,-7.912739470330787,-2.785981690631936,-3.617181588422093,-0.9579952098038931,-0.9692640499148163,-0.8935625206849955,-0.7424754483459788,-0.604699378039143,0.1930975433729096,89.9275660474552,-97.1494354649513,16.98543274165556,2.437308132740218,2.063762469031944,0.8467384329907011,19775.80881511045,2.783996758063306,10.66289600736796,-1.054306279347003,-1.028002893885351,-1.058123595089933,-1.046472301226256,-1.074818201387297,-1.032760995215161,-1.057938179069124,-1.007748267695199,-1.027739240260448,-0.9954068368449303,-1.055078182773831,-1.038463342537266,-1.024344535045762,-1.013080435586171,-1.051500804007488,-0.9857390066014848,-0.9270607461324689,-0.8231478798148335,-0.7458570302642166,-0.6595229362945445,NEGATIVE,1.0,0.0,3.0,2026-03-18 06:39:06,Random Forest
2026-03-18 06:46:42,Random Forest,0,0.01,0.99,4/4 Models,-6.167,-0.46,-6.0096,-0.4583,1.0788,-2.3747,0.372,-2.1768,0.3658,1.2061,-3.9945,0.98,-3.8709,0.9688,1.0911,12.5362,2.5969,1.5439,0.5945,158.2647,0.0648,3.5837,-0.9616,1.4402,-6.0096,-0.0066,1.9321,-6.0096,-2.1723,-3.8706,-0.1587,-0.1968,-0.1979,-0.0516,-0.0284,0.0119,62.6043,-64.0506,-0.083,-0.1338,-0.0996,-0.1024,-0.0797,-0.1236,-0.1167,-0.1085,-0.1023,-0.1159,-0.1282,-0.1127,-0.1431,-0.1083,-0.0826,-0.1052,-0.0181,-0.0266,-0.0458,-0.1437
Sample_0362,-0.9615846839126923,1.440223096710357,-6.009600714814384,-0.006568535705753864,1.932119245674477,-6.166978510823675,-0.46,0.06,-6.009600714814384,-0.4582914572864322,1.078828475951523,-2.374712265929465,0.372,0.05,-2.176753979124492,0.3658291457286431,1.206064503491945,-3.994542834561331,0.98,0.07,-3.870886876290712,0.9688442211055277,1.091053393197384,-6.009600714814384,-2.172347762437835,-3.870593695379916,-0.1586798960696592,-0.1967952050906323,-0.1978919644940301,-0.05162482901158081,-0.02841636286412219,0.0119095180034957,62.60431715748717,-64.05059126104683,12.53623361131447,2.596937152893305,1.543850890135946,0.5944891228560951,158.264748161403,0.06481410169000762,3.583704601156186,-0.08298135593145409,-0.1337814771576108,-0.09961800766401967,-0.102354879449433,-0.07967209739165731,-0.1235524068184222,-0.1166797475849051,-0.1085306793558477,-0.1022616788278512,-0.115907978847951,-0.1282121263098373,-0.1126694595379472,-0.1431414485359546,-0.1083052489265663,-0.08263491519537206,-0.1051514693382435,-0.0180658523592946,-0.02660745412165114,-0.04577794205278795,-0.1437004195876769,NEGATIVE,0.99,0.01,4.0,2026-03-18 06:46:44,Random Forest
Sample_0074,-1.15156586792421,1.83382011662609,-7.987180149256619,-0.0003311658480724556,2.311392866242539,-8.004411008076874,-0.46,0.06,-7.987180149256619,-0.4582914572864322,1.068090647109069,-1.836461787204623,0.372,0.05,-1.543197326210644,0.3758793969849246,0.9933695493461873,-4.970966213886118,0.98,0.07,-4.512140281247019,0.9788944723618089,0.9933435257326395,-7.987180149256619,-1.543197326210644,-4.512140281247019,-0.1254870021443383,-0.1867921838721553,-0.1978719686738495,-0.2647374524844202,-0.2480230150312633,-0.1683859958765547,82.50953358187175,-81.06136354488818,14.81183900916762,4.358604716878328,1.610232430411012,0.3694375918457399,3773.721716962681,0.0137141899179957,75.71716069513755,-0.1611973978328833,-0.1619487664815229,-0.1274644400088328,-0.1420675792545693,-0.1002239086960554,-0.1083684213462384,-0.0666226836966361,-0.1013451742718038,-0.118290229008589,-0.1366530573706071,-0.0891523949331628,-0.1323794543543932,-0.1099040602249038,-0.0758871725184922,-0.1144790233772791,-0.1323426258910934,-0.1521809729894364,-0.2071705067160595,-0.277612154905451,-0.4399989901001654,NEGATIVE,1.0,0.0,4.0,2026-03-18 06:46:44,Random Forest
Sample_0375,-0.5058508532690569,0.859124940870671,-3.934556875863473,-6.589717231682019e-05,1.013082183536578,-0.06153189997444608,-0.46,0.06,-0.1575770439234788,-0.5185929648241207,0.6592327686204437,-1.71861247304513,0.372,0.05,-1.488829604146626,0.3758793969849246,0.9807810170232841,-4.477384064786138,0.98,0.07,-3.934556875863473,0.9788944723618089,0.9912116140591413,-0.08843213551994666,-1.488829604146626,-3.934556875863473,-0.04021253206227211,-0.1005300505838946,-0.1602817760650442,-0.2495037895265163,-0.3110365046748791,-0.2235474989328986,41.09658046115421,-42.41656979675398,6.257528437805714,0.03580324298788578,0.01374282373012938,0.3838429869266127,0.004193606059825905,0.0097608876638906,16.19855754279148,-0.1449458929889725,-0.146510748165952,-0.1501208557948262,-0.1042557160846662,-0.1325018674944207,-0.1460290480939208,-0.1707299865443002,-0.1644133054754837,-0.1609403646439087,-0.1555595948089859,-0.1207797681563396,-0.1541802485339726,-0.1461809664690232,-0.1127921169934291,-0.1327579316694086,-0.1402734358816822,-0.1303513266858166,-0.1619809250533699,-0.1420325272270398,-0.141473680047552,NEGATIVE,1.0,0.0,4.0,2026-03-18 06:46:44,Random Forest
Sample_0156,-0.9286682272581017,0.6722547754464986,-3.24791175682078,-0.04289311915104609,1.858976349465733,-1.885020501177615,-0.46,0.06,-1.309344985597259,-0.4683417085427136,1.290860602734847,-4.173248214160771,0.372,0.05,-3.24791175682078,0.3758793969849246,1.027958403624504,-4.139932059741341,0.98,0.07,-3.009849746215779,0.9788944723618089,1.001861910826071,-1.270801549523776,-3.24791175682078,-3.009849746215779,-0.7215421820143264,-0.797877761437933,-0.8706765446932654,-0.7911465586720903,-0.8656847164135059,-0.3485812595180084,53.70353970747162,-51.55088456093688,10.19820077507973,0.4516914414008051,0.4553264338582863,1.008047512359783,0.09761591187415117,11.62716813348696,5.644219310349473,-0.4169174202618499,-0.4228460559834906,-0.4440956551815822,-0.442010971021545,-0.4496294042106974,-0.4585427190094808,-0.476559689416909,-0.4707001287488632,-0.4718950533400926,-0.489815882277406,-0.4906008505205321,-0.4864334071917593,-0.5127299630910483,-0.5084883734161255,-0.5237546072744156,-0.5300353338649928,-0.5078191320662115,-0.4661708835440076,-0.4682632181418552,-0.4666773981953288,NEGATIVE,1.0,0.0,4.0,2026-03-18 06:46:44,Random Forest
Sample_0105,-1.419553600819388,1.697563200725689,-8.238680864901532,-0.003381728575153953,2.846631864811041,-8.987356053346147,-0.46,0.06,-8.238680864901532,-0.4582914572864322,1.082954123140306,-5.242252197565781,0.372,0.05,-4.441019970386908,0.3758793969849246,1.039906619132458,-3.67687976114502,0.98,0.07,-2.878138138026259,0.9788944723618089,0.994938163782956,-8.238680864901532,-4.441019970386908,-2.878138138026259,-0.7653476352006566,-0.7679609543032959,-0.7225595175210926,-0.5685419939055916,-0.6508071249743675,-0.06122503988172867,94.10426309581068,-93.23104075377623,17.90648801205695,1.714407417773489,2.444288809310258,1.425733920636362,20587.81394866162,254.1428768882398,1.328343500246859,-0.6096245752973187,-0.6314534192664489,-0.616257362260797,-0.623901444498687,-0.6684465922407702,-0.6535708418199176,-0.655327926260259,-0.6465658011904497,-0.655833651965422,-0.6561165278010974,-0.6516930921404995,-0.6472515404369303,-0.6460343832364178,-0.6289803010340758,-0.6460729691137397,-0.5947968094449281,-0.6082284867337318,-0.4868336631973089,-0.4036493130460682,-0.2812726760751846,NEGATIVE,0.99,0.01,4.0,2026-03-18 06:46:44,Random Forest
Sample_0395,-0.9924515736192202,0.6726394037590312,-3.306090913465369,-0.01122640047535562,1.985789986743484,-2.938862025187089,-0.46,0.06,-2.352296835176997,-0.4582914572864322,1.081765598122408,-3.350682747787754,0.372,0.05,-2.34806284324671,0.3658291457286431,1.271114781080647,-4.535480031523795,0.98,0.07,-3.306090913465369,0.9788944723618089,0.9777870484882415,-2.352296835176997,-2.320719079408401,-3.306090913465369,-0.7076509147900514,-0.820699852589888,-0.9061959106900709,-0.9235059721175561,-0.9825158838035222,-0.4686901199354276,44.82487601566355,-42.08046138945749,10.82502480449864,0.8770934900140681,0.6479715498162414,0.7387713592605142,0.6018756389396566,1.083153880952177,19.42244845908692,-0.4355209229319901,-0.444460865892463,-0.4354238651262167,-0.4575231588141922,-0.4343467775334079,-0.4346999354149152,-0.4319851407805418,-0.4636745862682757,-0.4432285214162685,-0.4840653620645438,-0.494578881665384,-0.4531701311815511,-0.4868374545047838,-0.4742888948685808,-0.4930937288494008,-0.4744937743183,-0.459869521871035,-0.4618732613363535,-0.418191915572059,-0.3885668725286044,NEGATIVE,0.99,0.01,4.0,2026-03-18 06:46:44,Random Forest
Sample_0378,-0.9286980403621474,0.9521651725744975,-4.086767079578483,-0.001915032087054125,1.862075435706403,-0.4498352582203844,-0.46,0.06,-0.6682675357327399,-0.5587939698492463,1.0,-4.127753224178841,0.372,0.05,-3.582154514985719,0.3758793969849246,1.0669944910783,-4.317569358269138,0.98,0.07,-4.086767079578483,0.9788944723618089,1.017758461167693,-0.3197946826203414,-3.582154514985719,-4.086767079578483,-0.6840373894143935,-0.6349301947032563,-0.540501345308961,-0.274839793471074,-0.1706817308987155,0.394069012553007,49.62269696896445,-54.64400279412136,8.895157840668363,0.1089782343540832,0.1041871527457565,0.956036343984433,0.001734818038940762,10.1967714919585,9.831763480989334,-0.8571712321953974,-0.8552717627492157,-0.8674553772094076,-0.858069902870671,-0.8316444046604304,-0.8430818265836663,-0.8515071594756431,-0.826014133516192,-0.8463791683948855,-0.8246334480409692,-0.910048041482943,-0.8655355581029215,-0.8422089709175646,-0.8494248349834792,-0.8631638293905843,-0.8518054741750213,-0.8242206087319794,-0.8125398395744411,-0.8114470998016402,-0.7942194512799974,NEGATIVE,1.0,0.0,4.0,2026-03-18 06:46:44,Random Forest
Sample_0125,-0.9909509973709494,0.8594503592174663,-3.926499212501736,-0.023720957178373,1.985063572668887,-1.734330698254484,-0.46,0.06,-0.8121910316087235,-0.4683417085427136,1.216438690130156,-4.677393200906003,0.372,0.05,-3.926499212501736,0.3758793969849246,1.058525787141804,-4.11425693368628,0.98,0.07,-3.595545850346628,0.9788944723618089,1.015087598499095,-0.796171793013257,-3.926499212501736,-3.595545850346628,-0.8378809287084505,-0.8717821000558778,-0.7770276842214937,-0.4893727774618232,-0.3831601102285009,0.3104700988216365,57.64071111074281,-55.91682369651209,10.52598083284677,0.3707900156691011,0.4215416601851755,1.136874355757643,0.07525922535769528,49.8006014230187,5.209146019352117,-0.986844092457206,-0.9492254708688063,-0.9430498554845419,-0.9889340921521602,-0.9619167982424282,-0.9716970308005229,-0.9647638170377436,-0.9487146219322667,-0.9471509626474138,-0.9321350460746414,-0.956857603116887,-0.9490373261261977,-0.9508659455085124,-0.9026622893105891,-0.9483186070670565,-0.9186006574712916,-0.8829153468315153,-0.8805686439871194,-0.8790438825925483,-0.8518040005182426,NEGATIVE,1.0,0.0,4.0,2026-03-18 06:46:44,Random Forest
Sample_0069,-0.8557354285384232,0.6958785700985236,-3.265350702008923,-0.02017632804028725,1.713970130435624,-0.09741111295739646,-0.46,0.06,-0.7201064178712773,-0.5487437185929649,0.8940272826257019,-3.881546529151049,0.372,0.05,-3.265350702008923,0.3658291457286431,1.265214942543446,-3.567627595923764,0.98,0.07,-3.062084820538671,0.9788944723618089,0.9968111989474177,-0.5905718487592347,-3.222077441969738,-3.062084820538671,-0.6763177965464426,-0.6442072001020188,-0.6851913688394683,-0.4374656280567343,-0.4129536180238693,0.07398670410012784,47.02918712427157,-48.08374956395821,7.546585238032209,0.02509595395181356,0.02730417072361888,1.087990947705965,0.004461527691935567,5.011099128209816,0.9442160206383463,-0.6810444334401778,-0.7003325267649567,-0.6639646448961509,-0.6988299457249674,-0.7346083521012181,-0.6901379840351747,-0.6942954629003149,-0.7185856482684755,-0.7013760419771563,-0.7251576010206183,-0.7102156452190146,-0.7259486968496591,-0.670167748385082,-0.698643991183681,-0.6735593097151937,-0.6954439447999138,-0.7172915048962283,-0.7073412839683544,-0.7011050845693563,-0.7444448096897631,NEGATIVE,0.98,0.02,4.0,2026-03-18 06:46:44,Random Forest
Sample_0451,-1.255396680755549,1.260122451323914,-6.684816711232635,-0.004570412991751593,2.514394169394643,-7.595518530384489,-0.46,0.06,-6.684816711232635,-0.4582914572864322,1.092249108390905,-3.937050775894913,0.372,0.05,-3.072707647668182,0.3658291457286431,1.297011900099185,-2.934223917939822,0.98,0.07,-2.129057309186,0.9788944723618089,1.012532460852371,-6.684816711232635,-3.055977371310325,-2.129057309186,-0.8847791402614067,-0.867134752789797,-0.87957688978299,-0.6773905453634818,-0.7308072952943138,0.06625116359329997,77.1827726657522,-81.18141199330722,14.46679322421922,1.929240683632785,2.5885953978991,1.34176902854067,1863.175526317896,5.881487628559332,0.1305077349595946,-0.9633674599362932,-1.020613027213236,-0.9880346523983428,-0.9952753548182944,-1.00436884875997,-0.9706618946132816,-0.9787443661765444,-0.9784322129525996,-0.960213763692964,-0.9556775689302519,-0.9702232530788393,-0.9554175832190325,-0.9763132827989363,-0.9316340008455917,-0.9135072178322154,-0.9106223853675528,-0.8607223663020885,-0.8081976052896875,-0.7075763906667865,-0.6121578918921247,NEGATIVE,0.97,0.03,4.0,2026-03-18 06:46:44,Random Forest
Sample_0010,-1.210414422171368,1.576189046653897,-6.302890634534092,-0.001903337069675853,2.428614465525691,-6.85835719384628,-0.46,0.06,-6.302890634534092,-0.4582914572864322,1.097503928930186,-4.142206579385373,0.372,0.05,-4.043749591277206,0.3658291457286431,1.210830708536117,-4.251399653378957,0.98,0.07,-4.342644637346752,0.9788944723618089,1.010234615686601,-6.302890634534092,-4.026459890143674,-4.342644637346752,-0.3641498229839478,-0.2703764058498843,-0.1479020657077144,-0.1683611971655731,-0.2169477086123175,0.2577223183730919,71.34890373554377,-67.60269171314063,15.25196342661061,1.65572553237167,1.613199829001102,0.9743159705282474,521.9862533046434,10.63101328546565,7.995560597605544,-0.6934674328404291,-0.6862744248448827,-0.6710498800518361,-0.6715514126159394,-0.6758819351836618,-0.6576746408417513,-0.6532072343614765,-0.6559133508961034,-0.6811468549148572,-0.6661639126542301,-0.6454820548575406,-0.6076306866322699,-0.6309924663504232,-0.644356618685578,-0.6166635327746186,-0.6124573693547184,-0.5998059527174214,-0.5273830105088182,-0.4173506981305452,-0.2951025131952593,NEGATIVE,1.0,0.0,4.0,2026-03-18 06:46:44,Random Forest
Sample_0195,-0.5619537913547261,0.8304416812510526,-3.090911607455083,-0.003349388621924396,1.128322750261698,-2.919932573678616,-0.46,0.06,-2.762410331546842,-0.4582914572864322,1.087260151101825,-0.9895137868333999,0.372,0.05,-0.8785342121296404,0.385929648241206,0.8798009235148928,-3.11062600246968,0.98,0.07,-3.090911607455083,0.9788944723618089,1.006526442236788,-2.762410331546842,-0.8441451071561735,-3.090911607455083,-0.1785273141825506,-0.1040443637165852,-0.0833605499987236,-0.01842427397288451,-0.06073596720669172,0.1081079570345064,33.12925034715088,-33.56606602617714,7.020072362981695,2.950876089380079,0.9386961246258267,0.3181076047225787,0.5825279553592048,0.001190780771355515,0.2264580647771711,-0.2307525769407964,-0.2248967091953357,-0.2360675073110904,-0.2073084863951142,-0.2105587920714035,-0.2151804140165975,-0.2023215167835328,-0.2154553276738328,-0.2215129882347518,-0.1577585985184965,-0.1939651387748457,-0.2315168484309528,-0.2165224252125403,-0.1670535172813945,-0.1748293100521746,-0.1798875070958585,-0.1427536763527036,-0.1493469573194964,-0.1143661309073331,-0.07312364909447346,NEGATIVE,0.99,0.01,4.0,2026-03-18 06:46:44,Random Forest
Sample_0407,-1.012509667235223,1.300540510854851,-5.504179561842704,-0.0128917067018151,2.03114584403332,-3.455366959057871,-0.46,0.06,-3.427762974280213,-0.4582914572864322,1.066254842011131,-5.903163111186529,0.372,0.05,-5.504179561842704,0.3758793969849246,1.024629473050898,-4.354893251450432,0.98,0.07,-3.689764237767265,0.9788944723618089,0.9919856488989971,-3.427762974280213,-5.504179561842704,-3.689764237767265,-0.1796908441314742,-0.2293000810726606,-0.330675298551906,-0.1716905434617412,-0.453444809264701,-0.2857882240760489,73.05725567212107,-72.08577326543356,13.71342332169483,0.5853416031330609,0.7934446976184856,1.35552418172832,1.467884461969388,1711.1461589731,11.04776493977563,-0.1171337416532222,-0.07658803232970693,-0.04800426219869299,-0.09458229758354855,-0.09252942119790225,-0.0861517896628571,-0.06855309967663092,-0.1065159466664752,-0.07045577544432714,-0.07254404403465992,-0.09398518777668784,-0.06116858315249105,-0.03117940641282081,-0.04042307255996458,-0.01591952813443168,-0.04920023316343212,-0.06981244025002463,-0.1052733361928887,-0.1028121940842056,-0.1498322976378593,NEGATIVE,0.98,0.02,4.0,2026-03-18 06:46:44,Random Forest
Sample_0085,-1.099331061675031,1.380792904010729,-5.712090789283912,-0.01860866704394078,2.204504855802754,-2.620609980956429,-0.46,0.06,-1.969041669756074,-0.4582914572864322,1.168727252102114,-6.000074076794768,0.372,0.05,-5.712090789283912,0.3758793969849246,1.057457784848683,-4.655324093370336,0.98,0.07,-4.762823719288886,0.9788944723618089,1.025048963398057,-1.969041669756074,-5.712090789283912,-4.762823719288886,-0.5696515397712203,-0.4132375311879489,-0.2751490457221099,-0.1404879156067773,-0.1651082098505454,0.2127407982860948,74.47935104975109,-72.15189362229613,13.27600815112153,0.4367629378263203,0.5629275058826624,1.288862806638854,0.3474857642788026,2263.233795439577,28.24324835656238,-0.7307199809183178,-0.7043564894945865,-0.7457359567502884,-0.7345818288948842,-0.7225806577929895,-0.715447940840058,-0.691008580096701,-0.7305348874821458,-0.7333236474130667,-0.6961926834514204,-0.6917247116743535,-0.6535877811036439,-0.6686690273973905,-0.6458647292894437,-0.6435275233677848,-0.6479516725941763,-0.6370039090090892,-0.6261428092122683,-0.6279982917872632,-0.521426162714552,NEGATIVE,1.0,0.0,4.0,2026-03-18 06:46:44,Random Forest
Sample_0372,-0.6766884118881805,0.5504599238942506,-2.924284796298837,-0.002300365779632663,1.353252692263426,-0.5037300330397794,-0.46,0.06,-0.3131678140727981,-0.3678391959798996,2.951793798434607,-1.892446303664222,0.372,0.05,-1.122132015913725,0.3758793969849246,1.019968090656843,-3.966418371380345,0.98,0.07,-2.924284796298837,0.9889447236180904,0.8718104202968278,-0.1129346972504496,-1.122132015913725,-2.922203065623489,-0.5598386748175734,-0.5922523230612686,-0.6823759656347049,-0.6990760242291064,-0.7780653072553411,-0.4135037171418915,40.55523777929169,-36.62314914557353,6.362594708084346,0.2661793003396922,0.1269987141735826,0.4771171688088052,0.001580713086230344,0.01611855832497824,3.282248566116711,-0.2755357802833177,-0.3171670398556209,-0.2884821391127475,-0.3132316901098642,-0.2964756017012178,-0.3616646976572128,-0.3440061573636948,-0.3279450578805262,-0.3195444294828458,-0.3498772514586444,-0.3573310329399553,-0.3193943136735455,-0.3388422709378421,-0.3515278552304097,-0.3422966829949699,-0.3630143573246654,-0.3928605274081707,-0.3463632808318242,-0.3566412960684028,-0.3110456534867615,NEGATIVE,1.0,0.0,4.0,2026-03-18 06:46:44,Random Forest
Sample_0389,-1.350727857418114,1.61440728656575,-6.65617874245784,-0.01758678834149171,2.710410205259315,-7.312367273118122,-0.46,0.06,-6.65617874245784,-0.4582914572864322,1.097851180207805,-5.089552741051218,0.372,0.05,-4.735943489188745,0.3758793969849246,1.067142549921863,-4.516119916004858,0.98,0.07,-4.43473938281185,0.9788944723618089,1.003093724106799,-6.65617874245784,-4.735943489188745,-4.43473938281185,-0.5680899064531796,-0.5978061923519719,-0.4679068573089568,-0.07741559917327333,-0.01758678834149171,0.3959371851323042,72.51429508144017,-75.41851583527857,16.9180399301742,1.436740642087893,1.619170307503025,1.126974667571193,1142.869010133384,163.5781301193966,18.28248240722142,-0.8556932454533238,-0.8568356773613021,-0.8279782317584811,-0.8124081382386719,-0.8253364945666409,-0.800074718715957,-0.8019194799068331,-0.7785675723472327,-0.8301607241646399,-0.8370371681588674,-0.7755909355010251,-0.7734139414286663,-0.7795666251900123,-0.7920074274310872,-0.7155701552445423,-0.7136821139615154,-0.7079096927537551,-0.6163917006886085,-0.575557757341823,-0.4458973246865048,NEGATIVE,0.99,0.01,4.0,2026-03-18 06:46:44,Random Forest
Sample_0496,-0.8731416702739905,0.9486653682154443,-3.708505135370327,-0.007322480923949645,1.75088997474496,-3.072781621100918,-0.46,0.06,-2.665792443510928,-0.4582914572864322,1.108264271259329,-3.726673640409346,0.372,0.05,-3.315695530897306,0.3758793969849246,1.047576105879924,-4.099321444250798,0.98,0.07,-3.708505135370327,0.9788944723618089,1.000643709832503,-2.665792443510928,-3.315695530897306,-3.708505135370327,-0.4110133100871691,-0.4151586287740163,-0.3912861277206535,-0.2721563340203613,-0.2719794284028421,0.07308793008930288,45.20538594004901,-46.24429921710473,10.89877670576106,0.8245373535750226,0.7495829890116136,0.9090952468818757,0.7583964085413056,3.205211499722422,4.971658404080524,-0.4878694977639083,-0.468126898165745,-0.4473781829988113,-0.4845419809309415,-0.4550512621978919,-0.5136365081779851,-0.4539670788641995,-0.47374044469626,-0.4715469056064924,-0.479515118180338,-0.5169329535371057,-0.4636356705817992,-0.4575723094947347,-0.4640026009484877,-0.4754023632154582,-0.4479777742077926,-0.4577066482477581,-0.4597871721232226,-0.3784211845781176,-0.3572351396644225,NEGATIVE,1.0,0.0,4.0,2026-03-18 06:46:44,Random Forest
Sample_0031,-0.9460536728948867,1.035071918611418,-5.215544652802518,-0.006100311062516944,1.895387301443706,-5.785525303099033,-0.46,0.06,-5.215544652802518,-0.4582914572864322,1.094164796060345,-2.287414030094038,0.372,0.05,-1.701643043801512,0.3758793969849246,1.070736406599206,-3.156145245635098,0.98,0.07,-2.568107593427412,0.9889447236180904,0.9200942608772432,-5.215544652802518,-1.701643043801512,-2.556924075551679,-0.5802212451158945,-0.5391668791219603,-0.5639469555932753,-0.4169507550461493,-0.4613867184327347,0.04786625057556113,58.95954318233421,-60.30511429503164,11.22908457882817,2.529286446171349,1.833098559421601,0.7247492913253906,81.92892542108204,0.05038174676490613,0.2610662148759867,-0.6675643359041016,-0.6589506942461136,-0.6749719929085644,-0.6469095369234596,-0.6573198885129281,-0.6134595855306384,-0.6341186187524532,-0.6412288607945164,-0.662323071094462,-0.6229182809080032,-0.6094053918576603,-0.6358849366745616,-0.6265796969559122,-0.5880733258087236,-0.5720110189889446,-0.5735341072584084,-0.5566281261280904,-0.5418566109313049,-0.4360578195874744,-0.3641682708162344,NEGATIVE,1.0,0.0,4.0,2026-03-18 06:46:44,Random Forest
Sample_0317,-0.9363578484330304,0.8392061115706375,-3.507504168660329,-0.01530694005383053,1.87668964839558,-3.666152466395971,-0.46,0.06,-2.842385554472654,-0.4683417085427136,1.334838995490549,-4.049965225121511,0.372,0.05,-3.507504168660329,0.3658291457286431,1.274423931052867,-3.245721657008781,0.98,0.07,-2.94836847935448,0.9788944723618089,1.023702310668037,-2.808050008680389,-3.491555096950527,-2.94836847935448,-0.6793026315700484,-0.6581082170096482,-0.5414292232014586,-0.2711966810670478,-0.2773065383457782,0.3609337819565663,49.64049982750998,-47.60143596911053,10.96183934852626,0.9052306038716604,1.12953384603369,1.247785747855505,2.112039317891595,8.146742535894445,0.3453763652504008,-0.9018834532024423,-0.9369863958426243,-0.9011222782855535,-0.8962668974311887,-0.8480877215065409,-0.8820495680848666,-0.9132429327605243,-0.9054159052063542,-0.8817831015065585,-0.912040779730236,-0.8513862367370769,-0.8834044843120219,-0.8572904092455502,-0.8779695637475746,-0.8238473286882128,-0.8267071643161799,-0.7418874746709554,-0.7554737012514384,-0.7062533939271975,-0.6532768744312587,NEGATIVE,0.94,0.06,4.0,2026-03-18 06:46:44,Random Forest
Sample_0409,-1.447305589434731,1.553725566846428,-7.912739470330787,-0.002398826877628185,2.900501599507258,-8.964043095953265,-0.46,0.06,-7.912739470330787,-0.4582914572864322,1.094600891830343,-3.677845642715337,0.372,0.05,-2.785981690631936,0.3758793969849246,1.045212640462302,-4.343544002986962,0.98,0.07,-3.617181588422093,0.9788944723618089,1.005394296838604,-7.912739470330787,-2.785981690631936,-3.617181588422093,-0.9579952098038931,-0.9692640499148163,-0.8935625206849955,-0.7424754483459788,-0.604699378039143,0.1930975433729096,89.9275660474552,-97.1494354649513,16.98543274165556,2.437308132740218,2.063762469031944,0.8467384329907011,19775.80881511045,2.783996758063306,10.66289600736796,-1.054306279347003,-1.028002893885351,-1.058123595089933,-1.046472301226256,-1.074818201387297,-1.032760995215161,-1.057938179069124,-1.007748267695199,-1.027739240260448,-0.9954068368449303,-1.055078182773831,-1.038463342537266,-1.024344535045762,-1.013080435586171,-1.051500804007488,-0.9857390066014848,-0.9270607461324689,-0.8231478798148335,-0.7458570302642166,-0.6595229362945445,NEGATIVE,1.0,0.0,4.0,2026-03-18 06:46:44,Random Forest
Sample_0362,-0.9615846839126923,1.440223096710357,-6.009600714814384,-0.006568535705753864,1.932119245674477,-6.166978510823675,-0.46,0.06,-6.009600714814384,-0.4582914572864322,1.078828475951523,-2.374712265929465,0.372,0.05,-2.176753979124492,0.3658291457286431,1.206064503491945,-3.994542834561331,0.98,0.07,-3.870886876290712,0.9688442211055277,1.091053393197384,-6.009600714814384,-2.172347762437835,-3.870593695379916,-0.1586798960696592,-0.1967952050906323,-0.1978919644940301,-0.05162482901158081,-0.02841636286412219,0.0119095180034957,62.60431715748717,-64.05059126104683,12.53623361131447,2.596937152893305,1.543850890135946,0.5944891228560951,158.264748161403,0.06481410169000762,3.583704601156186,-0.08298135593145409,-0.1337814771576108,-0.09961800766401967,-0.102354879449433,-0.07967209739165731,-0.1235524068184222,-0.1166797475849051,-0.1085306793558477,-0.1022616788278512,-0.115907978847951,-0.1282121263098373,-0.1126694595379472,-0.1431414485359546,-0.1083052489265663,-0.08263491519537206,-0.1051514693382435,-0.0180658523592946,-0.02660745412165114,-0.04577794205278795,-0.1437004195876769,NEGATIVE,0.9994654,0.000534593,4.0,2026-03-18 07:19:01,Graph Neural Network
Sample_0074,-1.15156586792421,1.83382011662609,-7.987180149256619,-0.0003311658480724556,2.311392866242539,-8.004411008076874,-0.46,0.06,-7.987180149256619,-0.4582914572864322,1.068090647109069,-1.836461787204623,0.372,0.05,-1.543197326210644,0.3758793969849246,0.9933695493461873,-4.970966213886118,0.98,0.07,-4.512140281247019,0.9788944723618089,0.9933435257326395,-7.987180149256619,-1.543197326210644,-4.512140281247019,-0.1254870021443383,-0.1867921838721553,-0.1978719686738495,-0.2647374524844202,-0.2480230150312633,-0.1683859958765547,82.50953358187175,-81.06136354488818,14.81183900916762,4.358604716878328,1.610232430411012,0.3694375918457399,3773.721716962681,0.0137141899179957,75.71716069513755,-0.1611973978328833,-0.1619487664815229,-0.1274644400088328,-0.1420675792545693,-0.1002239086960554,-0.1083684213462384,-0.0666226836966361,-0.1013451742718038,-0.118290229008589,-0.1366530573706071,-0.0891523949331628,-0.1323794543543932,-0.1099040602249038,-0.0758871725184922,-0.1144790233772791,-0.1323426258910934,-0.1521809729894364,-0.2071705067160595,-0.277612154905451,-0.4399989901001654,NEGATIVE,0.99512887,0.004871091,4.0,2026-03-18 07:19:01,Graph Neural Network
Sample_0375,-0.5058508532690569,0.859124940870671,-3.934556875863473,-6.589717231682019e-05,1.013082183536578,-0.06153189997444608,-0.46,0.06,-0.1575770439234788,-0.5185929648241207,0.6592327686204437,-1.71861247304513,0.372,0.05,-1.488829604146626,0.3758793969849246,0.9807810170232841,-4.477384064786138,0.98,0.07,-3.934556875863473,0.9788944723618089,0.9912116140591413,-0.08843213551994666,-1.488829604146626,-3.934556875863473,-0.04021253206227211,-0.1005300505838946,-0.1602817760650442,-0.2495037895265163,-0.3110365046748791,-0.2235474989328986,41.09658046115421,-42.41656979675398,6.257528437805714,0.03580324298788578,0.01374282373012938,0.3838429869266127,0.004193606059825905,0.0097608876638906,16.19855754279148,-0.1449458929889725,-0.146510748165952,-0.1501208557948262,-0.1042557160846662,-0.1325018674944207,-0.1460290480939208,-0.1707299865443002,-0.1644133054754837,-0.1609403646439087,-0.1555595948089859,-0.1207797681563396,-0.1541802485339726,-0.1461809664690232,-0.1127921169934291,-0.1327579316694086,-0.1402734358816822,-0.1303513266858166,-0.1619809250533699,-0.1420325272270398,-0.141473680047552,NEGATIVE,0.99988306,0.000116913994,4.0,2026-03-18 07:19:01,Graph Neural Network
Sample_0156,-0.9286682272581017,0.6722547754464986,-3.24791175682078,-0.04289311915104609,1.858976349465733,-1.885020501177615,-0.46,0.06,-1.309344985597259,-0.4683417085427136,1.290860602734847,-4.173248214160771,0.372,0.05,-3.24791175682078,0.3758793969849246,1.027958403624504,-4.139932059741341,0.98,0.07,-3.009849746215779,0.9788944723618089,1.001861910826071,-1.270801549523776,-3.24791175682078,-3.009849746215779,-0.7215421820143264,-0.797877761437933,-0.8706765446932654,-0.7911465586720903,-0.8656847164135059,-0.3485812595180084,53.70353970747162,-51.55088456093688,10.19820077507973,0.4516914414008051,0.4553264338582863,1.008047512359783,0.09761591187415117,11.62716813348696,5.644219310349473,-0.4169174202618499,-0.4228460559834906,-0.4440956551815822,-0.442010971021545,-0.4496294042106974,-0.4585427190094808,-0.476559689416909,-0.4707001287488632,-0.4718950533400926,-0.489815882277406,-0.4906008505205321,-0.4864334071917593,-0.5127299630910483,-0.5084883734161255,-0.5237546072744156,-0.5300353338649928,-0.5078191320662115,-0.4661708835440076,-0.4682632181418552,-0.4666773981953288,NEGATIVE,0.99988854,0.000111394125,4.0,2026-03-18 07:19:01,Graph Neural Network
Sample_0105,-1.419553600819388,1.697563200725689,-8.238680864901532,-0.003381728575153953,2.846631864811041,-8.987356053346147,-0.46,0.06,-8.238680864901532,-0.4582914572864322,1.082954123140306,-5.242252197565781,0.372,0.05,-4.441019970386908,0.3758793969849246,1.039906619132458,-3.67687976114502,0.98,0.07,-2.878138138026259,0.9788944723618089,0.994938163782956,-8.238680864901532,-4.441019970386908,-2.878138138026259,-0.7653476352006566,-0.7679609543032959,-0.7225595175210926,-0.5685419939055916,-0.6508071249743675,-0.06122503988172867,94.10426309581068,-93.23104075377623,17.90648801205695,1.714407417773489,2.444288809310258,1.425733920636362,20587.81394866162,254.1428768882398,1.328343500246859,-0.6096245752973187,-0.6314534192664489,-0.616257362260797,-0.623901444498687,-0.6684465922407702,-0.6535708418199176,-0.655327926260259,-0.6465658011904497,-0.655833651965422,-0.6561165278010974,-0.6516930921404995,-0.6472515404369303,-0.6460343832364178,-0.6289803010340758,-0.6460729691137397,-0.5947968094449281,-0.6082284867337318,-0.4868336631973089,-0.4036493130460682,-0.2812726760751846,NEGATIVE,0.61955273,0.3804473,4.0,2026-03-18 07:19:01,Graph Neural Network
Sample_0395,-0.9924515736192202,0.6726394037590312,-3.306090913465369,-0.01122640047535562,1.985789986743484,-2.938862025187089,-0.46,0.06,-2.352296835176997,-0.4582914572864322,1.081765598122408,-3.350682747787754,0.372,0.05,-2.34806284324671,0.3658291457286431,1.271114781080647,-4.535480031523795,0.98,0.07,-3.306090913465369,0.9788944723618089,0.9777870484882415,-2.352296835176997,-2.320719079408401,-3.306090913465369,-0.7076509147900514,-0.820699852589888,-0.9061959106900709,-0.9235059721175561,-0.9825158838035222,-0.4686901199354276,44.82487601566355,-42.08046138945749,10.82502480449864,0.8770934900140681,0.6479715498162414,0.7387713592605142,0.6018756389396566,1.083153880952177,19.42244845908692,-0.4355209229319901,-0.444460865892463,-0.4354238651262167,-0.4575231588141922,-0.4343467775334079,-0.4346999354149152,-0.4319851407805418,-0.4636745862682757,-0.4432285214162685,-0.4840653620645438,-0.494578881665384,-0.4531701311815511,-0.4868374545047838,-0.4742888948685808,-0.4930937288494008,-0.4744937743183,-0.459869521871035,-0.4618732613363535,-0.418191915572059,-0.3885668725286044,NEGATIVE,0.99987245,0.00012758473,4.0,2026-03-18 07:19:01,Graph Neural Network
Sample_0378,-0.9286980403621474,0.9521651725744975,-4.086767079578483,-0.001915032087054125,1.862075435706403,-0.4498352582203844,-0.46,0.06,-0.6682675357327399,-0.5587939698492463,1.0,-4.127753224178841,0.372,0.05,-3.582154514985719,0.3758793969849246,1.0669944910783,-4.317569358269138,0.98,0.07,-4.086767079578483,0.9788944723618089,1.017758461167693,-0.3197946826203414,-3.582154514985719,-4.086767079578483,-0.6840373894143935,-0.6349301947032563,-0.540501345308961,-0.274839793471074,-0.1706817308987155,0.394069012553007,49.62269696896445,-54.64400279412136,8.895157840668363,0.1089782343540832,0.1041871527457565,0.956036343984433,0.001734818038940762,10.1967714919585,9.831763480989334,-0.8571712321953974,-0.8552717627492157,-0.8674553772094076,-0.858069902870671,-0.8316444046604304,-0.8430818265836663,-0.8515071594756431,-0.826014133516192,-0.8463791683948855,-0.8246334480409692,-0.910048041482943,-0.8655355581029215,-0.8422089709175646,-0.8494248349834792,-0.8631638293905843,-0.8518054741750213,-0.8242206087319794,-0.8125398395744411,-0.8114470998016402,-0.7942194512799974,NEGATIVE,0.9998826,0.00011746334,4.0,2026-03-18 07:19:01,Graph Neural Network
Sample_0125,-0.9909509973709494,0.8594503592174663,-3.926499212501736,-0.023720957178373,1.985063572668887,-1.734330698254484,-0.46,0.06,-0.8121910316087235,-0.4683417085427136,1.216438690130156,-4.677393200906003,0.372,0.05,-3.926499212501736,0.3758793969849246,1.058525787141804,-4.11425693368628,0.98,0.07,-3.595545850346628,0.9788944723618089,1.015087598499095,-0.796171793013257,-3.926499212501736,-3.595545850346628,-0.8378809287084505,-0.8717821000558778,-0.7770276842214937,-0.4893727774618232,-0.3831601102285009,0.3104700988216365,57.64071111074281,-55.91682369651209,10.52598083284677,0.3707900156691011,0.4215416601851755,1.136874355757643,0.07525922535769528,49.8006014230187,5.209146019352117,-0.986844092457206,-0.9492254708688063,-0.9430498554845419,-0.9889340921521602,-0.9619167982424282,-0.9716970308005229,-0.9647638170377436,-0.9487146219322667,-0.9471509626474138,-0.9321350460746414,-0.956857603116887,-0.9490373261261977,-0.9508659455085124,-0.9026622893105891,-0.9483186070670565,-0.9186006574712916,-0.8829153468315153,-0.8805686439871194,-0.8790438825925483,-0.8518040005182426,NEGATIVE,0.9997527,0.00024730762,4.0,2026-03-18 07:19:01,Graph Neural Network
Sample_0069,-0.8557354285384232,0.6958785700985236,-3.265350702008923,-0.02017632804028725,1.713970130435624,-0.09741111295739646,-0.46,0.06,-0.7201064178712773,-0.5487437185929649,0.8940272826257019,-3.881546529151049,0.372,0.05,-3.265350702008923,0.3658291457286431,1.265214942543446,-3.567627595923764,0.98,0.07,-3.062084820538671,0.9788944723618089,0.9968111989474177,-0.5905718487592347,-3.222077441969738,-3.062084820538671,-0.6763177965464426,-0.6442072001020188,-0.6851913688394683,-0.4374656280567343,-0.4129536180238693,0.07398670410012784,47.02918712427157,-48.08374956395821,7.546585238032209,0.02509595395181356,0.02730417072361888,1.087990947705965,0.004461527691935567,5.011099128209816,0.9442160206383463,-0.6810444334401778,-0.7003325267649567,-0.6639646448961509,-0.6988299457249674,-0.7346083521012181,-0.6901379840351747,-0.6942954629003149,-0.7185856482684755,-0.7013760419771563,-0.7251576010206183,-0.7102156452190146,-0.7259486968496591,-0.670167748385082,-0.698643991183681,-0.6735593097151937,-0.6954439447999138,-0.7172915048962283,-0.7073412839683544,-0.7011050845693563,-0.7444448096897631,NEGATIVE,0.99990845,9.160033e-05,4.0,2026-03-18 07:19:01,Graph Neural Network
Sample_0451,-1.255396680755549,1.260122451323914,-6.684816711232635,-0.004570412991751593,2.514394169394643,-7.595518530384489,-0.46,0.06,-6.684816711232635,-0.4582914572864322,1.092249108390905,-3.937050775894913,0.372,0.05,-3.072707647668182,0.3658291457286431,1.297011900099185,-2.934223917939822,0.98,0.07,-2.129057309186,0.9788944723618089,1.012532460852371,-6.684816711232635,-3.055977371310325,-2.129057309186,-0.8847791402614067,-0.867134752789797,-0.87957688978299,-0.6773905453634818,-0.7308072952943138,0.06625116359329997,77.1827726657522,-81.18141199330722,14.46679322421922,1.929240683632785,2.5885953978991,1.34176902854067,1863.175526317896,5.881487628559332,0.1305077349595946,-0.9633674599362932,-1.020613027213236,-0.9880346523983428,-0.9952753548182944,-1.00436884875997,-0.9706618946132816,-0.9787443661765444,-0.9784322129525996,-0.960213763692964,-0.9556775689302519,-0.9702232530788393,-0.9554175832190325,-0.9763132827989363,-0.9316340008455917,-0.9135072178322154,-0.9106223853675528,-0.8607223663020885,-0.8081976052896875,-0.7075763906667865,-0.6121578918921247,NEGATIVE,0.99912506,0.00087491056,4.0,2026-03-18 07:19:01,Graph Neural Network
Sample_0010,-1.210414422171368,1.576189046653897,-6.302890634534092,-0.001903337069675853,2.428614465525691,-6.85835719384628,-0.46,0.06,-6.302890634534092,-0.4582914572864322,1.097503928930186,-4.142206579385373,0.372,0.05,-4.043749591277206,0.3658291457286431,1.210830708536117,-4.251399653378957,0.98,0.07,-4.342644637346752,0.9788944723618089,1.010234615686601,-6.302890634534092,-4.026459890143674,-4.342644637346752,-0.3641498229839478,-0.2703764058498843,-0.1479020657077144,-0.1683611971655731,-0.2169477086123175,0.2577223183730919,71.34890373554377,-67.60269171314063,15.25196342661061,1.65572553237167,1.613199829001102,0.9743159705282474,521.9862533046434,10.63101328546565,7.995560597605544,-0.6934674328404291,-0.6862744248448827,-0.6710498800518361,-0.6715514126159394,-0.6758819351836618,-0.6576746408417513,-0.6532072343614765,-0.6559133508961034,-0.6811468549148572,-0.6661639126542301,-0.6454820548575406,-0.6076306866322699,-0.6309924663504232,-0.644356618685578,-0.6166635327746186,-0.6124573693547184,-0.5998059527174214,-0.5273830105088182,-0.4173506981305452,-0.2951025131952593,NEGATIVE,0.99923134,0.00076867855,4.0,2026-03-18 07:19:01,Graph Neural Network
Sample_0195,-0.5619537913547261,0.8304416812510526,-3.090911607455083,-0.003349388621924396,1.128322750261698,-2.919932573678616,-0.46,0.06,-2.762410331546842,-0.4582914572864322,1.087260151101825,-0.9895137868333999,0.372,0.05,-0.8785342121296404,0.385929648241206,0.8798009235148928,-3.11062600246968,0.98,0.07,-3.090911607455083,0.9788944723618089,1.006526442236788,-2.762410331546842,-0.8441451071561735,-3.090911607455083,-0.1785273141825506,-0.1040443637165852,-0.0833605499987236,-0.01842427397288451,-0.06073596720669172,0.1081079570345064,33.12925034715088,-33.56606602617714,7.020072362981695,2.950876089380079,0.9386961246258267,0.3181076047225787,0.5825279553592048,0.001190780771355515,0.2264580647771711,-0.2307525769407964,-0.2248967091953357,-0.2360675073110904,-0.2073084863951142,-0.2105587920714035,-0.2151804140165975,-0.2023215167835328,-0.2154553276738328,-0.2215129882347518,-0.1577585985184965,-0.1939651387748457,-0.2315168484309528,-0.2165224252125403,-0.1670535172813945,-0.1748293100521746,-0.1798875070958585,-0.1427536763527036,-0.1493469573194964,-0.1143661309073331,-0.07312364909447346,NEGATIVE,0.9999132,8.674348e-05,4.0,2026-03-18 07:19:01,Graph Neural Network
Sample_0407,-1.012509667235223,1.300540510854851,-5.504179561842704,-0.0128917067018151,2.03114584403332,-3.455366959057871,-0.46,0.06,-3.427762974280213,-0.4582914572864322,1.066254842011131,-5.903163111186529,0.372,0.05,-5.504179561842704,0.3758793969849246,1.024629473050898,-4.354893251450432,0.98,0.07,-3.689764237767265,0.9788944723618089,0.9919856488989971,-3.427762974280213,-5.504179561842704,-3.689764237767265,-0.1796908441314742,-0.2293000810726606,-0.330675298551906,-0.1716905434617412,-0.453444809264701,-0.2857882240760489,73.05725567212107,-72.08577326543356,13.71342332169483,0.5853416031330609,0.7934446976184856,1.35552418172832,1.467884461969388,1711.1461589731,11.04776493977563,-0.1171337416532222,-0.07658803232970693,-0.04800426219869299,-0.09458229758354855,-0.09252942119790225,-0.0861517896628571,-0.06855309967663092,-0.1065159466664752,-0.07045577544432714,-0.07254404403465992,-0.09398518777668784,-0.06116858315249105,-0.03117940641282081,-0.04042307255996458,-0.01591952813443168,-0.04920023316343212,-0.06981244025002463,-0.1052733361928887,-0.1028121940842056,-0.1498322976378593,NEGATIVE,0.99904686,0.00095309207,4.0,2026-03-18 07:19:01,Graph Neural Network
Sample_0085,-1.099331061675031,1.380792904010729,-5.712090789283912,-0.01860866704394078,2.204504855802754,-2.620609980956429,-0.46,0.06,-1.969041669756074,-0.4582914572864322,1.168727252102114,-6.000074076794768,0.372,0.05,-5.712090789283912,0.3758793969849246,1.057457784848683,-4.655324093370336,0.98,0.07,-4.762823719288886,0.9788944723618089,1.025048963398057,-1.969041669756074,-5.712090789283912,-4.762823719288886,-0.5696515397712203,-0.4132375311879489,-0.2751490457221099,-0.1404879156067773,-0.1651082098505454,0.2127407982860948,74.47935104975109,-72.15189362229613,13.27600815112153,0.4367629378263203,0.5629275058826624,1.288862806638854,0.3474857642788026,2263.233795439577,28.24324835656238,-0.7307199809183178,-0.7043564894945865,-0.7457359567502884,-0.7345818288948842,-0.7225806577929895,-0.715447940840058,-0.691008580096701,-0.7305348874821458,-0.7333236474130667,-0.6961926834514204,-0.6917247116743535,-0.6535877811036439,-0.6686690273973905,-0.6458647292894437,-0.6435275233677848,-0.6479516725941763,-0.6370039090090892,-0.6261428092122683,-0.6279982917872632,-0.521426162714552,NEGATIVE,0.99839824,0.0016017191,4.0,2026-03-18 07:19:01,Graph Neural Network
Sample_0372,-0.6766884118881805,0.5504599238942506,-2.924284796298837,-0.002300365779632663,1.353252692263426,-0.5037300330397794,-0.46,0.06,-0.3131678140727981,-0.3678391959798996,2.951793798434607,-1.892446303664222,0.372,0.05,-1.122132015913725,0.3758793969849246,1.019968090656843,-3.966418371380345,0.98,0.07,-2.924284796298837,0.9889447236180904,0.8718104202968278,-0.1129346972504496,-1.122132015913725,-2.922203065623489,-0.5598386748175734,-0.5922523230612686,-0.6823759656347049,-0.6990760242291064,-0.7780653072553411,-0.4135037171418915,40.55523777929169,-36.62314914557353,6.362594708084346,0.2661793003396922,0.1269987141735826,0.4771171688088052,0.001580713086230344,0.01611855832497824,3.282248566116711,-0.2755357802833177,-0.3171670398556209,-0.2884821391127475,-0.3132316901098642,-0.2964756017012178,-0.3616646976572128,-0.3440061573636948,-0.3279450578805262,-0.3195444294828458,-0.3498772514586444,-0.3573310329399553,-0.3193943136735455,-0.3388422709378421,-0.3515278552304097,-0.3422966829949699,-0.3630143573246654,-0.3928605274081707,-0.3463632808318242,-0.3566412960684028,-0.3110456534867615,NEGATIVE,0.9999112,8.879545e-05,4.0,2026-03-18 07:19:01,Graph Neural Network
Sample_0389,-1.350727857418114,1.61440728656575,-6.65617874245784,-0.01758678834149171,2.710410205259315,-7.312367273118122,-0.46,0.06,-6.65617874245784,-0.4582914572864322,1.097851180207805,-5.089552741051218,0.372,0.05,-4.735943489188745,0.3758793969849246,1.067142549921863,-4.516119916004858,0.98,0.07,-4.43473938281185,0.9788944723618089,1.003093724106799,-6.65617874245784,-4.735943489188745,-4.43473938281185,-0.5680899064531796,-0.5978061923519719,-0.4679068573089568,-0.07741559917327333,-0.01758678834149171,0.3959371851323042,72.51429508144017,-75.41851583527857,16.9180399301742,1.436740642087893,1.619170307503025,1.126974667571193,1142.869010133384,163.5781301193966,18.28248240722142,-0.8556932454533238,-0.8568356773613021,-0.8279782317584811,-0.8124081382386719,-0.8253364945666409,-0.800074718715957,-0.8019194799068331,-0.7785675723472327,-0.8301607241646399,-0.8370371681588674,-0.7755909355010251,-0.7734139414286663,-0.7795666251900123,-0.7920074274310872,-0.7155701552445423,-0.7136821139615154,-0.7079096927537551,-0.6163917006886085,-0.575557757341823,-0.4458973246865048,NEGATIVE,0.9941954,0.005804623,4.0,2026-03-18 07:19:01,Graph Neural Network
Sample_0496,-0.8731416702739905,0.9486653682154443,-3.708505135370327,-0.007322480923949645,1.75088997474496,-3.072781621100918,-0.46,0.06,-2.665792443510928,-0.4582914572864322,1.108264271259329,-3.726673640409346,0.372,0.05,-3.315695530897306,0.3758793969849246,1.047576105879924,-4.099321444250798,0.98,0.07,-3.708505135370327,0.9788944723618089,1.000643709832503,-2.665792443510928,-3.315695530897306,-3.708505135370327,-0.4110133100871691,-0.4151586287740163,-0.3912861277206535,-0.2721563340203613,-0.2719794284028421,0.07308793008930288,45.20538594004901,-46.24429921710473,10.89877670576106,0.8245373535750226,0.7495829890116136,0.9090952468818757,0.7583964085413056,3.205211499722422,4.971658404080524,-0.4878694977639083,-0.468126898165745,-0.4473781829988113,-0.4845419809309415,-0.4550512621978919,-0.5136365081779851,-0.4539670788641995,-0.47374044469626,-0.4715469056064924,-0.479515118180338,-0.5169329535371057,-0.4636356705817992,-0.4575723094947347,-0.4640026009484877,-0.4754023632154582,-0.4479777742077926,-0.4577066482477581,-0.4597871721232226,-0.3784211845781176,-0.3572351396644225,NEGATIVE,0.9999058,9.4140414e-05,4.0,2026-03-18 07:19:01,Graph Neural Network
Sample_0031,-0.9460536728948867,1.035071918611418,-5.215544652802518,-0.006100311062516944,1.895387301443706,-5.785525303099033,-0.46,0.06,-5.215544652802518,-0.4582914572864322,1.094164796060345,-2.287414030094038,0.372,0.05,-1.701643043801512,0.3758793969849246,1.070736406599206,-3.156145245635098,0.98,0.07,-2.568107593427412,0.9889447236180904,0.9200942608772432,-5.215544652802518,-1.701643043801512,-2.556924075551679,-0.5802212451158945,-0.5391668791219603,-0.5639469555932753,-0.4169507550461493,-0.4613867184327347,0.04786625057556113,58.95954318233421,-60.30511429503164,11.22908457882817,2.529286446171349,1.833098559421601,0.7247492913253906,81.92892542108204,0.05038174676490613,0.2610662148759867,-0.6675643359041016,-0.6589506942461136,-0.6749719929085644,-0.6469095369234596,-0.6573198885129281,-0.6134595855306384,-0.6341186187524532,-0.6412288607945164,-0.662323071094462,-0.6229182809080032,-0.6094053918576603,-0.6358849366745616,-0.6265796969559122,-0.5880733258087236,-0.5720110189889446,-0.5735341072584084,-0.5566281261280904,-0.5418566109313049,-0.4360578195874744,-0.3641682708162344,NEGATIVE,0.99965894,0.0003410249,4.0,2026-03-18 07:19:01,Graph Neural Network
Sample_0317,-0.9363578484330304,0.8392061115706375,-3.507504168660329,-0.01530694005383053,1.87668964839558,-3.666152466395971,-0.46,0.06,-2.842385554472654,-0.4683417085427136,1.334838995490549,-4.049965225121511,0.372,0.05,-3.507504168660329,0.3658291457286431,1.274423931052867,-3.245721657008781,0.98,0.07,-2.94836847935448,0.9788944723618089,1.023702310668037,-2.808050008680389,-3.491555096950527,-2.94836847935448,-0.6793026315700484,-0.6581082170096482,-0.5414292232014586,-0.2711966810670478,-0.2773065383457782,0.3609337819565663,49.64049982750998,-47.60143596911053,10.96183934852626,0.9052306038716604,1.12953384603369,1.247785747855505,2.112039317891595,8.146742535894445,0.3453763652504008,-0.9018834532024423,-0.9369863958426243,-0.9011222782855535,-0.8962668974311887,-0.8480877215065409,-0.8820495680848666,-0.9132429327605243,-0.9054159052063542,-0.8817831015065585,-0.912040779730236,-0.8513862367370769,-0.8834044843120219,-0.8572904092455502,-0.8779695637475746,-0.8238473286882128,-0.8267071643161799,-0.7418874746709554,-0.7554737012514384,-0.7062533939271975,-0.6532768744312587,NEGATIVE,0.9999014,9.860435e-05,4.0,2026-03-18 07:19:01,Graph Neural Network
Sample_0409,-1.447305589434731,1.553725566846428,-7.912739470330787,-0.002398826877628185,2.900501599507258,-8.964043095953265,-0.46,0.06,-7.912739470330787,-0.4582914572864322,1.094600891830343,-3.677845642715337,0.372,0.05,-2.785981690631936,0.3758793969849246,1.045212640462302,-4.343544002986962,0.98,0.07,-3.617181588422093,0.9788944723618089,1.005394296838604,-7.912739470330787,-2.785981690631936,-3.617181588422093,-0.9579952098038931,-0.9692640499148163,-0.8935625206849955,-0.7424754483459788,-0.604699378039143,0.1930975433729096,89.9275660474552,-97.1494354649513,16.98543274165556,2.437308132740218,2.063762469031944,0.8467384329907011,19775.80881511045,2.783996758063306,10.66289600736796,-1.054306279347003,-1.028002893885351,-1.058123595089933,-1.046472301226256,-1.074818201387297,-1.032760995215161,-1.057938179069124,-1.007748267695199,-1.027739240260448,-0.9954068368449303,-1.055078182773831,-1.038463342537266,-1.024344535045762,-1.013080435586171,-1.051500804007488,-0.9857390066014848,-0.9270607461324689,-0.8231478798148335,-0.7458570302642166,-0.6595229362945445,NEGATIVE,0.9128512,0.0871488,4.0,2026-03-18 07:19:01,Graph Neural Network
2026-03-18 07:19:22,Graph Neural Network,0,0.000534593,0.9994654,4/4 Models,158.2647,0.0648,3.5837
Sample_0362,-0.9615846839126923,1.440223096710357,-6.009600714814384,-0.006568535705753864,1.932119245674477,-6.166978510823675,-0.46,0.06,-6.009600714814384,-0.4582914572864322,1.078828475951523,-2.374712265929465,0.372,0.05,-2.176753979124492,0.3658291457286431,1.206064503491945,-3.994542834561331,0.98,0.07,-3.870886876290712,0.9688442211055277,1.091053393197384,-6.009600714814384,-2.172347762437835,-3.870593695379916,-0.1586798960696592,-0.1967952050906323,-0.1978919644940301,-0.05162482901158081,-0.02841636286412219,0.0119095180034957,62.60431715748717,-64.05059126104683,12.53623361131447,2.596937152893305,1.543850890135946,0.5944891228560951,158.264748161403,0.06481410169000762,3.583704601156186,-0.08298135593145409,-0.1337814771576108,-0.09961800766401967,-0.102354879449433,-0.07967209739165731,-0.1235524068184222,-0.1166797475849051,-0.1085306793558477,-0.1022616788278512,-0.115907978847951,-0.1282121263098373,-0.1126694595379472,-0.1431414485359546,-0.1083052489265663,-0.08263491519537206,-0.1051514693382435,-0.0180658523592946,-0.02660745412165114,-0.04577794205278795,-0.1437004195876769,NEGATIVE,0.9994654,0.000534593,4.0,2026-03-18 07:20:23,Graph Neural Network
Sample_0074,-1.15156586792421,1.83382011662609,-7.987180149256619,-0.0003311658480724556,2.311392866242539,-8.004411008076874,-0.46,0.06,-7.987180149256619,-0.4582914572864322,1.068090647109069,-1.836461787204623,0.372,0.05,-1.543197326210644,0.3758793969849246,0.9933695493461873,-4.970966213886118,0.98,0.07,-4.512140281247019,0.9788944723618089,0.9933435257326395,-7.987180149256619,-1.543197326210644,-4.512140281247019,-0.1254870021443383,-0.1867921838721553,-0.1978719686738495,-0.2647374524844202,-0.2480230150312633,-0.1683859958765547,82.50953358187175,-81.06136354488818,14.81183900916762,4.358604716878328,1.610232430411012,0.3694375918457399,3773.721716962681,0.0137141899179957,75.71716069513755,-0.1611973978328833,-0.1619487664815229,-0.1274644400088328,-0.1420675792545693,-0.1002239086960554,-0.1083684213462384,-0.0666226836966361,-0.1013451742718038,-0.118290229008589,-0.1366530573706071,-0.0891523949331628,-0.1323794543543932,-0.1099040602249038,-0.0758871725184922,-0.1144790233772791,-0.1323426258910934,-0.1521809729894364,-0.2071705067160595,-0.277612154905451,-0.4399989901001654,NEGATIVE,0.99512887,0.004871091,4.0,2026-03-18 07:20:23,Graph Neural Network
Sample_0375,-0.5058508532690569,0.859124940870671,-3.934556875863473,-6.589717231682019e-05,1.013082183536578,-0.06153189997444608,-0.46,0.06,-0.1575770439234788,-0.5185929648241207,0.6592327686204437,-1.71861247304513,0.372,0.05,-1.488829604146626,0.3758793969849246,0.9807810170232841,-4.477384064786138,0.98,0.07,-3.934556875863473,0.9788944723618089,0.9912116140591413,-0.08843213551994666,-1.488829604146626,-3.934556875863473,-0.04021253206227211,-0.1005300505838946,-0.1602817760650442,-0.2495037895265163,-0.3110365046748791,-0.2235474989328986,41.09658046115421,-42.41656979675398,6.257528437805714,0.03580324298788578,0.01374282373012938,0.3838429869266127,0.004193606059825905,0.0097608876638906,16.19855754279148,-0.1449458929889725,-0.146510748165952,-0.1501208557948262,-0.1042557160846662,-0.1325018674944207,-0.1460290480939208,-0.1707299865443002,-0.1644133054754837,-0.1609403646439087,-0.1555595948089859,-0.1207797681563396,-0.1541802485339726,-0.1461809664690232,-0.1127921169934291,-0.1327579316694086,-0.1402734358816822,-0.1303513266858166,-0.1619809250533699,-0.1420325272270398,-0.141473680047552,NEGATIVE,0.99988306,0.000116913994,4.0,2026-03-18 07:20:23,Graph Neural Network
Sample_0156,-0.9286682272581017,0.6722547754464986,-3.24791175682078,-0.04289311915104609,1.858976349465733,-1.885020501177615,-0.46,0.06,-1.309344985597259,-0.4683417085427136,1.290860602734847,-4.173248214160771,0.372,0.05,-3.24791175682078,0.3758793969849246,1.027958403624504,-4.139932059741341,0.98,0.07,-3.009849746215779,0.9788944723618089,1.001861910826071,-1.270801549523776,-3.24791175682078,-3.009849746215779,-0.7215421820143264,-0.797877761437933,-0.8706765446932654,-0.7911465586720903,-0.8656847164135059,-0.3485812595180084,53.70353970747162,-51.55088456093688,10.19820077507973,0.4516914414008051,0.4553264338582863,1.008047512359783,0.09761591187415117,11.62716813348696,5.644219310349473,-0.4169174202618499,-0.4228460559834906,-0.4440956551815822,-0.442010971021545,-0.4496294042106974,-0.4585427190094808,-0.476559689416909,-0.4707001287488632,-0.4718950533400926,-0.489815882277406,-0.4906008505205321,-0.4864334071917593,-0.5127299630910483,-0.5084883734161255,-0.5237546072744156,-0.5300353338649928,-0.5078191320662115,-0.4661708835440076,-0.4682632181418552,-0.4666773981953288,NEGATIVE,0.99988854,0.000111394125,4.0,2026-03-18 07:20:23,Graph Neural Network
Sample_0105,-1.419553600819388,1.697563200725689,-8.238680864901532,-0.003381728575153953,2.846631864811041,-8.987356053346147,-0.46,0.06,-8.238680864901532,-0.4582914572864322,1.082954123140306,-5.242252197565781,0.372,0.05,-4.441019970386908,0.3758793969849246,1.039906619132458,-3.67687976114502,0.98,0.07,-2.878138138026259,0.9788944723618089,0.994938163782956,-8.238680864901532,-4.441019970386908,-2.878138138026259,-0.7653476352006566,-0.7679609543032959,-0.7225595175210926,-0.5685419939055916,-0.6508071249743675,-0.06122503988172867,94.10426309581068,-93.23104075377623,17.90648801205695,1.714407417773489,2.444288809310258,1.425733920636362,20587.81394866162,254.1428768882398,1.328343500246859,-0.6096245752973187,-0.6314534192664489,-0.616257362260797,-0.623901444498687,-0.6684465922407702,-0.6535708418199176,-0.655327926260259,-0.6465658011904497,-0.655833651965422,-0.6561165278010974,-0.6516930921404995,-0.6472515404369303,-0.6460343832364178,-0.6289803010340758,-0.6460729691137397,-0.5947968094449281,-0.6082284867337318,-0.4868336631973089,-0.4036493130460682,-0.2812726760751846,NEGATIVE,0.61955273,0.3804473,4.0,2026-03-18 07:20:23,Graph Neural Network
Sample_0395,-0.9924515736192202,0.6726394037590312,-3.306090913465369,-0.01122640047535562,1.985789986743484,-2.938862025187089,-0.46,0.06,-2.352296835176997,-0.4582914572864322,1.081765598122408,-3.350682747787754,0.372,0.05,-2.34806284324671,0.3658291457286431,1.271114781080647,-4.535480031523795,0.98,0.07,-3.306090913465369,0.9788944723618089,0.9777870484882415,-2.352296835176997,-2.320719079408401,-3.306090913465369,-0.7076509147900514,-0.820699852589888,-0.9061959106900709,-0.9235059721175561,-0.9825158838035222,-0.4686901199354276,44.82487601566355,-42.08046138945749,10.82502480449864,0.8770934900140681,0.6479715498162414,0.7387713592605142,0.6018756389396566,1.083153880952177,19.42244845908692,-0.4355209229319901,-0.444460865892463,-0.4354238651262167,-0.4575231588141922,-0.4343467775334079,-0.4346999354149152,-0.4319851407805418,-0.4636745862682757,-0.4432285214162685,-0.4840653620645438,-0.494578881665384,-0.4531701311815511,-0.4868374545047838,-0.4742888948685808,-0.4930937288494008,-0.4744937743183,-0.459869521871035,-0.4618732613363535,-0.418191915572059,-0.3885668725286044,NEGATIVE,0.99987245,0.00012758473,4.0,2026-03-18 07:20:23,Graph Neural Network
Sample_0378,-0.9286980403621474,0.9521651725744975,-4.086767079578483,-0.001915032087054125,1.862075435706403,-0.4498352582203844,-0.46,0.06,-0.6682675357327399,-0.5587939698492463,1.0,-4.127753224178841,0.372,0.05,-3.582154514985719,0.3758793969849246,1.0669944910783,-4.317569358269138,0.98,0.07,-4.086767079578483,0.9788944723618089,1.017758461167693,-0.3197946826203414,-3.582154514985719,-4.086767079578483,-0.6840373894143935,-0.6349301947032563,-0.540501345308961,-0.274839793471074,-0.1706817308987155,0.394069012553007,49.62269696896445,-54.64400279412136,8.895157840668363,0.1089782343540832,0.1041871527457565,0.956036343984433,0.001734818038940762,10.1967714919585,9.831763480989334,-0.8571712321953974,-0.8552717627492157,-0.8674553772094076,-0.858069902870671,-0.8316444046604304,-0.8430818265836663,-0.8515071594756431,-0.826014133516192,-0.8463791683948855,-0.8246334480409692,-0.910048041482943,-0.8655355581029215,-0.8422089709175646,-0.8494248349834792,-0.8631638293905843,-0.8518054741750213,-0.8242206087319794,-0.8125398395744411,-0.8114470998016402,-0.7942194512799974,NEGATIVE,0.9998826,0.00011746334,4.0,2026-03-18 07:20:23,Graph Neural Network
Sample_0125,-0.9909509973709494,0.8594503592174663,-3.926499212501736,-0.023720957178373,1.985063572668887,-1.734330698254484,-0.46,0.06,-0.8121910316087235,-0.4683417085427136,1.216438690130156,-4.677393200906003,0.372,0.05,-3.926499212501736,0.3758793969849246,1.058525787141804,-4.11425693368628,0.98,0.07,-3.595545850346628,0.9788944723618089,1.015087598499095,-0.796171793013257,-3.926499212501736,-3.595545850346628,-0.8378809287084505,-0.8717821000558778,-0.7770276842214937,-0.4893727774618232,-0.3831601102285009,0.3104700988216365,57.64071111074281,-55.91682369651209,10.52598083284677,0.3707900156691011,0.4215416601851755,1.136874355757643,0.07525922535769528,49.8006014230187,5.209146019352117,-0.986844092457206,-0.9492254708688063,-0.9430498554845419,-0.9889340921521602,-0.9619167982424282,-0.9716970308005229,-0.9647638170377436,-0.9487146219322667,-0.9471509626474138,-0.9321350460746414,-0.956857603116887,-0.9490373261261977,-0.9508659455085124,-0.9026622893105891,-0.9483186070670565,-0.9186006574712916,-0.8829153468315153,-0.8805686439871194,-0.8790438825925483,-0.8518040005182426,NEGATIVE,0.9997527,0.00024730762,4.0,2026-03-18 07:20:23,Graph Neural Network
Sample_0069,-0.8557354285384232,0.6958785700985236,-3.265350702008923,-0.02017632804028725,1.713970130435624,-0.09741111295739646,-0.46,0.06,-0.7201064178712773,-0.5487437185929649,0.8940272826257019,-3.881546529151049,0.372,0.05,-3.265350702008923,0.3658291457286431,1.265214942543446,-3.567627595923764,0.98,0.07,-3.062084820538671,0.9788944723618089,0.9968111989474177,-0.5905718487592347,-3.222077441969738,-3.062084820538671,-0.6763177965464426,-0.6442072001020188,-0.6851913688394683,-0.4374656280567343,-0.4129536180238693,0.07398670410012784,47.02918712427157,-48.08374956395821,7.546585238032209,0.02509595395181356,0.02730417072361888,1.087990947705965,0.004461527691935567,5.011099128209816,0.9442160206383463,-0.6810444334401778,-0.7003325267649567,-0.6639646448961509,-0.6988299457249674,-0.7346083521012181,-0.6901379840351747,-0.6942954629003149,-0.7185856482684755,-0.7013760419771563,-0.7251576010206183,-0.7102156452190146,-0.7259486968496591,-0.670167748385082,-0.698643991183681,-0.6735593097151937,-0.6954439447999138,-0.7172915048962283,-0.7073412839683544,-0.7011050845693563,-0.7444448096897631,NEGATIVE,0.99990845,9.160033e-05,4.0,2026-03-18 07:20:23,Graph Neural Network
Sample_0451,-1.255396680755549,1.260122451323914,-6.684816711232635,-0.004570412991751593,2.514394169394643,-7.595518530384489,-0.46,0.06,-6.684816711232635,-0.4582914572864322,1.092249108390905,-3.937050775894913,0.372,0.05,-3.072707647668182,0.3658291457286431,1.297011900099185,-2.934223917939822,0.98,0.07,-2.129057309186,0.9788944723618089,1.012532460852371,-6.684816711232635,-3.055977371310325,-2.129057309186,-0.8847791402614067,-0.867134752789797,-0.87957688978299,-0.6773905453634818,-0.7308072952943138,0.06625116359329997,77.1827726657522,-81.18141199330722,14.46679322421922,1.929240683632785,2.5885953978991,1.34176902854067,1863.175526317896,5.881487628559332,0.1305077349595946,-0.9633674599362932,-1.020613027213236,-0.9880346523983428,-0.9952753548182944,-1.00436884875997,-0.9706618946132816,-0.9787443661765444,-0.9784322129525996,-0.960213763692964,-0.9556775689302519,-0.9702232530788393,-0.9554175832190325,-0.9763132827989363,-0.9316340008455917,-0.9135072178322154,-0.9106223853675528,-0.8607223663020885,-0.8081976052896875,-0.7075763906667865,-0.6121578918921247,NEGATIVE,0.99912506,0.00087491056,4.0,2026-03-18 07:20:23,Graph Neural Network
Sample_0010,-1.210414422171368,1.576189046653897,-6.302890634534092,-0.001903337069675853,2.428614465525691,-6.85835719384628,-0.46,0.06,-6.302890634534092,-0.4582914572864322,1.097503928930186,-4.142206579385373,0.372,0.05,-4.043749591277206,0.3658291457286431,1.210830708536117,-4.251399653378957,0.98,0.07,-4.342644637346752,0.9788944723618089,1.010234615686601,-6.302890634534092,-4.026459890143674,-4.342644637346752,-0.3641498229839478,-0.2703764058498843,-0.1479020657077144,-0.1683611971655731,-0.2169477086123175,0.2577223183730919,71.34890373554377,-67.60269171314063,15.25196342661061,1.65572553237167,1.613199829001102,0.9743159705282474,521.9862533046434,10.63101328546565,7.995560597605544,-0.6934674328404291,-0.6862744248448827,-0.6710498800518361,-0.6715514126159394,-0.6758819351836618,-0.6576746408417513,-0.6532072343614765,-0.6559133508961034,-0.6811468549148572,-0.6661639126542301,-0.6454820548575406,-0.6076306866322699,-0.6309924663504232,-0.644356618685578,-0.6166635327746186,-0.6124573693547184,-0.5998059527174214,-0.5273830105088182,-0.4173506981305452,-0.2951025131952593,NEGATIVE,0.99923134,0.00076867855,4.0,2026-03-18 07:20:23,Graph Neural Network
Sample_0195,-0.5619537913547261,0.8304416812510526,-3.090911607455083,-0.003349388621924396,1.128322750261698,-2.919932573678616,-0.46,0.06,-2.762410331546842,-0.4582914572864322,1.087260151101825,-0.9895137868333999,0.372,0.05,-0.8785342121296404,0.385929648241206,0.8798009235148928,-3.11062600246968,0.98,0.07,-3.090911607455083,0.9788944723618089,1.006526442236788,-2.762410331546842,-0.8441451071561735,-3.090911607455083,-0.1785273141825506,-0.1040443637165852,-0.0833605499987236,-0.01842427397288451,-0.06073596720669172,0.1081079570345064,33.12925034715088,-33.56606602617714,7.020072362981695,2.950876089380079,0.9386961246258267,0.3181076047225787,0.5825279553592048,0.001190780771355515,0.2264580647771711,-0.2307525769407964,-0.2248967091953357,-0.2360675073110904,-0.2073084863951142,-0.2105587920714035,-0.2151804140165975,-0.2023215167835328,-0.2154553276738328,-0.2215129882347518,-0.1577585985184965,-0.1939651387748457,-0.2315168484309528,-0.2165224252125403,-0.1670535172813945,-0.1748293100521746,-0.1798875070958585,-0.1427536763527036,-0.1493469573194964,-0.1143661309073331,-0.07312364909447346,NEGATIVE,0.9999132,8.674348e-05,4.0,2026-03-18 07:20:23,Graph Neural Network
Sample_0407,-1.012509667235223,1.300540510854851,-5.504179561842704,-0.0128917067018151,2.03114584403332,-3.455366959057871,-0.46,0.06,-3.427762974280213,-0.4582914572864322,1.066254842011131,-5.903163111186529,0.372,0.05,-5.504179561842704,0.3758793969849246,1.024629473050898,-4.354893251450432,0.98,0.07,-3.689764237767265,0.9788944723618089,0.9919856488989971,-3.427762974280213,-5.504179561842704,-3.689764237767265,-0.1796908441314742,-0.2293000810726606,-0.330675298551906,-0.1716905434617412,-0.453444809264701,-0.2857882240760489,73.05725567212107,-72.08577326543356,13.71342332169483,0.5853416031330609,0.7934446976184856,1.35552418172832,1.467884461969388,1711.1461589731,11.04776493977563,-0.1171337416532222,-0.07658803232970693,-0.04800426219869299,-0.09458229758354855,-0.09252942119790225,-0.0861517896628571,-0.06855309967663092,-0.1065159466664752,-0.07045577544432714,-0.07254404403465992,-0.09398518777668784,-0.06116858315249105,-0.03117940641282081,-0.04042307255996458,-0.01591952813443168,-0.04920023316343212,-0.06981244025002463,-0.1052733361928887,-0.1028121940842056,-0.1498322976378593,NEGATIVE,0.99904686,0.00095309207,4.0,2026-03-18 07:20:23,Graph Neural Network
Sample_0085,-1.099331061675031,1.380792904010729,-5.712090789283912,-0.01860866704394078,2.204504855802754,-2.620609980956429,-0.46,0.06,-1.969041669756074,-0.4582914572864322,1.168727252102114,-6.000074076794768,0.372,0.05,-5.712090789283912,0.3758793969849246,1.057457784848683,-4.655324093370336,0.98,0.07,-4.762823719288886,0.9788944723618089,1.025048963398057,-1.969041669756074,-5.712090789283912,-4.762823719288886,-0.5696515397712203,-0.4132375311879489,-0.2751490457221099,-0.1404879156067773,-0.1651082098505454,0.2127407982860948,74.47935104975109,-72.15189362229613,13.27600815112153,0.4367629378263203,0.5629275058826624,1.288862806638854,0.3474857642788026,2263.233795439577,28.24324835656238,-0.7307199809183178,-0.7043564894945865,-0.7457359567502884,-0.7345818288948842,-0.7225806577929895,-0.715447940840058,-0.691008580096701,-0.7305348874821458,-0.7333236474130667,-0.6961926834514204,-0.6917247116743535,-0.6535877811036439,-0.6686690273973905,-0.6458647292894437,-0.6435275233677848,-0.6479516725941763,-0.6370039090090892,-0.6261428092122683,-0.6279982917872632,-0.521426162714552,NEGATIVE,0.99839824,0.0016017191,4.0,2026-03-18 07:20:23,Graph Neural Network
Sample_0372,-0.6766884118881805,0.5504599238942506,-2.924284796298837,-0.002300365779632663,1.353252692263426,-0.5037300330397794,-0.46,0.06,-0.3131678140727981,-0.3678391959798996,2.951793798434607,-1.892446303664222,0.372,0.05,-1.122132015913725,0.3758793969849246,1.019968090656843,-3.966418371380345,0.98,0.07,-2.924284796298837,0.9889447236180904,0.8718104202968278,-0.1129346972504496,-1.122132015913725,-2.922203065623489,-0.5598386748175734,-0.5922523230612686,-0.6823759656347049,-0.6990760242291064,-0.7780653072553411,-0.4135037171418915,40.55523777929169,-36.62314914557353,6.362594708084346,0.2661793003396922,0.1269987141735826,0.4771171688088052,0.001580713086230344,0.01611855832497824,3.282248566116711,-0.2755357802833177,-0.3171670398556209,-0.2884821391127475,-0.3132316901098642,-0.2964756017012178,-0.3616646976572128,-0.3440061573636948,-0.3279450578805262,-0.3195444294828458,-0.3498772514586444,-0.3573310329399553,-0.3193943136735455,-0.3388422709378421,-0.3515278552304097,-0.3422966829949699,-0.3630143573246654,-0.3928605274081707,-0.3463632808318242,-0.3566412960684028,-0.3110456534867615,NEGATIVE,0.9999112,8.879545e-05,4.0,2026-03-18 07:20:23,Graph Neural Network
Sample_0389,-1.350727857418114,1.61440728656575,-6.65617874245784,-0.01758678834149171,2.710410205259315,-7.312367273118122,-0.46,0.06,-6.65617874245784,-0.4582914572864322,1.097851180207805,-5.089552741051218,0.372,0.05,-4.735943489188745,0.3758793969849246,1.067142549921863,-4.516119916004858,0.98,0.07,-4.43473938281185,0.9788944723618089,1.003093724106799,-6.65617874245784,-4.735943489188745,-4.43473938281185,-0.5680899064531796,-0.5978061923519719,-0.4679068573089568,-0.07741559917327333,-0.01758678834149171,0.3959371851323042,72.51429508144017,-75.41851583527857,16.9180399301742,1.436740642087893,1.619170307503025,1.126974667571193,1142.869010133384,163.5781301193966,18.28248240722142,-0.8556932454533238,-0.8568356773613021,-0.8279782317584811,-0.8124081382386719,-0.8253364945666409,-0.800074718715957,-0.8019194799068331,-0.7785675723472327,-0.8301607241646399,-0.8370371681588674,-0.7755909355010251,-0.7734139414286663,-0.7795666251900123,-0.7920074274310872,-0.7155701552445423,-0.7136821139615154,-0.7079096927537551,-0.6163917006886085,-0.575557757341823,-0.4458973246865048,NEGATIVE,0.9941954,0.005804623,4.0,2026-03-18 07:20:23,Graph Neural Network
Sample_0496,-0.8731416702739905,0.9486653682154443,-3.708505135370327,-0.007322480923949645,1.75088997474496,-3.072781621100918,-0.46,0.06,-2.665792443510928,-0.4582914572864322,1.108264271259329,-3.726673640409346,0.372,0.05,-3.315695530897306,0.3758793969849246,1.047576105879924,-4.099321444250798,0.98,0.07,-3.708505135370327,0.9788944723618089,1.000643709832503,-2.665792443510928,-3.315695530897306,-3.708505135370327,-0.4110133100871691,-0.4151586287740163,-0.3912861277206535,-0.2721563340203613,-0.2719794284028421,0.07308793008930288,45.20538594004901,-46.24429921710473,10.89877670576106,0.8245373535750226,0.7495829890116136,0.9090952468818757,0.7583964085413056,3.205211499722422,4.971658404080524,-0.4878694977639083,-0.468126898165745,-0.4473781829988113,-0.4845419809309415,-0.4550512621978919,-0.5136365081779851,-0.4539670788641995,-0.47374044469626,-0.4715469056064924,-0.479515118180338,-0.5169329535371057,-0.4636356705817992,-0.4575723094947347,-0.4640026009484877,-0.4754023632154582,-0.4479777742077926,-0.4577066482477581,-0.4597871721232226,-0.3784211845781176,-0.3572351396644225,NEGATIVE,0.9999058,9.4140414e-05,4.0,2026-03-18 07:20:23,Graph Neural Network
Sample_0031,-0.9460536728948867,1.035071918611418,-5.215544652802518,-0.006100311062516944,1.895387301443706,-5.785525303099033,-0.46,0.06,-5.215544652802518,-0.4582914572864322,1.094164796060345,-2.287414030094038,0.372,0.05,-1.701643043801512,0.3758793969849246,1.070736406599206,-3.156145245635098,0.98,0.07,-2.568107593427412,0.9889447236180904,0.9200942608772432,-5.215544652802518,-1.701643043801512,-2.556924075551679,-0.5802212451158945,-0.5391668791219603,-0.5639469555932753,-0.4169507550461493,-0.4613867184327347,0.04786625057556113,58.95954318233421,-60.30511429503164,11.22908457882817,2.529286446171349,1.833098559421601,0.7247492913253906,81.92892542108204,0.05038174676490613,0.2610662148759867,-0.6675643359041016,-0.6589506942461136,-0.6749719929085644,-0.6469095369234596,-0.6573198885129281,-0.6134595855306384,-0.6341186187524532,-0.6412288607945164,-0.662323071094462,-0.6229182809080032,-0.6094053918576603,-0.6358849366745616,-0.6265796969559122,-0.5880733258087236,-0.5720110189889446,-0.5735341072584084,-0.5566281261280904,-0.5418566109313049,-0.4360578195874744,-0.3641682708162344,NEGATIVE,0.99965894,0.0003410249,4.0,2026-03-18 07:20:23,Graph Neural Network
Sample_0317,-0.9363578484330304,0.8392061115706375,-3.507504168660329,-0.01530694005383053,1.87668964839558,-3.666152466395971,-0.46,0.06,-2.842385554472654,-0.4683417085427136,1.334838995490549,-4.049965225121511,0.372,0.05,-3.507504168660329,0.3658291457286431,1.274423931052867,-3.245721657008781,0.98,0.07,-2.94836847935448,0.9788944723618089,1.023702310668037,-2.808050008680389,-3.491555096950527,-2.94836847935448,-0.6793026315700484,-0.6581082170096482,-0.5414292232014586,-0.2711966810670478,-0.2773065383457782,0.3609337819565663,49.64049982750998,-47.60143596911053,10.96183934852626,0.9052306038716604,1.12953384603369,1.247785747855505,2.112039317891595,8.146742535894445,0.3453763652504008,-0.9018834532024423,-0.9369863958426243,-0.9011222782855535,-0.8962668974311887,-0.8480877215065409,-0.8820495680848666,-0.9132429327605243,-0.9054159052063542,-0.8817831015065585,-0.912040779730236,-0.8513862367370769,-0.8834044843120219,-0.8572904092455502,-0.8779695637475746,-0.8238473286882128,-0.8267071643161799,-0.7418874746709554,-0.7554737012514384,-0.7062533939271975,-0.6532768744312587,NEGATIVE,0.9999014,9.860435e-05,4.0,2026-03-18 07:20:23,Graph Neural Network
Sample_0409,-1.447305589434731,1.553725566846428,-7.912739470330787,-0.002398826877628185,2.900501599507258,-8.964043095953265,-0.46,0.06,-7.912739470330787,-0.4582914572864322,1.094600891830343,-3.677845642715337,0.372,0.05,-2.785981690631936,0.3758793969849246,1.045212640462302,-4.343544002986962,0.98,0.07,-3.617181588422093,0.9788944723618089,1.005394296838604,-7.912739470330787,-2.785981690631936,-3.617181588422093,-0.9579952098038931,-0.9692640499148163,-0.8935625206849955,-0.7424754483459788,-0.604699378039143,0.1930975433729096,89.9275660474552,-97.1494354649513,16.98543274165556,2.437308132740218,2.063762469031944,0.8467384329907011,19775.80881511045,2.783996758063306,10.66289600736796,-1.054306279347003,-1.028002893885351,-1.058123595089933,-1.046472301226256,-1.074818201387297,-1.032760995215161,-1.057938179069124,-1.007748267695199,-1.027739240260448,-0.9954068368449303,-1.055078182773831,-1.038463342537266,-1.024344535045762,-1.013080435586171,-1.051500804007488,-0.9857390066014848,-0.9270607461324689,-0.8231478798148335,-0.7458570302642166,-0.6595229362945445,NEGATIVE,0.9128512,0.0871488,4.0,2026-03-18 07:20:23,Graph Neural Network
Sample_0362,-0.9615846839126923,1.440223096710357,-6.009600714814384,-0.006568535705753864,1.932119245674477,-6.166978510823675,-0.46,0.06,-6.009600714814384,-0.4582914572864322,1.078828475951523,-2.374712265929465,0.372,0.05,-2.176753979124492,0.3658291457286431,1.206064503491945,-3.994542834561331,0.98,0.07,-3.870886876290712,0.9688442211055277,1.091053393197384,-6.009600714814384,-2.172347762437835,-3.870593695379916,-0.1586798960696592,-0.1967952050906323,-0.1978919644940301,-0.05162482901158081,-0.02841636286412219,0.0119095180034957,62.60431715748717,-64.05059126104683,12.53623361131447,2.596937152893305,1.543850890135946,0.5944891228560951,158.264748161403,0.06481410169000762,3.583704601156186,-0.08298135593145409,-0.1337814771576108,-0.09961800766401967,-0.102354879449433,-0.07967209739165731,-0.1235524068184222,-0.1166797475849051,-0.1085306793558477,-0.1022616788278512,-0.115907978847951,-0.1282121263098373,-0.1126694595379472,-0.1431414485359546,-0.1083052489265663,-0.08263491519537206,-0.1051514693382435,-0.0180658523592946,-0.02660745412165114,-0.04577794205278795,-0.1437004195876769,NEGATIVE,0.99,0.01,4.0,2026-03-18 16:04:13,Random Forest
Sample_0074,-1.15156586792421,1.83382011662609,-7.987180149256619,-0.0003311658480724556,2.311392866242539,-8.004411008076874,-0.46,0.06,-7.987180149256619,-0.4582914572864322,1.068090647109069,-1.836461787204623,0.372,0.05,-1.543197326210644,0.3758793969849246,0.9933695493461873,-4.970966213886118,0.98,0.07,-4.512140281247019,0.9788944723618089,0.9933435257326395,-7.987180149256619,-1.543197326210644,-4.512140281247019,-0.1254870021443383,-0.1867921838721553,-0.1978719686738495,-0.2647374524844202,-0.2480230150312633,-0.1683859958765547,82.50953358187175,-81.06136354488818,14.81183900916762,4.358604716878328,1.610232430411012,0.3694375918457399,3773.721716962681,0.0137141899179957,75.71716069513755,-0.1611973978328833,-0.1619487664815229,-0.1274644400088328,-0.1420675792545693,-0.1002239086960554,-0.1083684213462384,-0.0666226836966361,-0.1013451742718038,-0.118290229008589,-0.1366530573706071,-0.0891523949331628,-0.1323794543543932,-0.1099040602249038,-0.0758871725184922,-0.1144790233772791,-0.1323426258910934,-0.1521809729894364,-0.2071705067160595,-0.277612154905451,-0.4399989901001654,NEGATIVE,1.0,0.0,4.0,2026-03-18 16:04:13,Random Forest
Sample_0375,-0.5058508532690569,0.859124940870671,-3.934556875863473,-6.589717231682019e-05,1.013082183536578,-0.06153189997444608,-0.46,0.06,-0.1575770439234788,-0.5185929648241207,0.6592327686204437,-1.71861247304513,0.372,0.05,-1.488829604146626,0.3758793969849246,0.9807810170232841,-4.477384064786138,0.98,0.07,-3.934556875863473,0.9788944723618089,0.9912116140591413,-0.08843213551994666,-1.488829604146626,-3.934556875863473,-0.04021253206227211,-0.1005300505838946,-0.1602817760650442,-0.2495037895265163,-0.3110365046748791,-0.2235474989328986,41.09658046115421,-42.41656979675398,6.257528437805714,0.03580324298788578,0.01374282373012938,0.3838429869266127,0.004193606059825905,0.0097608876638906,16.19855754279148,-0.1449458929889725,-0.146510748165952,-0.1501208557948262,-0.1042557160846662,-0.1325018674944207,-0.1460290480939208,-0.1707299865443002,-0.1644133054754837,-0.1609403646439087,-0.1555595948089859,-0.1207797681563396,-0.1541802485339726,-0.1461809664690232,-0.1127921169934291,-0.1327579316694086,-0.1402734358816822,-0.1303513266858166,-0.1619809250533699,-0.1420325272270398,-0.141473680047552,NEGATIVE,1.0,0.0,4.0,2026-03-18 16:04:13,Random Forest
Sample_0156,-0.9286682272581017,0.6722547754464986,-3.24791175682078,-0.04289311915104609,1.858976349465733,-1.885020501177615,-0.46,0.06,-1.309344985597259,-0.4683417085427136,1.290860602734847,-4.173248214160771,0.372,0.05,-3.24791175682078,0.3758793969849246,1.027958403624504,-4.139932059741341,0.98,0.07,-3.009849746215779,0.9788944723618089,1.001861910826071,-1.270801549523776,-3.24791175682078,-3.009849746215779,-0.7215421820143264,-0.797877761437933,-0.8706765446932654,-0.7911465586720903,-0.8656847164135059,-0.3485812595180084,53.70353970747162,-51.55088456093688,10.19820077507973,0.4516914414008051,0.4553264338582863,1.008047512359783,0.09761591187415117,11.62716813348696,5.644219310349473,-0.4169174202618499,-0.4228460559834906,-0.4440956551815822,-0.442010971021545,-0.4496294042106974,-0.4585427190094808,-0.476559689416909,-0.4707001287488632,-0.4718950533400926,-0.489815882277406,-0.4906008505205321,-0.4864334071917593,-0.5127299630910483,-0.5084883734161255,-0.5237546072744156,-0.5300353338649928,-0.5078191320662115,-0.4661708835440076,-0.4682632181418552,-0.4666773981953288,NEGATIVE,1.0,0.0,4.0,2026-03-18 16:04:13,Random Forest
Sample_0105,-1.419553600819388,1.697563200725689,-8.238680864901532,-0.003381728575153953,2.846631864811041,-8.987356053346147,-0.46,0.06,-8.238680864901532,-0.4582914572864322,1.082954123140306,-5.242252197565781,0.372,0.05,-4.441019970386908,0.3758793969849246,1.039906619132458,-3.67687976114502,0.98,0.07,-2.878138138026259,0.9788944723618089,0.994938163782956,-8.238680864901532,-4.441019970386908,-2.878138138026259,-0.7653476352006566,-0.7679609543032959,-0.7225595175210926,-0.5685419939055916,-0.6508071249743675,-0.06122503988172867,94.10426309581068,-93.23104075377623,17.90648801205695,1.714407417773489,2.444288809310258,1.425733920636362,20587.81394866162,254.1428768882398,1.328343500246859,-0.6096245752973187,-0.6314534192664489,-0.616257362260797,-0.623901444498687,-0.6684465922407702,-0.6535708418199176,-0.655327926260259,-0.6465658011904497,-0.655833651965422,-0.6561165278010974,-0.6516930921404995,-0.6472515404369303,-0.6460343832364178,-0.6289803010340758,-0.6460729691137397,-0.5947968094449281,-0.6082284867337318,-0.4868336631973089,-0.4036493130460682,-0.2812726760751846,NEGATIVE,0.99,0.01,4.0,2026-03-18 16:04:13,Random Forest
Sample_0395,-0.9924515736192202,0.6726394037590312,-3.306090913465369,-0.01122640047535562,1.985789986743484,-2.938862025187089,-0.46,0.06,-2.352296835176997,-0.4582914572864322,1.081765598122408,-3.350682747787754,0.372,0.05,-2.34806284324671,0.3658291457286431,1.271114781080647,-4.535480031523795,0.98,0.07,-3.306090913465369,0.9788944723618089,0.9777870484882415,-2.352296835176997,-2.320719079408401,-3.306090913465369,-0.7076509147900514,-0.820699852589888,-0.9061959106900709,-0.9235059721175561,-0.9825158838035222,-0.4686901199354276,44.82487601566355,-42.08046138945749,10.82502480449864,0.8770934900140681,0.6479715498162414,0.7387713592605142,0.6018756389396566,1.083153880952177,19.42244845908692,-0.4355209229319901,-0.444460865892463,-0.4354238651262167,-0.4575231588141922,-0.4343467775334079,-0.4346999354149152,-0.4319851407805418,-0.4636745862682757,-0.4432285214162685,-0.4840653620645438,-0.494578881665384,-0.4531701311815511,-0.4868374545047838,-0.4742888948685808,-0.4930937288494008,-0.4744937743183,-0.459869521871035,-0.4618732613363535,-0.418191915572059,-0.3885668725286044,NEGATIVE,0.99,0.01,4.0,2026-03-18 16:04:13,Random Forest
Sample_0378,-0.9286980403621474,0.9521651725744975,-4.086767079578483,-0.001915032087054125,1.862075435706403,-0.4498352582203844,-0.46,0.06,-0.6682675357327399,-0.5587939698492463,1.0,-4.127753224178841,0.372,0.05,-3.582154514985719,0.3758793969849246,1.0669944910783,-4.317569358269138,0.98,0.07,-4.086767079578483,0.9788944723618089,1.017758461167693,-0.3197946826203414,-3.582154514985719,-4.086767079578483,-0.6840373894143935,-0.6349301947032563,-0.540501345308961,-0.274839793471074,-0.1706817308987155,0.394069012553007,49.62269696896445,-54.64400279412136,8.895157840668363,0.1089782343540832,0.1041871527457565,0.956036343984433,0.001734818038940762,10.1967714919585,9.831763480989334,-0.8571712321953974,-0.8552717627492157,-0.8674553772094076,-0.858069902870671,-0.8316444046604304,-0.8430818265836663,-0.8515071594756431,-0.826014133516192,-0.8463791683948855,-0.8246334480409692,-0.910048041482943,-0.8655355581029215,-0.8422089709175646,-0.8494248349834792,-0.8631638293905843,-0.8518054741750213,-0.8242206087319794,-0.8125398395744411,-0.8114470998016402,-0.7942194512799974,NEGATIVE,1.0,0.0,4.0,2026-03-18 16:04:13,Random Forest
Sample_0125,-0.9909509973709494,0.8594503592174663,-3.926499212501736,-0.023720957178373,1.985063572668887,-1.734330698254484,-0.46,0.06,-0.8121910316087235,-0.4683417085427136,1.216438690130156,-4.677393200906003,0.372,0.05,-3.926499212501736,0.3758793969849246,1.058525787141804,-4.11425693368628,0.98,0.07,-3.595545850346628,0.9788944723618089,1.015087598499095,-0.796171793013257,-3.926499212501736,-3.595545850346628,-0.8378809287084505,-0.8717821000558778,-0.7770276842214937,-0.4893727774618232,-0.3831601102285009,0.3104700988216365,57.64071111074281,-55.91682369651209,10.52598083284677,0.3707900156691011,0.4215416601851755,1.136874355757643,0.07525922535769528,49.8006014230187,5.209146019352117,-0.986844092457206,-0.9492254708688063,-0.9430498554845419,-0.9889340921521602,-0.9619167982424282,-0.9716970308005229,-0.9647638170377436,-0.9487146219322667,-0.9471509626474138,-0.9321350460746414,-0.956857603116887,-0.9490373261261977,-0.9508659455085124,-0.9026622893105891,-0.9483186070670565,-0.9186006574712916,-0.8829153468315153,-0.8805686439871194,-0.8790438825925483,-0.8518040005182426,NEGATIVE,1.0,0.0,4.0,2026-03-18 16:04:13,Random Forest
Sample_0069,-0.8557354285384232,0.6958785700985236,-3.265350702008923,-0.02017632804028725,1.713970130435624,-0.09741111295739646,-0.46,0.06,-0.7201064178712773,-0.5487437185929649,0.8940272826257019,-3.881546529151049,0.372,0.05,-3.265350702008923,0.3658291457286431,1.265214942543446,-3.567627595923764,0.98,0.07,-3.062084820538671,0.9788944723618089,0.9968111989474177,-0.5905718487592347,-3.222077441969738,-3.062084820538671,-0.6763177965464426,-0.6442072001020188,-0.6851913688394683,-0.4374656280567343,-0.4129536180238693,0.07398670410012784,47.02918712427157,-48.08374956395821,7.546585238032209,0.02509595395181356,0.02730417072361888,1.087990947705965,0.004461527691935567,5.011099128209816,0.9442160206383463,-0.6810444334401778,-0.7003325267649567,-0.6639646448961509,-0.6988299457249674,-0.7346083521012181,-0.6901379840351747,-0.6942954629003149,-0.7185856482684755,-0.7013760419771563,-0.7251576010206183,-0.7102156452190146,-0.7259486968496591,-0.670167748385082,-0.698643991183681,-0.6735593097151937,-0.6954439447999138,-0.7172915048962283,-0.7073412839683544,-0.7011050845693563,-0.7444448096897631,NEGATIVE,0.98,0.02,4.0,2026-03-18 16:04:13,Random Forest
Sample_0451,-1.255396680755549,1.260122451323914,-6.684816711232635,-0.004570412991751593,2.514394169394643,-7.595518530384489,-0.46,0.06,-6.684816711232635,-0.4582914572864322,1.092249108390905,-3.937050775894913,0.372,0.05,-3.072707647668182,0.3658291457286431,1.297011900099185,-2.934223917939822,0.98,0.07,-2.129057309186,0.9788944723618089,1.012532460852371,-6.684816711232635,-3.055977371310325,-2.129057309186,-0.8847791402614067,-0.867134752789797,-0.87957688978299,-0.6773905453634818,-0.7308072952943138,0.06625116359329997,77.1827726657522,-81.18141199330722,14.46679322421922,1.929240683632785,2.5885953978991,1.34176902854067,1863.175526317896,5.881487628559332,0.1305077349595946,-0.9633674599362932,-1.020613027213236,-0.9880346523983428,-0.9952753548182944,-1.00436884875997,-0.9706618946132816,-0.9787443661765444,-0.9784322129525996,-0.960213763692964,-0.9556775689302519,-0.9702232530788393,-0.9554175832190325,-0.9763132827989363,-0.9316340008455917,-0.9135072178322154,-0.9106223853675528,-0.8607223663020885,-0.8081976052896875,-0.7075763906667865,-0.6121578918921247,NEGATIVE,0.97,0.03,4.0,2026-03-18 16:04:13,Random Forest
Sample_0010,-1.210414422171368,1.576189046653897,-6.302890634534092,-0.001903337069675853,2.428614465525691,-6.85835719384628,-0.46,0.06,-6.302890634534092,-0.4582914572864322,1.097503928930186,-4.142206579385373,0.372,0.05,-4.043749591277206,0.3658291457286431,1.210830708536117,-4.251399653378957,0.98,0.07,-4.342644637346752,0.9788944723618089,1.010234615686601,-6.302890634534092,-4.026459890143674,-4.342644637346752,-0.3641498229839478,-0.2703764058498843,-0.1479020657077144,-0.1683611971655731,-0.2169477086123175,0.2577223183730919,71.34890373554377,-67.60269171314063,15.25196342661061,1.65572553237167,1.613199829001102,0.9743159705282474,521.9862533046434,10.63101328546565,7.995560597605544,-0.6934674328404291,-0.6862744248448827,-0.6710498800518361,-0.6715514126159394,-0.6758819351836618,-0.6576746408417513,-0.6532072343614765,-0.6559133508961034,-0.6811468549148572,-0.6661639126542301,-0.6454820548575406,-0.6076306866322699,-0.6309924663504232,-0.644356618685578,-0.6166635327746186,-0.6124573693547184,-0.5998059527174214,-0.5273830105088182,-0.4173506981305452,-0.2951025131952593,NEGATIVE,1.0,0.0,4.0,2026-03-18 16:04:13,Random Forest
Sample_0195,-0.5619537913547261,0.8304416812510526,-3.090911607455083,-0.003349388621924396,1.128322750261698,-2.919932573678616,-0.46,0.06,-2.762410331546842,-0.4582914572864322,1.087260151101825,-0.9895137868333999,0.372,0.05,-0.8785342121296404,0.385929648241206,0.8798009235148928,-3.11062600246968,0.98,0.07,-3.090911607455083,0.9788944723618089,1.006526442236788,-2.762410331546842,-0.8441451071561735,-3.090911607455083,-0.1785273141825506,-0.1040443637165852,-0.0833605499987236,-0.01842427397288451,-0.06073596720669172,0.1081079570345064,33.12925034715088,-33.56606602617714,7.020072362981695,2.950876089380079,0.9386961246258267,0.3181076047225787,0.5825279553592048,0.001190780771355515,0.2264580647771711,-0.2307525769407964,-0.2248967091953357,-0.2360675073110904,-0.2073084863951142,-0.2105587920714035,-0.2151804140165975,-0.2023215167835328,-0.2154553276738328,-0.2215129882347518,-0.1577585985184965,-0.1939651387748457,-0.2315168484309528,-0.2165224252125403,-0.1670535172813945,-0.1748293100521746,-0.1798875070958585,-0.1427536763527036,-0.1493469573194964,-0.1143661309073331,-0.07312364909447346,NEGATIVE,0.99,0.01,4.0,2026-03-18 16:04:13,Random Forest
Sample_0407,-1.012509667235223,1.300540510854851,-5.504179561842704,-0.0128917067018151,2.03114584403332,-3.455366959057871,-0.46,0.06,-3.427762974280213,-0.4582914572864322,1.066254842011131,-5.903163111186529,0.372,0.05,-5.504179561842704,0.3758793969849246,1.024629473050898,-4.354893251450432,0.98,0.07,-3.689764237767265,0.9788944723618089,0.9919856488989971,-3.427762974280213,-5.504179561842704,-3.689764237767265,-0.1796908441314742,-0.2293000810726606,-0.330675298551906,-0.1716905434617412,-0.453444809264701,-0.2857882240760489,73.05725567212107,-72.08577326543356,13.71342332169483,0.5853416031330609,0.7934446976184856,1.35552418172832,1.467884461969388,1711.1461589731,11.04776493977563,-0.1171337416532222,-0.07658803232970693,-0.04800426219869299,-0.09458229758354855,-0.09252942119790225,-0.0861517896628571,-0.06855309967663092,-0.1065159466664752,-0.07045577544432714,-0.07254404403465992,-0.09398518777668784,-0.06116858315249105,-0.03117940641282081,-0.04042307255996458,-0.01591952813443168,-0.04920023316343212,-0.06981244025002463,-0.1052733361928887,-0.1028121940842056,-0.1498322976378593,NEGATIVE,0.98,0.02,4.0,2026-03-18 16:04:13,Random Forest
Sample_0085,-1.099331061675031,1.380792904010729,-5.712090789283912,-0.01860866704394078,2.204504855802754,-2.620609980956429,-0.46,0.06,-1.969041669756074,-0.4582914572864322,1.168727252102114,-6.000074076794768,0.372,0.05,-5.712090789283912,0.3758793969849246,1.057457784848683,-4.655324093370336,0.98,0.07,-4.762823719288886,0.9788944723618089,1.025048963398057,-1.969041669756074,-5.712090789283912,-4.762823719288886,-0.5696515397712203,-0.4132375311879489,-0.2751490457221099,-0.1404879156067773,-0.1651082098505454,0.2127407982860948,74.47935104975109,-72.15189362229613,13.27600815112153,0.4367629378263203,0.5629275058826624,1.288862806638854,0.3474857642788026,2263.233795439577,28.24324835656238,-0.7307199809183178,-0.7043564894945865,-0.7457359567502884,-0.7345818288948842,-0.7225806577929895,-0.715447940840058,-0.691008580096701,-0.7305348874821458,-0.7333236474130667,-0.6961926834514204,-0.6917247116743535,-0.6535877811036439,-0.6686690273973905,-0.6458647292894437,-0.6435275233677848,-0.6479516725941763,-0.6370039090090892,-0.6261428092122683,-0.6279982917872632,-0.521426162714552,NEGATIVE,1.0,0.0,4.0,2026-03-18 16:04:13,Random Forest
Sample_0372,-0.6766884118881805,0.5504599238942506,-2.924284796298837,-0.002300365779632663,1.353252692263426,-0.5037300330397794,-0.46,0.06,-0.3131678140727981,-0.3678391959798996,2.951793798434607,-1.892446303664222,0.372,0.05,-1.122132015913725,0.3758793969849246,1.019968090656843,-3.966418371380345,0.98,0.07,-2.924284796298837,0.9889447236180904,0.8718104202968278,-0.1129346972504496,-1.122132015913725,-2.922203065623489,-0.5598386748175734,-0.5922523230612686,-0.6823759656347049,-0.6990760242291064,-0.7780653072553411,-0.4135037171418915,40.55523777929169,-36.62314914557353,6.362594708084346,0.2661793003396922,0.1269987141735826,0.4771171688088052,0.001580713086230344,0.01611855832497824,3.282248566116711,-0.2755357802833177,-0.3171670398556209,-0.2884821391127475,-0.3132316901098642,-0.2964756017012178,-0.3616646976572128,-0.3440061573636948,-0.3279450578805262,-0.3195444294828458,-0.3498772514586444,-0.3573310329399553,-0.3193943136735455,-0.3388422709378421,-0.3515278552304097,-0.3422966829949699,-0.3630143573246654,-0.3928605274081707,-0.3463632808318242,-0.3566412960684028,-0.3110456534867615,NEGATIVE,1.0,0.0,4.0,2026-03-18 16:04:13,Random Forest
Sample_0389,-1.350727857418114,1.61440728656575,-6.65617874245784,-0.01758678834149171,2.710410205259315,-7.312367273118122,-0.46,0.06,-6.65617874245784,-0.4582914572864322,1.097851180207805,-5.089552741051218,0.372,0.05,-4.735943489188745,0.3758793969849246,1.067142549921863,-4.516119916004858,0.98,0.07,-4.43473938281185,0.9788944723618089,1.003093724106799,-6.65617874245784,-4.735943489188745,-4.43473938281185,-0.5680899064531796,-0.5978061923519719,-0.4679068573089568,-0.07741559917327333,-0.01758678834149171,0.3959371851323042,72.51429508144017,-75.41851583527857,16.9180399301742,1.436740642087893,1.619170307503025,1.126974667571193,1142.869010133384,163.5781301193966,18.28248240722142,-0.8556932454533238,-0.8568356773613021,-0.8279782317584811,-0.8124081382386719,-0.8253364945666409,-0.800074718715957,-0.8019194799068331,-0.7785675723472327,-0.8301607241646399,-0.8370371681588674,-0.7755909355010251,-0.7734139414286663,-0.7795666251900123,-0.7920074274310872,-0.7155701552445423,-0.7136821139615154,-0.7079096927537551,-0.6163917006886085,-0.575557757341823,-0.4458973246865048,NEGATIVE,0.99,0.01,4.0,2026-03-18 16:04:13,Random Forest
Sample_0496,-0.8731416702739905,0.9486653682154443,-3.708505135370327,-0.007322480923949645,1.75088997474496,-3.072781621100918,-0.46,0.06,-2.665792443510928,-0.4582914572864322,1.108264271259329,-3.726673640409346,0.372,0.05,-3.315695530897306,0.3758793969849246,1.047576105879924,-4.099321444250798,0.98,0.07,-3.708505135370327,0.9788944723618089,1.000643709832503,-2.665792443510928,-3.315695530897306,-3.708505135370327,-0.4110133100871691,-0.4151586287740163,-0.3912861277206535,-0.2721563340203613,-0.2719794284028421,0.07308793008930288,45.20538594004901,-46.24429921710473,10.89877670576106,0.8245373535750226,0.7495829890116136,0.9090952468818757,0.7583964085413056,3.205211499722422,4.971658404080524,-0.4878694977639083,-0.468126898165745,-0.4473781829988113,-0.4845419809309415,-0.4550512621978919,-0.5136365081779851,-0.4539670788641995,-0.47374044469626,-0.4715469056064924,-0.479515118180338,-0.5169329535371057,-0.4636356705817992,-0.4575723094947347,-0.4640026009484877,-0.4754023632154582,-0.4479777742077926,-0.4577066482477581,-0.4597871721232226,-0.3784211845781176,-0.3572351396644225,NEGATIVE,1.0,0.0,4.0,2026-03-18 16:04:13,Random Forest
Sample_0031,-0.9460536728948867,1.035071918611418,-5.215544652802518,-0.006100311062516944,1.895387301443706,-5.785525303099033,-0.46,0.06,-5.215544652802518,-0.4582914572864322,1.094164796060345,-2.287414030094038,0.372,0.05,-1.701643043801512,0.3758793969849246,1.070736406599206,-3.156145245635098,0.98,0.07,-2.568107593427412,0.9889447236180904,0.9200942608772432,-5.215544652802518,-1.701643043801512,-2.556924075551679,-0.5802212451158945,-0.5391668791219603,-0.5639469555932753,-0.4169507550461493,-0.4613867184327347,0.04786625057556113,58.95954318233421,-60.30511429503164,11.22908457882817,2.529286446171349,1.833098559421601,0.7247492913253906,81.92892542108204,0.05038174676490613,0.2610662148759867,-0.6675643359041016,-0.6589506942461136,-0.6749719929085644,-0.6469095369234596,-0.6573198885129281,-0.6134595855306384,-0.6341186187524532,-0.6412288607945164,-0.662323071094462,-0.6229182809080032,-0.6094053918576603,-0.6358849366745616,-0.6265796969559122,-0.5880733258087236,-0.5720110189889446,-0.5735341072584084,-0.5566281261280904,-0.5418566109313049,-0.4360578195874744,-0.3641682708162344,NEGATIVE,1.0,0.0,4.0,2026-03-18 16:04:13,Random Forest
Sample_0317,-0.9363578484330304,0.8392061115706375,-3.507504168660329,-0.01530694005383053,1.87668964839558,-3.666152466395971,-0.46,0.06,-2.842385554472654,-0.4683417085427136,1.334838995490549,-4.049965225121511,0.372,0.05,-3.507504168660329,0.3658291457286431,1.274423931052867,-3.245721657008781,0.98,0.07,-2.94836847935448,0.9788944723618089,1.023702310668037,-2.808050008680389,-3.491555096950527,-2.94836847935448,-0.6793026315700484,-0.6581082170096482,-0.5414292232014586,-0.2711966810670478,-0.2773065383457782,0.3609337819565663,49.64049982750998,-47.60143596911053,10.96183934852626,0.9052306038716604,1.12953384603369,1.247785747855505,2.112039317891595,8.146742535894445,0.3453763652504008,-0.9018834532024423,-0.9369863958426243,-0.9011222782855535,-0.8962668974311887,-0.8480877215065409,-0.8820495680848666,-0.9132429327605243,-0.9054159052063542,-0.8817831015065585,-0.912040779730236,-0.8513862367370769,-0.8834044843120219,-0.8572904092455502,-0.8779695637475746,-0.8238473286882128,-0.8267071643161799,-0.7418874746709554,-0.7554737012514384,-0.7062533939271975,-0.6532768744312587,NEGATIVE,0.94,0.06,4.0,2026-03-18 16:04:13,Random Forest
Sample_0409,-1.447305589434731,1.553725566846428,-7.912739470330787,-0.002398826877628185,2.900501599507258,-8.964043095953265,-0.46,0.06,-7.912739470330787,-0.4582914572864322,1.094600891830343,-3.677845642715337,0.372,0.05,-2.785981690631936,0.3758793969849246,1.045212640462302,-4.343544002986962,0.98,0.07,-3.617181588422093,0.9788944723618089,1.005394296838604,-7.912739470330787,-2.785981690631936,-3.617181588422093,-0.9579952098038931,-0.9692640499148163,-0.8935625206849955,-0.7424754483459788,-0.604699378039143,0.1930975433729096,89.9275660474552,-97.1494354649513,16.98543274165556,2.437308132740218,2.063762469031944,0.8467384329907011,19775.80881511045,2.783996758063306,10.66289600736796,-1.054306279347003,-1.028002893885351,-1.058123595089933,-1.046472301226256,-1.074818201387297,-1.032760995215161,-1.057938179069124,-1.007748267695199,-1.027739240260448,-0.9954068368449303,-1.055078182773831,-1.038463342537266,-1.024344535045762,-1.013080435586171,-1.051500804007488,-0.9857390066014848,-0.9270607461324689,-0.8231478798148335,-0.7458570302642166,-0.6595229362945445,NEGATIVE,1.0,0.0,4.0,2026-03-18 16:04:13,Random Forest
Sample_0362,-0.9615846839126923,1.440223096710357,-6.009600714814384,-0.006568535705753864,1.932119245674477,-6.166978510823675,-0.46,0.06,-6.009600714814384,-0.4582914572864322,1.078828475951523,-2.374712265929465,0.372,0.05,-2.176753979124492,0.3658291457286431,1.206064503491945,-3.994542834561331,0.98,0.07,-3.870886876290712,0.9688442211055277,1.091053393197384,-6.009600714814384,-2.172347762437835,-3.870593695379916,-0.1586798960696592,-0.1967952050906323,-0.1978919644940301,-0.05162482901158081,-0.02841636286412219,0.0119095180034957,62.60431715748717,-64.05059126104683,12.53623361131447,2.596937152893305,1.543850890135946,0.5944891228560951,158.264748161403,0.06481410169000762,3.583704601156186,-0.08298135593145409,-0.1337814771576108,-0.09961800766401967,-0.102354879449433,-0.07967209739165731,-0.1235524068184222,-0.1166797475849051,-0.1085306793558477,-0.1022616788278512,-0.115907978847951,-0.1282121263098373,-0.1126694595379472,-0.1431414485359546,-0.1083052489265663,-0.08263491519537206,-0.1051514693382435,-0.0180658523592946,-0.02660745412165114,-0.04577794205278795,-0.1437004195876769,NEGATIVE,0.99,0.01,4.0,2026-03-18 16:11:57,Random Forest
Sample_0074,-1.15156586792421,1.83382011662609,-7.987180149256619,-0.0003311658480724556,2.311392866242539,-8.004411008076874,-0.46,0.06,-7.987180149256619,-0.4582914572864322,1.068090647109069,-1.836461787204623,0.372,0.05,-1.543197326210644,0.3758793969849246,0.9933695493461873,-4.970966213886118,0.98,0.07,-4.512140281247019,0.9788944723618089,0.9933435257326395,-7.987180149256619,-1.543197326210644,-4.512140281247019,-0.1254870021443383,-0.1867921838721553,-0.1978719686738495,-0.2647374524844202,-0.2480230150312633,-0.1683859958765547,82.50953358187175,-81.06136354488818,14.81183900916762,4.358604716878328,1.610232430411012,0.3694375918457399,3773.721716962681,0.0137141899179957,75.71716069513755,-0.1611973978328833,-0.1619487664815229,-0.1274644400088328,-0.1420675792545693,-0.1002239086960554,-0.1083684213462384,-0.0666226836966361,-0.1013451742718038,-0.118290229008589,-0.1366530573706071,-0.0891523949331628,-0.1323794543543932,-0.1099040602249038,-0.0758871725184922,-0.1144790233772791,-0.1323426258910934,-0.1521809729894364,-0.2071705067160595,-0.277612154905451,-0.4399989901001654,NEGATIVE,1.0,0.0,4.0,2026-03-18 16:11:57,Random Forest
Sample_0375,-0.5058508532690569,0.859124940870671,-3.934556875863473,-6.589717231682019e-05,1.013082183536578,-0.06153189997444608,-0.46,0.06,-0.1575770439234788,-0.5185929648241207,0.6592327686204437,-1.71861247304513,0.372,0.05,-1.488829604146626,0.3758793969849246,0.9807810170232841,-4.477384064786138,0.98,0.07,-3.934556875863473,0.9788944723618089,0.9912116140591413,-0.08843213551994666,-1.488829604146626,-3.934556875863473,-0.04021253206227211,-0.1005300505838946,-0.1602817760650442,-0.2495037895265163,-0.3110365046748791,-0.2235474989328986,41.09658046115421,-42.41656979675398,6.257528437805714,0.03580324298788578,0.01374282373012938,0.3838429869266127,0.004193606059825905,0.0097608876638906,16.19855754279148,-0.1449458929889725,-0.146510748165952,-0.1501208557948262,-0.1042557160846662,-0.1325018674944207,-0.1460290480939208,-0.1707299865443002,-0.1644133054754837,-0.1609403646439087,-0.1555595948089859,-0.1207797681563396,-0.1541802485339726,-0.1461809664690232,-0.1127921169934291,-0.1327579316694086,-0.1402734358816822,-0.1303513266858166,-0.1619809250533699,-0.1420325272270398,-0.141473680047552,NEGATIVE,1.0,0.0,4.0,2026-03-18 16:11:57,Random Forest
Sample_0156,-0.9286682272581017,0.6722547754464986,-3.24791175682078,-0.04289311915104609,1.858976349465733,-1.885020501177615,-0.46,0.06,-1.309344985597259,-0.4683417085427136,1.290860602734847,-4.173248214160771,0.372,0.05,-3.24791175682078,0.3758793969849246,1.027958403624504,-4.139932059741341,0.98,0.07,-3.009849746215779,0.9788944723618089,1.001861910826071,-1.270801549523776,-3.24791175682078,-3.009849746215779,-0.7215421820143264,-0.797877761437933,-0.8706765446932654,-0.7911465586720903,-0.8656847164135059,-0.3485812595180084,53.70353970747162,-51.55088456093688,10.19820077507973,0.4516914414008051,0.4553264338582863,1.008047512359783,0.09761591187415117,11.62716813348696,5.644219310349473,-0.4169174202618499,-0.4228460559834906,-0.4440956551815822,-0.442010971021545,-0.4496294042106974,-0.4585427190094808,-0.476559689416909,-0.4707001287488632,-0.4718950533400926,-0.489815882277406,-0.4906008505205321,-0.4864334071917593,-0.5127299630910483,-0.5084883734161255,-0.5237546072744156,-0.5300353338649928,-0.5078191320662115,-0.4661708835440076,-0.4682632181418552,-0.4666773981953288,NEGATIVE,1.0,0.0,4.0,2026-03-18 16:11:57,Random Forest
Sample_0105,-1.419553600819388,1.697563200725689,-8.238680864901532,-0.003381728575153953,2.846631864811041,-8.987356053346147,-0.46,0.06,-8.238680864901532,-0.4582914572864322,1.082954123140306,-5.242252197565781,0.372,0.05,-4.441019970386908,0.3758793969849246,1.039906619132458,-3.67687976114502,0.98,0.07,-2.878138138026259,0.9788944723618089,0.994938163782956,-8.238680864901532,-4.441019970386908,-2.878138138026259,-0.7653476352006566,-0.7679609543032959,-0.7225595175210926,-0.5685419939055916,-0.6508071249743675,-0.06122503988172867,94.10426309581068,-93.23104075377623,17.90648801205695,1.714407417773489,2.444288809310258,1.425733920636362,20587.81394866162,254.1428768882398,1.328343500246859,-0.6096245752973187,-0.6314534192664489,-0.616257362260797,-0.623901444498687,-0.6684465922407702,-0.6535708418199176,-0.655327926260259,-0.6465658011904497,-0.655833651965422,-0.6561165278010974,-0.6516930921404995,-0.6472515404369303,-0.6460343832364178,-0.6289803010340758,-0.6460729691137397,-0.5947968094449281,-0.6082284867337318,-0.4868336631973089,-0.4036493130460682,-0.2812726760751846,NEGATIVE,0.99,0.01,4.0,2026-03-18 16:11:57,Random Forest
Sample_0395,-0.9924515736192202,0.6726394037590312,-3.306090913465369,-0.01122640047535562,1.985789986743484,-2.938862025187089,-0.46,0.06,-2.352296835176997,-0.4582914572864322,1.081765598122408,-3.350682747787754,0.372,0.05,-2.34806284324671,0.3658291457286431,1.271114781080647,-4.535480031523795,0.98,0.07,-3.306090913465369,0.9788944723618089,0.9777870484882415,-2.352296835176997,-2.320719079408401,-3.306090913465369,-0.7076509147900514,-0.820699852589888,-0.9061959106900709,-0.9235059721175561,-0.9825158838035222,-0.4686901199354276,44.82487601566355,-42.08046138945749,10.82502480449864,0.8770934900140681,0.6479715498162414,0.7387713592605142,0.6018756389396566,1.083153880952177,19.42244845908692,-0.4355209229319901,-0.444460865892463,-0.4354238651262167,-0.4575231588141922,-0.4343467775334079,-0.4346999354149152,-0.4319851407805418,-0.4636745862682757,-0.4432285214162685,-0.4840653620645438,-0.494578881665384,-0.4531701311815511,-0.4868374545047838,-0.4742888948685808,-0.4930937288494008,-0.4744937743183,-0.459869521871035,-0.4618732613363535,-0.418191915572059,-0.3885668725286044,NEGATIVE,0.99,0.01,4.0,2026-03-18 16:11:57,Random Forest
Sample_0378,-0.9286980403621474,0.9521651725744975,-4.086767079578483,-0.001915032087054125,1.862075435706403,-0.4498352582203844,-0.46,0.06,-0.6682675357327399,-0.5587939698492463,1.0,-4.127753224178841,0.372,0.05,-3.582154514985719,0.3758793969849246,1.0669944910783,-4.317569358269138,0.98,0.07,-4.086767079578483,0.9788944723618089,1.017758461167693,-0.3197946826203414,-3.582154514985719,-4.086767079578483,-0.6840373894143935,-0.6349301947032563,-0.540501345308961,-0.274839793471074,-0.1706817308987155,0.394069012553007,49.62269696896445,-54.64400279412136,8.895157840668363,0.1089782343540832,0.1041871527457565,0.956036343984433,0.001734818038940762,10.1967714919585,9.831763480989334,-0.8571712321953974,-0.8552717627492157,-0.8674553772094076,-0.858069902870671,-0.8316444046604304,-0.8430818265836663,-0.8515071594756431,-0.826014133516192,-0.8463791683948855,-0.8246334480409692,-0.910048041482943,-0.8655355581029215,-0.8422089709175646,-0.8494248349834792,-0.8631638293905843,-0.8518054741750213,-0.8242206087319794,-0.8125398395744411,-0.8114470998016402,-0.7942194512799974,NEGATIVE,1.0,0.0,4.0,2026-03-18 16:11:57,Random Forest
Sample_0125,-0.9909509973709494,0.8594503592174663,-3.926499212501736,-0.023720957178373,1.985063572668887,-1.734330698254484,-0.46,0.06,-0.8121910316087235,-0.4683417085427136,1.216438690130156,-4.677393200906003,0.372,0.05,-3.926499212501736,0.3758793969849246,1.058525787141804,-4.11425693368628,0.98,0.07,-3.595545850346628,0.9788944723618089,1.015087598499095,-0.796171793013257,-3.926499212501736,-3.595545850346628,-0.8378809287084505,-0.8717821000558778,-0.7770276842214937,-0.4893727774618232,-0.3831601102285009,0.3104700988216365,57.64071111074281,-55.91682369651209,10.52598083284677,0.3707900156691011,0.4215416601851755,1.136874355757643,0.07525922535769528,49.8006014230187,5.209146019352117,-0.986844092457206,-0.9492254708688063,-0.9430498554845419,-0.9889340921521602,-0.9619167982424282,-0.9716970308005229,-0.9647638170377436,-0.9487146219322667,-0.9471509626474138,-0.9321350460746414,-0.956857603116887,-0.9490373261261977,-0.9508659455085124,-0.9026622893105891,-0.9483186070670565,-0.9186006574712916,-0.8829153468315153,-0.8805686439871194,-0.8790438825925483,-0.8518040005182426,NEGATIVE,1.0,0.0,4.0,2026-03-18 16:11:57,Random Forest
Sample_0069,-0.8557354285384232,0.6958785700985236,-3.265350702008923,-0.02017632804028725,1.713970130435624,-0.09741111295739646,-0.46,0.06,-0.7201064178712773,-0.5487437185929649,0.8940272826257019,-3.881546529151049,0.372,0.05,-3.265350702008923,0.3658291457286431,1.265214942543446,-3.567627595923764,0.98,0.07,-3.062084820538671,0.9788944723618089,0.9968111989474177,-0.5905718487592347,-3.222077441969738,-3.062084820538671,-0.6763177965464426,-0.6442072001020188,-0.6851913688394683,-0.4374656280567343,-0.4129536180238693,0.07398670410012784,47.02918712427157,-48.08374956395821,7.546585238032209,0.02509595395181356,0.02730417072361888,1.087990947705965,0.004461527691935567,5.011099128209816,0.9442160206383463,-0.6810444334401778,-0.7003325267649567,-0.6639646448961509,-0.6988299457249674,-0.7346083521012181,-0.6901379840351747,-0.6942954629003149,-0.7185856482684755,-0.7013760419771563,-0.7251576010206183,-0.7102156452190146,-0.7259486968496591,-0.670167748385082,-0.698643991183681,-0.6735593097151937,-0.6954439447999138,-0.7172915048962283,-0.7073412839683544,-0.7011050845693563,-0.7444448096897631,NEGATIVE,0.98,0.02,4.0,2026-03-18 16:11:57,Random Forest
Sample_0451,-1.255396680755549,1.260122451323914,-6.684816711232635,-0.004570412991751593,2.514394169394643,-7.595518530384489,-0.46,0.06,-6.684816711232635,-0.4582914572864322,1.092249108390905,-3.937050775894913,0.372,0.05,-3.072707647668182,0.3658291457286431,1.297011900099185,-2.934223917939822,0.98,0.07,-2.129057309186,0.9788944723618089,1.012532460852371,-6.684816711232635,-3.055977371310325,-2.129057309186,-0.8847791402614067,-0.867134752789797,-0.87957688978299,-0.6773905453634818,-0.7308072952943138,0.06625116359329997,77.1827726657522,-81.18141199330722,14.46679322421922,1.929240683632785,2.5885953978991,1.34176902854067,1863.175526317896,5.881487628559332,0.1305077349595946,-0.9633674599362932,-1.020613027213236,-0.9880346523983428,-0.9952753548182944,-1.00436884875997,-0.9706618946132816,-0.9787443661765444,-0.9784322129525996,-0.960213763692964,-0.9556775689302519,-0.9702232530788393,-0.9554175832190325,-0.9763132827989363,-0.9316340008455917,-0.9135072178322154,-0.9106223853675528,-0.8607223663020885,-0.8081976052896875,-0.7075763906667865,-0.6121578918921247,NEGATIVE,0.97,0.03,4.0,2026-03-18 16:11:57,Random Forest
Sample_0010,-1.210414422171368,1.576189046653897,-6.302890634534092,-0.001903337069675853,2.428614465525691,-6.85835719384628,-0.46,0.06,-6.302890634534092,-0.4582914572864322,1.097503928930186,-4.142206579385373,0.372,0.05,-4.043749591277206,0.3658291457286431,1.210830708536117,-4.251399653378957,0.98,0.07,-4.342644637346752,0.9788944723618089,1.010234615686601,-6.302890634534092,-4.026459890143674,-4.342644637346752,-0.3641498229839478,-0.2703764058498843,-0.1479020657077144,-0.1683611971655731,-0.2169477086123175,0.2577223183730919,71.34890373554377,-67.60269171314063,15.25196342661061,1.65572553237167,1.613199829001102,0.9743159705282474,521.9862533046434,10.63101328546565,7.995560597605544,-0.6934674328404291,-0.6862744248448827,-0.6710498800518361,-0.6715514126159394,-0.6758819351836618,-0.6576746408417513,-0.6532072343614765,-0.6559133508961034,-0.6811468549148572,-0.6661639126542301,-0.6454820548575406,-0.6076306866322699,-0.6309924663504232,-0.644356618685578,-0.6166635327746186,-0.6124573693547184,-0.5998059527174214,-0.5273830105088182,-0.4173506981305452,-0.2951025131952593,NEGATIVE,1.0,0.0,4.0,2026-03-18 16:11:57,Random Forest
Sample_0195,-0.5619537913547261,0.8304416812510526,-3.090911607455083,-0.003349388621924396,1.128322750261698,-2.919932573678616,-0.46,0.06,-2.762410331546842,-0.4582914572864322,1.087260151101825,-0.9895137868333999,0.372,0.05,-0.8785342121296404,0.385929648241206,0.8798009235148928,-3.11062600246968,0.98,0.07,-3.090911607455083,0.9788944723618089,1.006526442236788,-2.762410331546842,-0.8441451071561735,-3.090911607455083,-0.1785273141825506,-0.1040443637165852,-0.0833605499987236,-0.01842427397288451,-0.06073596720669172,0.1081079570345064,33.12925034715088,-33.56606602617714,7.020072362981695,2.950876089380079,0.9386961246258267,0.3181076047225787,0.5825279553592048,0.001190780771355515,0.2264580647771711,-0.2307525769407964,-0.2248967091953357,-0.2360675073110904,-0.2073084863951142,-0.2105587920714035,-0.2151804140165975,-0.2023215167835328,-0.2154553276738328,-0.2215129882347518,-0.1577585985184965,-0.1939651387748457,-0.2315168484309528,-0.2165224252125403,-0.1670535172813945,-0.1748293100521746,-0.1798875070958585,-0.1427536763527036,-0.1493469573194964,-0.1143661309073331,-0.07312364909447346,NEGATIVE,0.99,0.01,4.0,2026-03-18 16:11:57,Random Forest
Sample_0407,-1.012509667235223,1.300540510854851,-5.504179561842704,-0.0128917067018151,2.03114584403332,-3.455366959057871,-0.46,0.06,-3.427762974280213,-0.4582914572864322,1.066254842011131,-5.903163111186529,0.372,0.05,-5.504179561842704,0.3758793969849246,1.024629473050898,-4.354893251450432,0.98,0.07,-3.689764237767265,0.9788944723618089,0.9919856488989971,-3.427762974280213,-5.504179561842704,-3.689764237767265,-0.1796908441314742,-0.2293000810726606,-0.330675298551906,-0.1716905434617412,-0.453444809264701,-0.2857882240760489,73.05725567212107,-72.08577326543356,13.71342332169483,0.5853416031330609,0.7934446976184856,1.35552418172832,1.467884461969388,1711.1461589731,11.04776493977563,-0.1171337416532222,-0.07658803232970693,-0.04800426219869299,-0.09458229758354855,-0.09252942119790225,-0.0861517896628571,-0.06855309967663092,-0.1065159466664752,-0.07045577544432714,-0.07254404403465992,-0.09398518777668784,-0.06116858315249105,-0.03117940641282081,-0.04042307255996458,-0.01591952813443168,-0.04920023316343212,-0.06981244025002463,-0.1052733361928887,-0.1028121940842056,-0.1498322976378593,NEGATIVE,0.98,0.02,4.0,2026-03-18 16:11:57,Random Forest
Sample_0085,-1.099331061675031,1.380792904010729,-5.712090789283912,-0.01860866704394078,2.204504855802754,-2.620609980956429,-0.46,0.06,-1.969041669756074,-0.4582914572864322,1.168727252102114,-6.000074076794768,0.372,0.05,-5.712090789283912,0.3758793969849246,1.057457784848683,-4.655324093370336,0.98,0.07,-4.762823719288886,0.9788944723618089,1.025048963398057,-1.969041669756074,-5.712090789283912,-4.762823719288886,-0.5696515397712203,-0.4132375311879489,-0.2751490457221099,-0.1404879156067773,-0.1651082098505454,0.2127407982860948,74.47935104975109,-72.15189362229613,13.27600815112153,0.4367629378263203,0.5629275058826624,1.288862806638854,0.3474857642788026,2263.233795439577,28.24324835656238,-0.7307199809183178,-0.7043564894945865,-0.7457359567502884,-0.7345818288948842,-0.7225806577929895,-0.715447940840058,-0.691008580096701,-0.7305348874821458,-0.7333236474130667,-0.6961926834514204,-0.6917247116743535,-0.6535877811036439,-0.6686690273973905,-0.6458647292894437,-0.6435275233677848,-0.6479516725941763,-0.6370039090090892,-0.6261428092122683,-0.6279982917872632,-0.521426162714552,NEGATIVE,1.0,0.0,4.0,2026-03-18 16:11:57,Random Forest
Sample_0372,-0.6766884118881805,0.5504599238942506,-2.924284796298837,-0.002300365779632663,1.353252692263426,-0.5037300330397794,-0.46,0.06,-0.3131678140727981,-0.3678391959798996,2.951793798434607,-1.892446303664222,0.372,0.05,-1.122132015913725,0.3758793969849246,1.019968090656843,-3.966418371380345,0.98,0.07,-2.924284796298837,0.9889447236180904,0.8718104202968278,-0.1129346972504496,-1.122132015913725,-2.922203065623489,-0.5598386748175734,-0.5922523230612686,-0.6823759656347049,-0.6990760242291064,-0.7780653072553411,-0.4135037171418915,40.55523777929169,-36.62314914557353,6.362594708084346,0.2661793003396922,0.1269987141735826,0.4771171688088052,0.001580713086230344,0.01611855832497824,3.282248566116711,-0.2755357802833177,-0.3171670398556209,-0.2884821391127475,-0.3132316901098642,-0.2964756017012178,-0.3616646976572128,-0.3440061573636948,-0.3279450578805262,-0.3195444294828458,-0.3498772514586444,-0.3573310329399553,-0.3193943136735455,-0.3388422709378421,-0.3515278552304097,-0.3422966829949699,-0.3630143573246654,-0.3928605274081707,-0.3463632808318242,-0.3566412960684028,-0.3110456534867615,NEGATIVE,1.0,0.0,4.0,2026-03-18 16:11:57,Random Forest
Sample_0389,-1.350727857418114,1.61440728656575,-6.65617874245784,-0.01758678834149171,2.710410205259315,-7.312367273118122,-0.46,0.06,-6.65617874245784,-0.4582914572864322,1.097851180207805,-5.089552741051218,0.372,0.05,-4.735943489188745,0.3758793969849246,1.067142549921863,-4.516119916004858,0.98,0.07,-4.43473938281185,0.9788944723618089,1.003093724106799,-6.65617874245784,-4.735943489188745,-4.43473938281185,-0.5680899064531796,-0.5978061923519719,-0.4679068573089568,-0.07741559917327333,-0.01758678834149171,0.3959371851323042,72.51429508144017,-75.41851583527857,16.9180399301742,1.436740642087893,1.619170307503025,1.126974667571193,1142.869010133384,163.5781301193966,18.28248240722142,-0.8556932454533238,-0.8568356773613021,-0.8279782317584811,-0.8124081382386719,-0.8253364945666409,-0.800074718715957,-0.8019194799068331,-0.7785675723472327,-0.8301607241646399,-0.8370371681588674,-0.7755909355010251,-0.7734139414286663,-0.7795666251900123,-0.7920074274310872,-0.7155701552445423,-0.7136821139615154,-0.7079096927537551,-0.6163917006886085,-0.575557757341823,-0.4458973246865048,NEGATIVE,0.99,0.01,4.0,2026-03-18 16:11:57,Random Forest
Sample_0496,-0.8731416702739905,0.9486653682154443,-3.708505135370327,-0.007322480923949645,1.75088997474496,-3.072781621100918,-0.46,0.06,-2.665792443510928,-0.4582914572864322,1.108264271259329,-3.726673640409346,0.372,0.05,-3.315695530897306,0.3758793969849246,1.047576105879924,-4.099321444250798,0.98,0.07,-3.708505135370327,0.9788944723618089,1.000643709832503,-2.665792443510928,-3.315695530897306,-3.708505135370327,-0.4110133100871691,-0.4151586287740163,-0.3912861277206535,-0.2721563340203613,-0.2719794284028421,0.07308793008930288,45.20538594004901,-46.24429921710473,10.89877670576106,0.8245373535750226,0.7495829890116136,0.9090952468818757,0.7583964085413056,3.205211499722422,4.971658404080524,-0.4878694977639083,-0.468126898165745,-0.4473781829988113,-0.4845419809309415,-0.4550512621978919,-0.5136365081779851,-0.4539670788641995,-0.47374044469626,-0.4715469056064924,-0.479515118180338,-0.5169329535371057,-0.4636356705817992,-0.4575723094947347,-0.4640026009484877,-0.4754023632154582,-0.4479777742077926,-0.4577066482477581,-0.4597871721232226,-0.3784211845781176,-0.3572351396644225,NEGATIVE,1.0,0.0,4.0,2026-03-18 16:11:57,Random Forest
Sample_0031,-0.9460536728948867,1.035071918611418,-5.215544652802518,-0.006100311062516944,1.895387301443706,-5.785525303099033,-0.46,0.06,-5.215544652802518,-0.4582914572864322,1.094164796060345,-2.287414030094038,0.372,0.05,-1.701643043801512,0.3758793969849246,1.070736406599206,-3.156145245635098,0.98,0.07,-2.568107593427412,0.9889447236180904,0.9200942608772432,-5.215544652802518,-1.701643043801512,-2.556924075551679,-0.5802212451158945,-0.5391668791219603,-0.5639469555932753,-0.4169507550461493,-0.4613867184327347,0.04786625057556113,58.95954318233421,-60.30511429503164,11.22908457882817,2.529286446171349,1.833098559421601,0.7247492913253906,81.92892542108204,0.05038174676490613,0.2610662148759867,-0.6675643359041016,-0.6589506942461136,-0.6749719929085644,-0.6469095369234596,-0.6573198885129281,-0.6134595855306384,-0.6341186187524532,-0.6412288607945164,-0.662323071094462,-0.6229182809080032,-0.6094053918576603,-0.6358849366745616,-0.6265796969559122,-0.5880733258087236,-0.5720110189889446,-0.5735341072584084,-0.5566281261280904,-0.5418566109313049,-0.4360578195874744,-0.3641682708162344,NEGATIVE,1.0,0.0,4.0,2026-03-18 16:11:57,Random Forest
Sample_0317,-0.9363578484330304,0.8392061115706375,-3.507504168660329,-0.01530694005383053,1.87668964839558,-3.666152466395971,-0.46,0.06,-2.842385554472654,-0.4683417085427136,1.334838995490549,-4.049965225121511,0.372,0.05,-3.507504168660329,0.3658291457286431,1.274423931052867,-3.245721657008781,0.98,0.07,-2.94836847935448,0.9788944723618089,1.023702310668037,-2.808050008680389,-3.491555096950527,-2.94836847935448,-0.6793026315700484,-0.6581082170096482,-0.5414292232014586,-0.2711966810670478,-0.2773065383457782,0.3609337819565663,49.64049982750998,-47.60143596911053,10.96183934852626,0.9052306038716604,1.12953384603369,1.247785747855505,2.112039317891595,8.146742535894445,0.3453763652504008,-0.9018834532024423,-0.9369863958426243,-0.9011222782855535,-0.8962668974311887,-0.8480877215065409,-0.8820495680848666,-0.9132429327605243,-0.9054159052063542,-0.8817831015065585,-0.912040779730236,-0.8513862367370769,-0.8834044843120219,-0.8572904092455502,-0.8779695637475746,-0.8238473286882128,-0.8267071643161799,-0.7418874746709554,-0.7554737012514384,-0.7062533939271975,-0.6532768744312587,NEGATIVE,0.94,0.06,4.0,2026-03-18 16:11:57,Random Forest
Sample_0409,-1.447305589434731,1.553725566846428,-7.912739470330787,-0.002398826877628185,2.900501599507258,-8.964043095953265,-0.46,0.06,-7.912739470330787,-0.4582914572864322,1.094600891830343,-3.677845642715337,0.372,0.05,-2.785981690631936,0.3758793969849246,1.045212640462302,-4.343544002986962,0.98,0.07,-3.617181588422093,0.9788944723618089,1.005394296838604,-7.912739470330787,-2.785981690631936,-3.617181588422093,-0.9579952098038931,-0.9692640499148163,-0.8935625206849955,-0.7424754483459788,-0.604699378039143,0.1930975433729096,89.9275660474552,-97.1494354649513,16.98543274165556,2.437308132740218,2.063762469031944,0.8467384329907011,19775.80881511045,2.783996758063306,10.66289600736796,-1.054306279347003,-1.028002893885351,-1.058123595089933,-1.046472301226256,-1.074818201387297,-1.032760995215161,-1.057938179069124,-1.007748267695199,-1.027739240260448,-0.9954068368449303,-1.055078182773831,-1.038463342537266,-1.024344535045762,-1.013080435586171,-1.051500804007488,-0.9857390066014848,-0.9270607461324689,-0.8231478798148335,-0.7458570302642166,-0.6595229362945445,NEGATIVE,1.0,0.0,4.0,2026-03-18 16:11:57,Random Forest
2026-03-18 16:12:39,Random Forest,0,0.01,0.99,4/4 Models,158.2647,0.0648,3.5837
2026-03-18 16:13:18,Random Forest,0,0.01,0.99,4/4 Models,158.2647,0.0648,3.5837
Sample_0362,-0.9615846839126923,1.440223096710357,-6.009600714814384,-0.006568535705753864,1.932119245674477,-6.166978510823675,-0.46,0.06,-6.009600714814384,-0.4582914572864322,1.078828475951523,-2.374712265929465,0.372,0.05,-2.176753979124492,0.3658291457286431,1.206064503491945,-3.994542834561331,0.98,0.07,-3.870886876290712,0.9688442211055277,1.091053393197384,-6.009600714814384,-2.172347762437835,-3.870593695379916,-0.1586798960696592,-0.1967952050906323,-0.1978919644940301,-0.05162482901158081,-0.02841636286412219,0.0119095180034957,62.60431715748717,-64.05059126104683,12.53623361131447,2.596937152893305,1.543850890135946,0.5944891228560951,158.264748161403,0.06481410169000762,3.583704601156186,-0.08298135593145409,-0.1337814771576108,-0.09961800766401967,-0.102354879449433,-0.07967209739165731,-0.1235524068184222,-0.1166797475849051,-0.1085306793558477,-0.1022616788278512,-0.115907978847951,-0.1282121263098373,-0.1126694595379472,-0.1431414485359546,-0.1083052489265663,-0.08263491519537206,-0.1051514693382435,-0.0180658523592946,-0.02660745412165114,-0.04577794205278795,-0.1437004195876769,NEGATIVE,0.99,0.01,4.0,2026-03-18 16:13:19,Random Forest
Sample_0074,-1.15156586792421,1.83382011662609,-7.987180149256619,-0.0003311658480724556,2.311392866242539,-8.004411008076874,-0.46,0.06,-7.987180149256619,-0.4582914572864322,1.068090647109069,-1.836461787204623,0.372,0.05,-1.543197326210644,0.3758793969849246,0.9933695493461873,-4.970966213886118,0.98,0.07,-4.512140281247019,0.9788944723618089,0.9933435257326395,-7.987180149256619,-1.543197326210644,-4.512140281247019,-0.1254870021443383,-0.1867921838721553,-0.1978719686738495,-0.2647374524844202,-0.2480230150312633,-0.1683859958765547,82.50953358187175,-81.06136354488818,14.81183900916762,4.358604716878328,1.610232430411012,0.3694375918457399,3773.721716962681,0.0137141899179957,75.71716069513755,-0.1611973978328833,-0.1619487664815229,-0.1274644400088328,-0.1420675792545693,-0.1002239086960554,-0.1083684213462384,-0.0666226836966361,-0.1013451742718038,-0.118290229008589,-0.1366530573706071,-0.0891523949331628,-0.1323794543543932,-0.1099040602249038,-0.0758871725184922,-0.1144790233772791,-0.1323426258910934,-0.1521809729894364,-0.2071705067160595,-0.277612154905451,-0.4399989901001654,NEGATIVE,1.0,0.0,4.0,2026-03-18 16:13:19,Random Forest
Sample_0375,-0.5058508532690569,0.859124940870671,-3.934556875863473,-6.589717231682019e-05,1.013082183536578,-0.06153189997444608,-0.46,0.06,-0.1575770439234788,-0.5185929648241207,0.6592327686204437,-1.71861247304513,0.372,0.05,-1.488829604146626,0.3758793969849246,0.9807810170232841,-4.477384064786138,0.98,0.07,-3.934556875863473,0.9788944723618089,0.9912116140591413,-0.08843213551994666,-1.488829604146626,-3.934556875863473,-0.04021253206227211,-0.1005300505838946,-0.1602817760650442,-0.2495037895265163,-0.3110365046748791,-0.2235474989328986,41.09658046115421,-42.41656979675398,6.257528437805714,0.03580324298788578,0.01374282373012938,0.3838429869266127,0.004193606059825905,0.0097608876638906,16.19855754279148,-0.1449458929889725,-0.146510748165952,-0.1501208557948262,-0.1042557160846662,-0.1325018674944207,-0.1460290480939208,-0.1707299865443002,-0.1644133054754837,-0.1609403646439087,-0.1555595948089859,-0.1207797681563396,-0.1541802485339726,-0.1461809664690232,-0.1127921169934291,-0.1327579316694086,-0.1402734358816822,-0.1303513266858166,-0.1619809250533699,-0.1420325272270398,-0.141473680047552,NEGATIVE,1.0,0.0,4.0,2026-03-18 16:13:19,Random Forest
Sample_0156,-0.9286682272581017,0.6722547754464986,-3.24791175682078,-0.04289311915104609,1.858976349465733,-1.885020501177615,-0.46,0.06,-1.309344985597259,-0.4683417085427136,1.290860602734847,-4.173248214160771,0.372,0.05,-3.24791175682078,0.3758793969849246,1.027958403624504,-4.139932059741341,0.98,0.07,-3.009849746215779,0.9788944723618089,1.001861910826071,-1.270801549523776,-3.24791175682078,-3.009849746215779,-0.7215421820143264,-0.797877761437933,-0.8706765446932654,-0.7911465586720903,-0.8656847164135059,-0.3485812595180084,53.70353970747162,-51.55088456093688,10.19820077507973,0.4516914414008051,0.4553264338582863,1.008047512359783,0.09761591187415117,11.62716813348696,5.644219310349473,-0.4169174202618499,-0.4228460559834906,-0.4440956551815822,-0.442010971021545,-0.4496294042106974,-0.4585427190094808,-0.476559689416909,-0.4707001287488632,-0.4718950533400926,-0.489815882277406,-0.4906008505205321,-0.4864334071917593,-0.5127299630910483,-0.5084883734161255,-0.5237546072744156,-0.5300353338649928,-0.5078191320662115,-0.4661708835440076,-0.4682632181418552,-0.4666773981953288,NEGATIVE,1.0,0.0,4.0,2026-03-18 16:13:19,Random Forest
Sample_0105,-1.419553600819388,1.697563200725689,-8.238680864901532,-0.003381728575153953,2.846631864811041,-8.987356053346147,-0.46,0.06,-8.238680864901532,-0.4582914572864322,1.082954123140306,-5.242252197565781,0.372,0.05,-4.441019970386908,0.3758793969849246,1.039906619132458,-3.67687976114502,0.98,0.07,-2.878138138026259,0.9788944723618089,0.994938163782956,-8.238680864901532,-4.441019970386908,-2.878138138026259,-0.7653476352006566,-0.7679609543032959,-0.7225595175210926,-0.5685419939055916,-0.6508071249743675,-0.06122503988172867,94.10426309581068,-93.23104075377623,17.90648801205695,1.714407417773489,2.444288809310258,1.425733920636362,20587.81394866162,254.1428768882398,1.328343500246859,-0.6096245752973187,-0.6314534192664489,-0.616257362260797,-0.623901444498687,-0.6684465922407702,-0.6535708418199176,-0.655327926260259,-0.6465658011904497,-0.655833651965422,-0.6561165278010974,-0.6516930921404995,-0.6472515404369303,-0.6460343832364178,-0.6289803010340758,-0.6460729691137397,-0.5947968094449281,-0.6082284867337318,-0.4868336631973089,-0.4036493130460682,-0.2812726760751846,NEGATIVE,0.99,0.01,4.0,2026-03-18 16:13:19,Random Forest
Sample_0395,-0.9924515736192202,0.6726394037590312,-3.306090913465369,-0.01122640047535562,1.985789986743484,-2.938862025187089,-0.46,0.06,-2.352296835176997,-0.4582914572864322,1.081765598122408,-3.350682747787754,0.372,0.05,-2.34806284324671,0.3658291457286431,1.271114781080647,-4.535480031523795,0.98,0.07,-3.306090913465369,0.9788944723618089,0.9777870484882415,-2.352296835176997,-2.320719079408401,-3.306090913465369,-0.7076509147900514,-0.820699852589888,-0.9061959106900709,-0.9235059721175561,-0.9825158838035222,-0.4686901199354276,44.82487601566355,-42.08046138945749,10.82502480449864,0.8770934900140681,0.6479715498162414,0.7387713592605142,0.6018756389396566,1.083153880952177,19.42244845908692,-0.4355209229319901,-0.444460865892463,-0.4354238651262167,-0.4575231588141922,-0.4343467775334079,-0.4346999354149152,-0.4319851407805418,-0.4636745862682757,-0.4432285214162685,-0.4840653620645438,-0.494578881665384,-0.4531701311815511,-0.4868374545047838,-0.4742888948685808,-0.4930937288494008,-0.4744937743183,-0.459869521871035,-0.4618732613363535,-0.418191915572059,-0.3885668725286044,NEGATIVE,0.99,0.01,4.0,2026-03-18 16:13:19,Random Forest
Sample_0378,-0.9286980403621474,0.9521651725744975,-4.086767079578483,-0.001915032087054125,1.862075435706403,-0.4498352582203844,-0.46,0.06,-0.6682675357327399,-0.5587939698492463,1.0,-4.127753224178841,0.372,0.05,-3.582154514985719,0.3758793969849246,1.0669944910783,-4.317569358269138,0.98,0.07,-4.086767079578483,0.9788944723618089,1.017758461167693,-0.3197946826203414,-3.582154514985719,-4.086767079578483,-0.6840373894143935,-0.6349301947032563,-0.540501345308961,-0.274839793471074,-0.1706817308987155,0.394069012553007,49.62269696896445,-54.64400279412136,8.895157840668363,0.1089782343540832,0.1041871527457565,0.956036343984433,0.001734818038940762,10.1967714919585,9.831763480989334,-0.8571712321953974,-0.8552717627492157,-0.8674553772094076,-0.858069902870671,-0.8316444046604304,-0.8430818265836663,-0.8515071594756431,-0.826014133516192,-0.8463791683948855,-0.8246334480409692,-0.910048041482943,-0.8655355581029215,-0.8422089709175646,-0.8494248349834792,-0.8631638293905843,-0.8518054741750213,-0.8242206087319794,-0.8125398395744411,-0.8114470998016402,-0.7942194512799974,NEGATIVE,1.0,0.0,4.0,2026-03-18 16:13:19,Random Forest
Sample_0125,-0.9909509973709494,0.8594503592174663,-3.926499212501736,-0.023720957178373,1.985063572668887,-1.734330698254484,-0.46,0.06,-0.8121910316087235,-0.4683417085427136,1.216438690130156,-4.677393200906003,0.372,0.05,-3.926499212501736,0.3758793969849246,1.058525787141804,-4.11425693368628,0.98,0.07,-3.595545850346628,0.9788944723618089,1.015087598499095,-0.796171793013257,-3.926499212501736,-3.595545850346628,-0.8378809287084505,-0.8717821000558778,-0.7770276842214937,-0.4893727774618232,-0.3831601102285009,0.3104700988216365,57.64071111074281,-55.91682369651209,10.52598083284677,0.3707900156691011,0.4215416601851755,1.136874355757643,0.07525922535769528,49.8006014230187,5.209146019352117,-0.986844092457206,-0.9492254708688063,-0.9430498554845419,-0.9889340921521602,-0.9619167982424282,-0.9716970308005229,-0.9647638170377436,-0.9487146219322667,-0.9471509626474138,-0.9321350460746414,-0.956857603116887,-0.9490373261261977,-0.9508659455085124,-0.9026622893105891,-0.9483186070670565,-0.9186006574712916,-0.8829153468315153,-0.8805686439871194,-0.8790438825925483,-0.8518040005182426,NEGATIVE,1.0,0.0,4.0,2026-03-18 16:13:19,Random Forest
Sample_0069,-0.8557354285384232,0.6958785700985236,-3.265350702008923,-0.02017632804028725,1.713970130435624,-0.09741111295739646,-0.46,0.06,-0.7201064178712773,-0.5487437185929649,0.8940272826257019,-3.881546529151049,0.372,0.05,-3.265350702008923,0.3658291457286431,1.265214942543446,-3.567627595923764,0.98,0.07,-3.062084820538671,0.9788944723618089,0.9968111989474177,-0.5905718487592347,-3.222077441969738,-3.062084820538671,-0.6763177965464426,-0.6442072001020188,-0.6851913688394683,-0.4374656280567343,-0.4129536180238693,0.07398670410012784,47.02918712427157,-48.08374956395821,7.546585238032209,0.02509595395181356,0.02730417072361888,1.087990947705965,0.004461527691935567,5.011099128209816,0.9442160206383463,-0.6810444334401778,-0.7003325267649567,-0.6639646448961509,-0.6988299457249674,-0.7346083521012181,-0.6901379840351747,-0.6942954629003149,-0.7185856482684755,-0.7013760419771563,-0.7251576010206183,-0.7102156452190146,-0.7259486968496591,-0.670167748385082,-0.698643991183681,-0.6735593097151937,-0.6954439447999138,-0.7172915048962283,-0.7073412839683544,-0.7011050845693563,-0.7444448096897631,NEGATIVE,0.98,0.02,4.0,2026-03-18 16:13:19,Random Forest
Sample_0451,-1.255396680755549,1.260122451323914,-6.684816711232635,-0.004570412991751593,2.514394169394643,-7.595518530384489,-0.46,0.06,-6.684816711232635,-0.4582914572864322,1.092249108390905,-3.937050775894913,0.372,0.05,-3.072707647668182,0.3658291457286431,1.297011900099185,-2.934223917939822,0.98,0.07,-2.129057309186,0.9788944723618089,1.012532460852371,-6.684816711232635,-3.055977371310325,-2.129057309186,-0.8847791402614067,-0.867134752789797,-0.87957688978299,-0.6773905453634818,-0.7308072952943138,0.06625116359329997,77.1827726657522,-81.18141199330722,14.46679322421922,1.929240683632785,2.5885953978991,1.34176902854067,1863.175526317896,5.881487628559332,0.1305077349595946,-0.9633674599362932,-1.020613027213236,-0.9880346523983428,-0.9952753548182944,-1.00436884875997,-0.9706618946132816,-0.9787443661765444,-0.9784322129525996,-0.960213763692964,-0.9556775689302519,-0.9702232530788393,-0.9554175832190325,-0.9763132827989363,-0.9316340008455917,-0.9135072178322154,-0.9106223853675528,-0.8607223663020885,-0.8081976052896875,-0.7075763906667865,-0.6121578918921247,NEGATIVE,0.97,0.03,4.0,2026-03-18 16:13:19,Random Forest
Sample_0010,-1.210414422171368,1.576189046653897,-6.302890634534092,-0.001903337069675853,2.428614465525691,-6.85835719384628,-0.46,0.06,-6.302890634534092,-0.4582914572864322,1.097503928930186,-4.142206579385373,0.372,0.05,-4.043749591277206,0.3658291457286431,1.210830708536117,-4.251399653378957,0.98,0.07,-4.342644637346752,0.9788944723618089,1.010234615686601,-6.302890634534092,-4.026459890143674,-4.342644637346752,-0.3641498229839478,-0.2703764058498843,-0.1479020657077144,-0.1683611971655731,-0.2169477086123175,0.2577223183730919,71.34890373554377,-67.60269171314063,15.25196342661061,1.65572553237167,1.613199829001102,0.9743159705282474,521.9862533046434,10.63101328546565,7.995560597605544,-0.6934674328404291,-0.6862744248448827,-0.6710498800518361,-0.6715514126159394,-0.6758819351836618,-0.6576746408417513,-0.6532072343614765,-0.6559133508961034,-0.6811468549148572,-0.6661639126542301,-0.6454820548575406,-0.6076306866322699,-0.6309924663504232,-0.644356618685578,-0.6166635327746186,-0.6124573693547184,-0.5998059527174214,-0.5273830105088182,-0.4173506981305452,-0.2951025131952593,NEGATIVE,1.0,0.0,4.0,2026-03-18 16:13:19,Random Forest
Sample_0195,-0.5619537913547261,0.8304416812510526,-3.090911607455083,-0.003349388621924396,1.128322750261698,-2.919932573678616,-0.46,0.06,-2.762410331546842,-0.4582914572864322,1.087260151101825,-0.9895137868333999,0.372,0.05,-0.8785342121296404,0.385929648241206,0.8798009235148928,-3.11062600246968,0.98,0.07,-3.090911607455083,0.9788944723618089,1.006526442236788,-2.762410331546842,-0.8441451071561735,-3.090911607455083,-0.1785273141825506,-0.1040443637165852,-0.0833605499987236,-0.01842427397288451,-0.06073596720669172,0.1081079570345064,33.12925034715088,-33.56606602617714,7.020072362981695,2.950876089380079,0.9386961246258267,0.3181076047225787,0.5825279553592048,0.001190780771355515,0.2264580647771711,-0.2307525769407964,-0.2248967091953357,-0.2360675073110904,-0.2073084863951142,-0.2105587920714035,-0.2151804140165975,-0.2023215167835328,-0.2154553276738328,-0.2215129882347518,-0.1577585985184965,-0.1939651387748457,-0.2315168484309528,-0.2165224252125403,-0.1670535172813945,-0.1748293100521746,-0.1798875070958585,-0.1427536763527036,-0.1493469573194964,-0.1143661309073331,-0.07312364909447346,NEGATIVE,0.99,0.01,4.0,2026-03-18 16:13:19,Random Forest
Sample_0407,-1.012509667235223,1.300540510854851,-5.504179561842704,-0.0128917067018151,2.03114584403332,-3.455366959057871,-0.46,0.06,-3.427762974280213,-0.4582914572864322,1.066254842011131,-5.903163111186529,0.372,0.05,-5.504179561842704,0.3758793969849246,1.024629473050898,-4.354893251450432,0.98,0.07,-3.689764237767265,0.9788944723618089,0.9919856488989971,-3.427762974280213,-5.504179561842704,-3.689764237767265,-0.1796908441314742,-0.2293000810726606,-0.330675298551906,-0.1716905434617412,-0.453444809264701,-0.2857882240760489,73.05725567212107,-72.08577326543356,13.71342332169483,0.5853416031330609,0.7934446976184856,1.35552418172832,1.467884461969388,1711.1461589731,11.04776493977563,-0.1171337416532222,-0.07658803232970693,-0.04800426219869299,-0.09458229758354855,-0.09252942119790225,-0.0861517896628571,-0.06855309967663092,-0.1065159466664752,-0.07045577544432714,-0.07254404403465992,-0.09398518777668784,-0.06116858315249105,-0.03117940641282081,-0.04042307255996458,-0.01591952813443168,-0.04920023316343212,-0.06981244025002463,-0.1052733361928887,-0.1028121940842056,-0.1498322976378593,NEGATIVE,0.98,0.02,4.0,2026-03-18 16:13:19,Random Forest
Sample_0085,-1.099331061675031,1.380792904010729,-5.712090789283912,-0.01860866704394078,2.204504855802754,-2.620609980956429,-0.46,0.06,-1.969041669756074,-0.4582914572864322,1.168727252102114,-6.000074076794768,0.372,0.05,-5.712090789283912,0.3758793969849246,1.057457784848683,-4.655324093370336,0.98,0.07,-4.762823719288886,0.9788944723618089,1.025048963398057,-1.969041669756074,-5.712090789283912,-4.762823719288886,-0.5696515397712203,-0.4132375311879489,-0.2751490457221099,-0.1404879156067773,-0.1651082098505454,0.2127407982860948,74.47935104975109,-72.15189362229613,13.27600815112153,0.4367629378263203,0.5629275058826624,1.288862806638854,0.3474857642788026,2263.233795439577,28.24324835656238,-0.7307199809183178,-0.7043564894945865,-0.7457359567502884,-0.7345818288948842,-0.7225806577929895,-0.715447940840058,-0.691008580096701,-0.7305348874821458,-0.7333236474130667,-0.6961926834514204,-0.6917247116743535,-0.6535877811036439,-0.6686690273973905,-0.6458647292894437,-0.6435275233677848,-0.6479516725941763,-0.6370039090090892,-0.6261428092122683,-0.6279982917872632,-0.521426162714552,NEGATIVE,1.0,0.0,4.0,2026-03-18 16:13:19,Random Forest
Sample_0372,-0.6766884118881805,0.5504599238942506,-2.924284796298837,-0.002300365779632663,1.353252692263426,-0.5037300330397794,-0.46,0.06,-0.3131678140727981,-0.3678391959798996,2.951793798434607,-1.892446303664222,0.372,0.05,-1.122132015913725,0.3758793969849246,1.019968090656843,-3.966418371380345,0.98,0.07,-2.924284796298837,0.9889447236180904,0.8718104202968278,-0.1129346972504496,-1.122132015913725,-2.922203065623489,-0.5598386748175734,-0.5922523230612686,-0.6823759656347049,-0.6990760242291064,-0.7780653072553411,-0.4135037171418915,40.55523777929169,-36.62314914557353,6.362594708084346,0.2661793003396922,0.1269987141735826,0.4771171688088052,0.001580713086230344,0.01611855832497824,3.282248566116711,-0.2755357802833177,-0.3171670398556209,-0.2884821391127475,-0.3132316901098642,-0.2964756017012178,-0.3616646976572128,-0.3440061573636948,-0.3279450578805262,-0.3195444294828458,-0.3498772514586444,-0.3573310329399553,-0.3193943136735455,-0.3388422709378421,-0.3515278552304097,-0.3422966829949699,-0.3630143573246654,-0.3928605274081707,-0.3463632808318242,-0.3566412960684028,-0.3110456534867615,NEGATIVE,1.0,0.0,4.0,2026-03-18 16:13:19,Random Forest
Sample_0389,-1.350727857418114,1.61440728656575,-6.65617874245784,-0.01758678834149171,2.710410205259315,-7.312367273118122,-0.46,0.06,-6.65617874245784,-0.4582914572864322,1.097851180207805,-5.089552741051218,0.372,0.05,-4.735943489188745,0.3758793969849246,1.067142549921863,-4.516119916004858,0.98,0.07,-4.43473938281185,0.9788944723618089,1.003093724106799,-6.65617874245784,-4.735943489188745,-4.43473938281185,-0.5680899064531796,-0.5978061923519719,-0.4679068573089568,-0.07741559917327333,-0.01758678834149171,0.3959371851323042,72.51429508144017,-75.41851583527857,16.9180399301742,1.436740642087893,1.619170307503025,1.126974667571193,1142.869010133384,163.5781301193966,18.28248240722142,-0.8556932454533238,-0.8568356773613021,-0.8279782317584811,-0.8124081382386719,-0.8253364945666409,-0.800074718715957,-0.8019194799068331,-0.7785675723472327,-0.8301607241646399,-0.8370371681588674,-0.7755909355010251,-0.7734139414286663,-0.7795666251900123,-0.7920074274310872,-0.7155701552445423,-0.7136821139615154,-0.7079096927537551,-0.6163917006886085,-0.575557757341823,-0.4458973246865048,NEGATIVE,0.99,0.01,4.0,2026-03-18 16:13:19,Random Forest
Sample_0496,-0.8731416702739905,0.9486653682154443,-3.708505135370327,-0.007322480923949645,1.75088997474496,-3.072781621100918,-0.46,0.06,-2.665792443510928,-0.4582914572864322,1.108264271259329,-3.726673640409346,0.372,0.05,-3.315695530897306,0.3758793969849246,1.047576105879924,-4.099321444250798,0.98,0.07,-3.708505135370327,0.9788944723618089,1.000643709832503,-2.665792443510928,-3.315695530897306,-3.708505135370327,-0.4110133100871691,-0.4151586287740163,-0.3912861277206535,-0.2721563340203613,-0.2719794284028421,0.07308793008930288,45.20538594004901,-46.24429921710473,10.89877670576106,0.8245373535750226,0.7495829890116136,0.9090952468818757,0.7583964085413056,3.205211499722422,4.971658404080524,-0.4878694977639083,-0.468126898165745,-0.4473781829988113,-0.4845419809309415,-0.4550512621978919,-0.5136365081779851,-0.4539670788641995,-0.47374044469626,-0.4715469056064924,-0.479515118180338,-0.5169329535371057,-0.4636356705817992,-0.4575723094947347,-0.4640026009484877,-0.4754023632154582,-0.4479777742077926,-0.4577066482477581,-0.4597871721232226,-0.3784211845781176,-0.3572351396644225,NEGATIVE,1.0,0.0,4.0,2026-03-18 16:13:19,Random Forest
Sample_0031,-0.9460536728948867,1.035071918611418,-5.215544652802518,-0.006100311062516944,1.895387301443706,-5.785525303099033,-0.46,0.06,-5.215544652802518,-0.4582914572864322,1.094164796060345,-2.287414030094038,0.372,0.05,-1.701643043801512,0.3758793969849246,1.070736406599206,-3.156145245635098,0.98,0.07,-2.568107593427412,0.9889447236180904,0.9200942608772432,-5.215544652802518,-1.701643043801512,-2.556924075551679,-0.5802212451158945,-0.5391668791219603,-0.5639469555932753,-0.4169507550461493,-0.4613867184327347,0.04786625057556113,58.95954318233421,-60.30511429503164,11.22908457882817,2.529286446171349,1.833098559421601,0.7247492913253906,81.92892542108204,0.05038174676490613,0.2610662148759867,-0.6675643359041016,-0.6589506942461136,-0.6749719929085644,-0.6469095369234596,-0.6573198885129281,-0.6134595855306384,-0.6341186187524532,-0.6412288607945164,-0.662323071094462,-0.6229182809080032,-0.6094053918576603,-0.6358849366745616,-0.6265796969559122,-0.5880733258087236,-0.5720110189889446,-0.5735341072584084,-0.5566281261280904,-0.5418566109313049,-0.4360578195874744,-0.3641682708162344,NEGATIVE,1.0,0.0,4.0,2026-03-18 16:13:19,Random Forest
Sample_0317,-0.9363578484330304,0.8392061115706375,-3.507504168660329,-0.01530694005383053,1.87668964839558,-3.666152466395971,-0.46,0.06,-2.842385554472654,-0.4683417085427136,1.334838995490549,-4.049965225121511,0.372,0.05,-3.507504168660329,0.3658291457286431,1.274423931052867,-3.245721657008781,0.98,0.07,-2.94836847935448,0.9788944723618089,1.023702310668037,-2.808050008680389,-3.491555096950527,-2.94836847935448,-0.6793026315700484,-0.6581082170096482,-0.5414292232014586,-0.2711966810670478,-0.2773065383457782,0.3609337819565663,49.64049982750998,-47.60143596911053,10.96183934852626,0.9052306038716604,1.12953384603369,1.247785747855505,2.112039317891595,8.146742535894445,0.3453763652504008,-0.9018834532024423,-0.9369863958426243,-0.9011222782855535,-0.8962668974311887,-0.8480877215065409,-0.8820495680848666,-0.9132429327605243,-0.9054159052063542,-0.8817831015065585,-0.912040779730236,-0.8513862367370769,-0.8834044843120219,-0.8572904092455502,-0.8779695637475746,-0.8238473286882128,-0.8267071643161799,-0.7418874746709554,-0.7554737012514384,-0.7062533939271975,-0.6532768744312587,NEGATIVE,0.94,0.06,4.0,2026-03-18 16:13:19,Random Forest
Sample_0409,-1.447305589434731,1.553725566846428,-7.912739470330787,-0.002398826877628185,2.900501599507258,-8.964043095953265,-0.46,0.06,-7.912739470330787,-0.4582914572864322,1.094600891830343,-3.677845642715337,0.372,0.05,-2.785981690631936,0.3758793969849246,1.045212640462302,-4.343544002986962,0.98,0.07,-3.617181588422093,0.9788944723618089,1.005394296838604,-7.912739470330787,-2.785981690631936,-3.617181588422093,-0.9579952098038931,-0.9692640499148163,-0.8935625206849955,-0.7424754483459788,-0.604699378039143,0.1930975433729096,89.9275660474552,-97.1494354649513,16.98543274165556,2.437308132740218,2.063762469031944,0.8467384329907011,19775.80881511045,2.783996758063306,10.66289600736796,-1.054306279347003,-1.028002893885351,-1.058123595089933,-1.046472301226256,-1.074818201387297,-1.032760995215161,-1.057938179069124,-1.007748267695199,-1.027739240260448,-0.9954068368449303,-1.055078182773831,-1.038463342537266,-1.024344535045762,-1.013080435586171,-1.051500804007488,-0.9857390066014848,-0.9270607461324689,-0.8231478798148335,-0.7458570302642166,-0.6595229362945445,NEGATIVE,1.0,0.0,4.0,2026-03-18 16:13:19,Random Forest
Sample_0491,-0.8787533766913402,1.199736909924286,-4.008544881421356,-0.005461178655441407,1.76479842476089,-4.164575509336011,-0.46,0.06,-4.008544881421356,-0.4582914572864322,1.089036382997577,-3.157744802844104,0.372,0.05,-3.036483361245678,0.3758793969849246,1.049995165775928,-3.95489276034932,0.98,0.07,-3.986369760199266,0.9788944723618089,1.010672305626958,-4.008544881421356,-3.036483361245678,-3.986369760199266,-0.2223127844895826,-0.136626995323323,-0.1021221062418343,-0.03987039685066395,-0.1081225878572797,0.06587182505576343,44.40739047121092,-43.17008531962148,11.27721307252943,1.318844862189332,1.05301856755483,0.7984400574657282,4.992665450826131,0.6207450810463133,3.166160436061397,-0.2191038996152238,-0.264209621681733,-0.2327968571598121,-0.2324308255671979,-0.2215200012078309,-0.2001122786632679,-0.1997643459848579,-0.1934752606382014,-0.1903090511887505,-0.220249889225186,-0.1978823337933397,-0.1693167765500925,-0.2058766799784782,-0.1786610907970864,-0.1978353645170065,-0.183947264805009,-0.1171454567867742,-0.1363265596619085,-0.05296187481539181,-0.008333732860511813,NEGATIVE,1.0,0.0,4.0,2026-03-18 16:13:19,Random Forest
Sample_0492,-1.001781570010354,1.116611371760581,-5.50847259669804,-0.005953591161355895,2.007032405805453,-5.919861727344882,-0.46,0.06,-5.50847259669804,-0.4582914572864322,1.078140822202414,-3.563636586805113,0.372,0.05,-2.922637274966421,0.3758793969849246,1.039887512249958,-2.939063261796811,0.98,0.07,-2.024543436732549,0.9688442211055277,1.094465251394265,-5.50847259669804,-2.922637274966421,-2.020499973821249,-0.4501548963606092,-0.5522251173521855,-0.5979385433126745,-0.5842480382547771,-0.7205102068329449,-0.3014673125776824,61.52899684751947,-59.22811989968156,12.4225615759468,1.661185584765865,2.014200171971033,1.212507615309534,103.3092540942324,2.002394333116526,0.1324959264397983,-0.3551223118505311,-0.3701098197374266,-0.3591522051261802,-0.3807068645492035,-0.4009393525102832,-0.3656840404503609,-0.4017042619950508,-0.381424116195931,-0.4112895321758852,-0.3776515040878534,-0.3611408201363562,-0.3936372304024862,-0.3864751470451199,-0.397789509212376,-0.350604376357315,-0.388413989645128,-0.3290968387121336,-0.2615125682881993,-0.1954205954378379,-0.1144683474210662,NEGATIVE,1.0,0.0,4.0,2026-03-18 16:13:19,Random Forest
Sample_0281,-1.378822321421715,1.478620032250036,-7.667397196896149,-0.01064407827428766,2.762643615667886,-8.79994365148395,-0.46,0.06,-7.667397196896149,-0.4582914572864322,1.100138794837129,-4.65663070575572,0.372,0.05,-3.758545656453506,0.3758793969849246,1.056928377761327,-2.836895414922641,0.98,0.07,-2.120755024442102,0.9788944723618089,1.023847971691698,-7.667397196896149,-3.758545656453506,-2.120755024442102,-1.021569302142602,-0.9527818986924783,-0.8585559885748927,-0.6457022627003811,-0.6489619258599452,0.3059436152980616,94.08213999598122,-89.00724419824539,16.29346977216231,1.889766272555602,3.101962661434212,1.641453076225829,14897.76701258798,46.90470655248595,0.09628882082764507,-1.187368140686473,-1.1825788022975,-1.140873719997502,-1.17346003517741,-1.155884766524357,-1.173974514648027,-1.138947945073939,-1.143876594774474,-1.154097699177251,-1.21399841193398,-1.180442567233947,-1.153558619997909,-1.151417390317001,-1.115676493099969,-1.108096186883093,-1.096593077970723,-1.039498148187654,-0.9780496802303114,-0.8770234636787316,-0.7334228406320872,NEGATIVE,1.0,0.0,4.0,2026-03-18 16:13:19,Random Forest
Sample_0357,-1.159593404975594,0.9760284166376682,-4.47110723967242,-0.01008824046999908,2.32351845690501,-0.4152646502929298,-0.46,0.06,-1.015711708213423,-0.5587939698492463,1.0,-4.660222713147704,0.372,0.05,-3.912132814204936,0.3658291457286431,1.276871428678522,-4.848429764302637,0.98,0.07,-4.47110723967242,0.9788944723618089,1.01341489622298,-0.7217260462985969,-3.905771979174192,-4.47110723967242,-1.010558887406315,-0.9401239494078532,-0.7887721223542437,-0.4492663686982744,-0.3043485846157825,0.4303665283538473,60.06565038483711,-58.34092540713419,9.92391712774327,0.08910832718817492,0.0856493071943383,0.9611818546819759,0.001841488147061825,47.39338031001103,51.63337110435754,-1.158961061424029,-1.18342413341629,-1.134980179493408,-1.149449111943327,-1.165813744492036,-1.150875031018791,-1.159864205821742,-1.15777097311464,-1.133960231001009,-1.146594174838248,-1.176897707829416,-1.192770765218775,-1.177351738728928,-1.188685798968194,-1.125156311109176,-1.135720765028088,-1.150247552112634,-1.170617240425501,-1.156191071610197,-1.107147078555376,NEGATIVE,0.97,0.03,4.0,2026-03-18 16:13:19,Random Forest
Sample_0077,-1.138584140660792,1.300653734801945,-6.934136694900524,-0.01000682893441912,2.279631602456315,-7.532803783439295,-0.46,0.06,-6.934136694900524,-0.4582914572864322,1.079097103116778,-2.564320350893999,0.372,0.05,-1.722261623959434,0.3658291457286431,1.257845985432605,-2.792110677799981,0.98,0.07,-1.689051621048741,0.9889447236180904,0.8538879057811901,-6.934136694900524,-1.662838915717434,-1.670964533260792,-0.7000854465192863,-0.762890495571859,-0.791208926063122,-0.7410788200998949,-0.8833105873947735,-0.331982111725464,74.83471703679032,-77.52868298817991,12.88923481213327,2.93754396981373,2.697888677312284,0.918416440753177,1672.019033615831,0.1120143395768068,0.08371621863476143,-0.5615015760296088,-0.594802986589788,-0.5731443726850878,-0.6135345234579366,-0.562975286460571,-0.5614724190297011,-0.5649530938115107,-0.5888167910368336,-0.578117163224276,-0.5810942174699325,-0.5730226289195212,-0.5768677871504915,-0.5614981670055011,-0.5363479901561161,-0.5327136965177623,-0.5205327723319754,-0.4905168291174242,-0.4700408241839099,-0.3358480009022949,-0.2163898548888955,NEGATIVE,0.99,0.01,4.0,2026-03-18 16:13:19,Random Forest
Sample_0462,-1.295803835736114,1.114184834840531,-5.538853206594595,-0.002348985201986691,2.595185096057258,-6.230178987789513,-0.46,0.06,-5.538853206594595,-0.4582914572864322,1.069662880483453,-4.630553147244566,0.372,0.05,-3.592837130975283,0.3658291457286431,1.275122943178087,-4.307065553211139,0.98,0.07,-2.997753896587906,0.9788944723618089,0.970669855996182,-5.538853206594595,-3.582033533369073,-2.997753896587906,-0.8206717874504558,-0.8851594680277479,-0.939145104098492,-0.9088748354381491,-1.065352727512679,-0.4072965550413439,64.66027998364252,-64.778210378288,15.16779768824522,1.345450271205031,1.446502011826728,1.075106262033149,176.5065638629347,43.5048603086368,9.514354136027984,-0.5325535344842965,-0.5548455012774431,-0.5687365610113638,-0.5949741611990441,-0.5679143204440579,-0.5972015411182603,-0.6251064494620806,-0.617207089609707,-0.6113534481320304,-0.6027208389166957,-0.6187252034629237,-0.6346251754207788,-0.6221637741284215,-0.6275856551281095,-0.5587693911796535,-0.5753065406841881,-0.5392358374073546,-0.465496348126051,-0.3995597245207834,-0.3161075421263436,NEGATIVE,1.0,0.0,4.0,2026-03-18 16:13:19,Random Forest
Sample_0498,-0.929211980639289,0.7016637659347587,-3.527176497715213,-0.01051823231154128,1.861542676617716,-0.1313906892972003,-0.46,0.06,-0.9736423114563744,-0.5587939698492463,1.0,-2.898463524263513,0.372,0.05,-2.276970946092676,0.3658291457286431,1.332194813640085,-3.782786615151247,0.98,0.07,-3.527176497715213,0.9788944723618089,1.016912675176185,-0.7935145322157452,-2.240424223914778,-3.527176497715213,-0.8636287985033724,-0.7449052300531567,-0.7221285753610259,-0.3523542885997245,-0.2244116663778298,0.473827870930478,35.35981512047553,-36.61247860526865,6.81264082871196,0.04533115155574923,0.03473383583703596,0.7662244316542354,0.004731028226906222,0.2937645619418959,1.849312616873242,-1.092727675325582,-1.086043924381051,-1.055434342682751,-1.089676788724376,-1.098246340959127,-1.083559436135662,-1.083041366140781,-1.058284691523423,-1.082334920454975,-1.080495400694102,-1.062923378128019,-1.084238175176913,-1.07049629918604,-1.012259573872525,-1.032011371532084,-1.031612703490997,-0.9987303978943637,-1.026178978309333,-1.03491198598084,-0.9967763651854851,NEGATIVE,0.99,0.01,4.0,2026-03-18 16:13:19,Random Forest
Sample_0212,-1.05368170119087,1.520647295041297,-6.534149317130773,-7.682590078050139e-05,2.115798415914518,-6.685712193383305,-0.46,0.06,-6.534149317130773,-0.4582914572864322,1.072790118120384,-3.723091949728117,0.372,0.05,-3.46455305427724,0.3758793969849246,1.039809209381522,-3.682143725816697,0.98,0.07,-3.367161602864102,0.9788944723618089,1.001218932126061,-6.534149317130773,-3.46455305427724,-3.367161602864102,-0.1788244580112149,-0.199680811474457,-0.2679057104100963,-0.0832983232245609,-0.2252687070804831,-0.108338740278944,68.5709384754524,-68.04537446020683,14.09094786892812,1.79574189508576,1.815711903505455,1.011120756537644,387.4717328749101,3.172256953776658,1.350370110479971,-0.106059114400393,-0.08623298996475935,-0.0880418690051952,-0.08775184467728286,-0.1023133980327307,-0.04338127013681385,-0.07217884638134031,-0.1114953226229001,-0.1451964550626616,-0.1200258765308047,-0.09034173716310767,-0.1219690749679518,-0.1293800575112191,-0.08972320521905067,-0.07431729534719475,-0.09953521760696593,-0.02557363891161484,-0.02758147450990275,-0.0738219091768949,-0.1635668262215426,NEGATIVE,1.0,0.0,4.0,2026-03-18 16:13:19,Random Forest
Sample_0102,-1.150588771846457,1.512668582972058,-5.681161465178529,-0.007226691436846122,2.309594735260889,-6.093578552613947,-0.46,0.06,-5.681161465178529,-0.4582914572864322,1.094588398601179,-5.429448350278784,0.372,0.05,-5.184777840339197,0.3658291457286431,1.211490648596898,-3.66761601927038,0.98,0.07,-3.589200945727789,0.9788944723618089,1.006516644996375,-5.681161465178529,-5.184095142789377,-3.589200945727789,-0.3513299668347186,-0.3379439621993393,-0.2624120785008578,-0.03443587316276002,-0.007226691436846122,0.2504419343978976,67.16012177182665,-65.92499126542748,15.19064292216311,1.122320014758233,1.661454885297992,1.480375350568704,139.4317677818105,436.1738119543782,1.290449065322828,-0.5635201452307912,-0.5611820752895978,-0.5750377208557345,-0.5683812744838231,-0.5506336902797406,-0.5899740248294283,-0.5345939232171069,-0.5337055170899436,-0.4838176578284035,-0.5124708888777841,-0.4981379543753443,-0.4912531819463217,-0.4628953090504855,-0.4737639624085364,-0.4756231709206473,-0.4578163428590276,-0.4185696260954498,-0.3634614397353606,-0.2875501084054028,-0.1932108366091992,NEGATIVE,1.0,0.0,4.0,2026-03-18 16:13:19,Random Forest
Sample_0335,-0.8563345649424966,1.036381719178133,-5.3019324869524,-0.0660248549481276,1.715591384986544,-0.2072531607369728,-0.46,0.06,-0.3802518033797949,-0.3678391959798996,1.326092253290299,-5.875795940743716,0.372,0.05,-5.3019324869524,0.3758793969849246,1.035185414723049,-3.770585232545299,0.98,0.07,-3.041423718776135,0.9788944723618089,0.982734499187011,-0.221099165231194,-5.3019324869524,-3.041423718776135,-0.5047050120470892,-0.457754961707039,-0.5344903883380314,-0.3355246285563275,-0.5665333102055463,-0.203576938603455,74.2766137448771,-72.40076877182159,9.853634334025987,0.03527235506935255,0.05496578062951475,1.558324657410626,0.002636935941229153,1581.220393523797,1.780142877551342,-0.3619932437347174,-0.3478551696818837,-0.4054699088398693,-0.3676817549707241,-0.3416060176935303,-0.3856513087844901,-0.4046163969429724,-0.4199260587771236,-0.3956825519091979,-0.4033251859546049,-0.3782881955626923,-0.3354558212180961,-0.3748340432042704,-0.4182708184309442,-0.3912649133787638,-0.4016055659405104,-0.3962609879779146,-0.3713971585124841,-0.371335119279625,-0.4308029377114906,NEGATIVE,0.97,0.03,4.0,2026-03-18 16:13:19,Random Forest
Sample_0476,-1.557674499297288,1.833276209421671,-9.029392141013227,-0.02295051555221977,3.122728344740174,-9.898726947792056,-0.46,0.06,-9.029392141013227,-0.4582914572864322,1.088347831569113,-4.050795718441092,0.372,0.05,-3.185209104162913,0.3758793969849246,1.041785463862678,-5.074177535011991,0.98,0.07,-4.257747854304355,0.9788944723618089,1.005759047672648,-9.029392141013227,-3.185209104162913,-4.257747854304355,-0.8730172908945211,-0.8609331100691068,-0.8194851341779332,-0.6369834561782455,-0.6220498366413442,0.03654173956870259,105.0444817959375,-103.5023738392207,19.02370020124514,2.443649997635892,1.950804219893868,0.7983157251575195,99265.15211462798,8.166288333403193,104.5290054292762,-0.8599712973789247,-0.8528170832418939,-0.8527900543471807,-0.8369827962403145,-0.8451342422390294,-0.8188756793780191,-0.8225908191695777,-0.8552481865502586,-0.8414019251895186,-0.890503479414725,-0.8367477868498563,-0.8267555778161136,-0.8182945743872246,-0.8061127942795004,-0.833119872092915,-0.7599930246950114,-0.7044861437522519,-0.6428745358383062,-0.5518925438320745,-0.3968926575567681,POSITIVE,0.92,0.92,4.0,2026-03-18 16:13:19,Random Forest
Sample_0337,-1.173310967815193,1.748724780816153,-8.027037186559644,-0.007381416919244693,2.354803112058999,-8.431281996172352,-0.46,0.06,-8.027037186559644,-0.4582914572864322,1.094131274621678,-3.208994473829309,0.372,0.05,-3.058983194930724,0.3658291457286431,1.221148951463368,-3.266587530735539,0.98,0.07,-3.38723395657698,0.9788944723618089,1.01402307734789,-8.027037186559644,-3.037175270022852,-3.38723395657698,-0.3171832487503619,-0.2840457864713762,-0.1742950858205113,-0.1159974292640369,-0.1640102036791191,0.1985181580985123,90.78819119375783,-85.17907539554135,14.9068640007372,2.627390624986419,2.581067219794926,0.9823690452607396,7884.299539122282,0.7196741973724736,0.368641750203507,-0.5578020712666828,-0.5882875307762394,-0.5674825122043277,-0.5493443210806732,-0.5769806088179213,-0.5625823446384203,-0.5517411525405196,-0.509670404124107,-0.521944906994203,-0.499995627418009,-0.5041725842640346,-0.5215945718034196,-0.5113471278290465,-0.4760708025239261,-0.4555981099158568,-0.4473463164989034,-0.3843764033913682,-0.3252830396284423,-0.2255488508388979,-0.1224361240556629,NEGATIVE,1.0,0.0,4.0,2026-03-18 16:13:19,Random Forest
Sample_0441,-1.006337198980392,0.7057699944160236,-4.338590488939878,-0.1022274341389597,2.013583858946894,-0.2071947283240503,-0.46,0.06,-0.6554894274264763,-0.3678391959798996,1.2306028239561,-5.424379809695827,0.372,0.05,-4.338590488939878,0.3758793969849246,1.026865623656753,-3.307756585514626,0.98,0.07,-2.010764940003196,0.9788944723618089,0.988799914315096,-0.442551145256073,-4.338590488939878,-2.010764940003196,-0.8113074027036413,-0.8972452031378506,-0.97557245210926,-0.8994194973575644,-1.155723593111739,-0.4785988718156723,65.29709160075066,-68.05274422714932,8.939331123534503,0.03819694335446411,0.06263904944862037,1.639896911837572,0.005392375864208206,429.8411922855242,0.419242051888163,-0.437246959046713,-0.4711903749405438,-0.4257191630880128,-0.4605387529934936,-0.4800344712146287,-0.4713690428967926,-0.4501001200332564,-0.5218296276807589,-0.4937361544785393,-0.5270280434183287,-0.5034919326349625,-0.5072026499375253,-0.5407026462996928,-0.5397239342539463,-0.5658764389193193,-0.5905461814128843,-0.5421014945728063,-0.5177690159319198,-0.5702432594771528,-0.5760918331148013,NEGATIVE,1.0,0.0,4.0,2026-03-18 16:13:19,Random Forest
Sample_0174,-0.9395578835126929,0.6168952270065668,-3.391827708039053,-0.0003353174858224534,1.878071459525247,-1.718969556519276,-0.46,0.06,-1.117064469166981,-0.4582914572864322,1.080625349114964,-2.730720755755989,0.372,0.05,-1.689085649314904,0.3758793969849246,1.03913497879175,-4.854572545791794,0.98,0.07,-3.391827708039053,0.9788944723618089,0.9684537990107593,-1.117064469166981,-1.689085649314904,-3.391827708039053,-0.6907850692328358,-0.8054716593417393,-0.9487482185966326,-1.002068188439044,-1.168613306067575,-0.5556434977563307,43.39410389619658,-43.78996773702139,9.304262858067059,0.6294929838197191,0.3540928764180014,0.5625048817373479,0.0732899870688389,0.1810487093869093,52.63387281707334,-0.4878229820202099,-0.4995655868096255,-0.4901809118251811,-0.4818063078158519,-0.4965681547699268,-0.5174778200736703,-0.4885386480896116,-0.5474351472544028,-0.5052242443087404,-0.5233824771232486,-0.556847210627715,-0.5269122265754875,-0.5154862403481049,-0.4926314438881921,-0.5411273912864808,-0.5368835184564852,-0.539266647067352,-0.5176538724327151,-0.4864276527271813,-0.4615456400755419,NEGATIVE,0.97,0.03,4.0,2026-03-18 16:13:19,Random Forest
Sample_0003,-1.244720827866217,1.766003002111037,-6.932457819293666,-0.002146979045057331,2.499165877935594,-7.113645990618197,-0.46,0.06,-6.932457819293666,-0.4582914572864322,1.086608662422241,-5.058993941467588,0.372,0.05,-5.041019775322955,0.3758793969849246,1.043672566996446,-3.778897443077986,0.98,0.07,-4.032811056363377,0.9788944723618089,1.031563227012876,-6.932457819293666,-5.041019775322955,-4.032811056363377,-0.1049365888537019,-0.07531774018077764,-0.05313059284164533,-0.2757564199474196,-0.3040548330786788,-0.06990301572745786,75.7311609734531,-73.07624509312807,15.95153737516377,1.406138468028006,1.882466009668681,1.338748674096574,811.0170378630976,149.7721293608803,1.826977931032509,-0.2072577029242472,-0.2404138717657848,-0.240271751011437,-0.2712685580016131,-0.2329950755726794,-0.2391377542192125,-0.2479434242571471,-0.2434421143155938,-0.2762781318945602,-0.2190617720896214,-0.231240066280427,-0.2426210760656053,-0.2447443571729206,-0.2130139993333507,-0.1788778754274115,-0.1835604963924004,-0.1820602455199478,-0.1074307886365366,-0.02961611603957676,-0.1136246766107249,NEGATIVE,1.0,0.0,4.0,2026-03-18 16:13:19,Random Forest
Sample_0334,-0.7773546155015404,1.372643396257566,-5.292492658335429,-0.0001357224917254256,1.562139416196669,-0.5405338630966923,-0.46,0.06,-0.6223303720476452,-0.4582914572864322,1.044055593347955,-5.355399660022607,0.372,0.05,-5.292492658335429,0.3758793969849246,1.023627488646775,-4.519975185358525,0.98,0.07,-4.502151247127449,0.9788944723618089,0.9935892101614996,-0.6223303720476452,-5.292492658335429,-4.502151247127449,-0.020275998946243,-0.0006224511757639654,-0.03198526533069053,-0.1858165342494217,-0.130394042050669,0.0213302705816623,65.5301372495322,-66.91958589160814,10.41590870847783,0.1009324975560107,0.1195877943860475,1.184829438305382,0.009586488763031455,352.2627668010638,18.5040244885692,-0.05938145932118913,-0.07118364002951841,-0.0792241736404487,-0.07094953516124922,-0.06838794949943164,-0.07440017142324161,-0.04186791197563665,-0.04565902959206506,-0.05924711635356195,-0.06014821509327185,-0.0876880088912321,-0.04136141180284184,-0.06178318548393497,-0.07591405461794254,-0.02861866646489966,-0.06533036228314876,-0.07823473733410752,-0.1058319709505659,-0.06521292595306905,-0.1031322883711219,NEGATIVE,0.97,0.03,4.0,2026-03-18 16:13:19,Random Forest
Sample_0410,-0.8341931738774393,0.8002874919169954,-4.438744073678175,-0.01834734993135591,1.669396394112666,-0.2760180582684995,-0.46,0.06,-0.4554515042819212,-0.3678391959798996,1.559619467892471,-5.172483897871119,0.372,0.05,-4.438744073678175,0.3658291457286431,1.237665948347507,-3.293941162224388,0.98,0.07,-2.390506741944953,0.9788944723618089,0.9752930079206552,-0.1970466793295272,-4.427768413414666,-2.390506741944953,-0.5337677239859945,-0.6404814919154449,-0.6804341905816671,-0.522464650067067,-0.7271617984113325,-0.2836452664239816,66.7275168304873,-62.5444417495552,8.742443118364008,0.05336276800824889,0.08379568567706452,1.570302456276468,0.006072560604361251,207.8016515207048,0.4015312508624581,-0.4500482948535869,-0.4540670347343037,-0.4366370554424198,-0.4463617511440734,-0.4261445351257088,-0.4498048741786406,-0.4195255623070426,-0.4180111704122862,-0.4517096894709181,-0.4371818001244733,-0.4577615277655739,-0.4156519722972787,-0.4305904228034345,-0.4543631557592948,-0.4171744601942015,-0.441976193914238,-0.4474348871531994,-0.4565654557162276,-0.4478001274337758,-0.4454701129932948,NEGATIVE,1.0,0.0,4.0,2026-03-18 16:13:19,Random Forest
Sample_0071,-1.32565827744874,1.272915541492664,-6.512617107454938,-0.004256666209330209,2.656289462896572,-7.543202821540811,-0.46,0.06,-6.512617107454938,-0.4582914572864322,1.103124133408724,-2.873700697724118,0.372,0.05,-1.930954094566641,0.3758793969849246,1.037676373041405,-4.385394380496988,0.98,0.07,-3.690348281718848,0.9788944723618089,1.013498011505214,-6.512617107454938,-1.930954094566641,-3.690348281718848,-1.015342315334804,-0.9883766490768106,-0.936213927365345,-0.7481127239831129,-0.6050501284452167,0.2554712383499113,75.65966517841392,-80.11253510043778,14.80229789976192,2.62490899887897,1.720073992680666,0.6552889998911448,1702.30195479045,0.2735069036208482,12.15234096870404,-1.086325169889022,-1.050724808530069,-1.0389279467297,-1.08222588388439,-1.073586319206277,-1.071704809127348,-1.083409546039394,-1.05737453944765,-1.083747129738265,-1.079198858233579,-1.010626369528922,-1.063716171597133,-1.056326363308637,-1.05960705332033,-1.03113334133803,-0.9611966857785396,-0.9656846199302761,-0.9082092720014843,-0.8489510843647335,-0.6793652255524081,NEGATIVE,1.0,0.0,4.0,2026-03-18 16:13:19,Random Forest
Sample_0210,-1.189138143967276,1.025329970760688,-5.379242978872266,-0.001647656839734252,2.379638353225679,-1.017950168334428,-0.46,0.06,-0.7727796188442408,-0.5587939698492463,1.0,-6.326330279299569,0.372,0.05,-5.379242978872266,0.3758793969849246,1.041056873746121,-4.7061534148493,0.98,0.07,-3.721204656696594,0.9788944723618089,1.00164924985145,-0.001647656839734252,-5.379242978872266,-3.721204656696594,-0.9797455396425844,-0.9803369779066948,-0.9345525303479794,-0.6555368457165293,-0.7947232126048761,0.1106740359285981,74.75776965036856,-76.24643862205208,12.0504338624833,0.1609068960034018,0.2163019516368708,1.344267753647413,0.02185459963378762,5801.920565762485,33.10415576070652,-1.164286683428756,-1.1328524193096,-1.131177256847564,-1.104804043394472,-1.13604835067263,-1.132821583770885,-1.155091475063885,-1.131501046597186,-1.116574017330929,-1.123588822692097,-1.102153644956837,-1.083180139582623,-1.103044807338404,-1.086245863325983,-1.044547857477042,-1.056683893386366,-1.026287357180636,-1.050004996717794,-1.014643379046629,-1.040724786374259,NEGATIVE,0.96,0.04,4.0,2026-03-18 16:13:19,Random Forest
Sample_0064,-0.7871948490157947,0.8622485348542054,-3.523096940244353,-0.003108762949768952,1.578141834154493,-3.109078146080867,-0.46,0.06,-2.538166505941093,-0.4582914572864322,1.137999642979015,-2.459938439228028,0.372,0.05,-2.301955402459969,0.3758793969849246,1.056574042408526,-3.48726546236716,0.98,0.07,-3.523096940244353,0.9889447236180904,0.9484987143943129,-2.538166505941093,-2.301955402459969,-3.472132248744965,-0.4735649427259864,-0.3865775862751566,-0.2944480407315704,-0.1081653630581262,-0.07631220931845228,0.2926479217232817,34.09987754483236,-33.10671412829171,9.056282047676056,1.263884533247324,0.8915518992266281,0.7054061314730594,0.8074303262478488,0.08288371755320018,0.7345677119872103,-0.7065052265102324,-0.6599964287549869,-0.6754059257981366,-0.6814473568794726,-0.6744518181164153,-0.6880180688395441,-0.6668723178280321,-0.6716604627666382,-0.626850831755231,-0.6571579645638437,-0.6295132280467346,-0.6596743471772223,-0.6238448249512227,-0.6073143034718034,-0.6313989894896147,-0.6138044926334687,-0.5655105696387159,-0.5504673587309992,-0.5082110178299363,-0.4852316977017995,NEGATIVE,0.99,0.01,4.0,2026-03-18 16:13:19,Random Forest
Sample_0385,-1.266823270096932,1.290757276772247,-6.320953102625657,-0.02294060158757464,2.538992759384509,-7.146484823081952,-0.46,0.06,-6.320953102625657,-0.4582914572864322,1.092253941974596,-5.031990392600378,0.372,0.05,-4.207959991483041,0.3758793969849246,1.053755628571249,-3.111237066519691,0.98,0.07,-2.408461921334958,0.9788944723618089,1.00295766493058,-6.320953102625657,-4.207959991483041,-2.408461921334958,-0.8179888209046787,-0.8283847477104903,-0.8491333067471676,-0.548944105182201,-0.6349521455377248,0.106293419663451,75.62566878351308,-74.46008591302471,15.28971228220202,1.420210347299345,2.296991412189683,1.617360003437247,858.315180931965,138.545355278886,0.2268908150540347,-0.8411678802911784,-0.8560320925434597,-0.8405804851945696,-0.8982020318452555,-0.8895235075175607,-0.8793985054966366,-0.853796634708462,-0.8688105289060384,-0.8686098396153026,-0.834435953861298,-0.8487859592942253,-0.8544157440183278,-0.8408007906103063,-0.8226632252179363,-0.8483102311533883,-0.8048825113642741,-0.7767246396450238,-0.7422147145569856,-0.6403264724420432,-0.5222371596589235,NEGATIVE,0.99,0.01,4.0,2026-03-18 16:13:19,Random Forest
Sample_0094,-1.125849537579295,0.7903974149328683,-4.241544141615321,-0.02779153033755052,2.253727414468405,-5.291756896068547,-0.46,0.06,-4.241544141615321,-0.4582914572864322,1.115248315789529,-3.518290698443956,0.372,0.05,-2.568388101482249,0.3758793969849246,1.034852294098375,-3.330127285964601,0.98,0.07,-2.49656658453857,0.9788944723618089,1.022561096907753,-4.241544141615321,-2.568388101482249,-2.49656658453857,-0.9605674680291859,-0.9841322636677856,-0.9696035967159016,-0.7703800000359646,-0.806964699409097,0.04862330322664526,54.11631513376093,-52.99732029390374,12.1401748804771,1.50407039941553,1.589055444928959,1.056503369487527,34.93783778139233,1.756811582404076,0.4495919948212109,-0.9726530794793307,-1.009710326692212,-1.036422509327365,-0.989150908252702,-0.9842028470578408,-0.9895338024290767,-1.020758613918353,-0.9607703685197766,-0.9643523059861071,-0.9868762189238224,-0.9837791625768184,-1.008966329575185,-0.9561472290926867,-0.9809926443489949,-0.9737576272996276,-0.9383486779056084,-0.9512742067870409,-0.8998172638592964,-0.8449920852862656,-0.7513048426481663,NEGATIVE,1.0,0.0,4.0,2026-03-18 16:13:19,Random Forest
Sample_0486,-1.38735896620817,1.548002629336416,-8.1194804665086,-0.01290832225055837,2.779892085849552,-8.918964931566718,-0.46,0.06,-8.1194804665086,-0.4582914572864322,1.075982326356972,-3.151774575222934,0.372,0.05,-2.065989463926446,0.3658291457286431,1.285197760475947,-3.970063813081091,0.98,0.07,-2.85168588847144,0.9788944723618089,1.002200868343937,-8.1194804665086,-2.049977469629463,-2.85168588847144,-0.8973941120003185,-0.9335087859836724,-0.9764281666662308,-0.8567254000300054,-0.9692692654466522,-0.2237236508943176,93.3289640085579,-89.37604992379539,16.04080331987074,2.829823237258602,2.246554552140782,0.7938851171202967,18295.42604791796,0.6101432324107633,3.319844885929322,-0.6488070487092665,-0.6452038736018954,-0.6445197855966338,-0.6680858249214656,-0.6779031859962857,-0.6763711951991485,-0.696076657213706,-0.7086759011420914,-0.6688452013323913,-0.6584239133549802,-0.679051921421398,-0.6992849822548519,-0.6685005130590199,-0.6977150147688012,-0.6754429916389177,-0.6356134758838067,-0.6369190659532373,-0.5452650614117325,-0.474648190084525,-0.2815873007068402,NEGATIVE,1.0,0.0,4.0,2026-03-18 16:13:19,Random Forest
Sample_0186,-1.350420475027645,1.428232080359237,-5.864943674911183,-0.05541128652091797,2.706837084779323,-6.345156382883641,-0.46,0.06,-5.864943674911183,-0.4582914572864322,1.082011758636417,-5.819765255854051,0.372,0.05,-4.992459754241106,0.3658291457286431,1.219924281902267,-5.0589524356542,0.98,0.07,-4.072235437681772,0.9788944723618089,0.9885026569667102,-5.864943674911183,-4.98471273229353,-4.072235437681772,-0.5805823768644789,-0.6185695453023534,-0.7059367358710484,-0.5484520642994196,-0.7681913614358842,-0.31456307207359,71.29799585350526,-74.5661525359902,17.22387407439189,1.090277030761869,1.254243138987551,1.150389399757514,215.2537924223882,1345.174159768438,99.6732478842341,-0.4392419979128177,-0.4138797454405675,-0.4451495204657468,-0.4302379917811945,-0.4162898885783692,-0.474720646466807,-0.4427715985387995,-0.4457648017770154,-0.4703360301029485,-0.4700867077017037,-0.4413450868007037,-0.4427773319554155,-0.4200897776908772,-0.4152952724246629,-0.4519431363315684,-0.4060371639739078,-0.3960847614667386,-0.3288902187683335,-0.2748459990515302,-0.1395030087874213,NEGATIVE,0.93,0.07,4.0,2026-03-18 16:13:19,Random Forest
Sample_0034,-1.200083458200172,2.048051127848729,-9.404364431213144,-0.009669229765741083,2.408647638738142,-9.428313097174454,-0.46,0.06,-9.404364431213144,-0.4582914572864322,1.070906568428593,-2.167718401123175,0.372,0.05,-1.878449973590201,0.3658291457286431,1.170941049605236,-4.239865419349406,0.98,0.07,-3.732903420764916,0.9788944723618089,0.9801101979320894,-9.404364431213144,-1.849696960461493,-3.732903420764916,-0.0331310712969991,-0.1315500048976009,-0.195578259095241,-0.2137457334130061,-0.3196492873038894,-0.2310660856051003,97.51304212330871,-100.4269244446169,15.83589691764704,4.349417845181964,2.223729332102527,0.511270567983218,44071.99818806486,0.03566799508702752,7.712562019995,-0.1251854999842389,-0.1096277324147077,-0.08976188952936584,-0.1599595038876949,-0.0985276133393814,-0.07814794534172358,-0.07985525404685835,-0.05029620284296654,-0.097022799321233,-0.07485588277761575,-0.1012119487426443,-0.02872934156637665,-0.06230882043569337,-0.07127935487109195,-0.07643102232855414,-0.09098563251689837,-0.1484233974902333,-0.1726506347741933,-0.3179254515195971,-0.4778833403296956,POSITIVE,0.89,0.89,4.0,2026-03-18 16:13:19,Random Forest
Sample_0078,-0.6806848065099449,1.159433259289308,-5.116625964313781,-0.001116641136552493,1.364443676072896,-0.0920111669130943,-0.46,0.06,-0.1861979683010153,-0.5587939698492463,1.0,-5.376974695999604,0.372,0.05,-5.116625964313781,0.3758793969849246,1.016604678352537,-4.016674571367442,0.98,0.07,-3.464725985331603,0.9788944723618089,0.9914209332492293,-0.1733630730996469,-5.116625964313781,-3.464725985331603,-0.04899624229704903,-0.001968709052179857,-0.1036336995128945,-0.09567968618259251,-0.3558707566445599,-0.2465293069602986,69.19529920688508,-68.91092693828448,9.485660434280142,0.0171120699120175,0.02290729937869223,1.338663264962752,0.004420136257552732,374.889371430134,3.840269454377208,-0.1282862257756053,-0.1306913867800518,-0.1611089857798724,-0.1368930133737216,-0.1519637550180027,-0.188285970277348,-0.1393150223700484,-0.1252635300165744,-0.1060003808465213,-0.08706166088980835,-0.115049471323723,-0.1093910477682348,-0.1471449336931931,-0.07925636493807359,-0.08870052999911929,-0.1128549508675189,-0.09713038003882932,-0.09212215566510835,-0.07479119384249361,-0.09889388408311772,NEGATIVE,1.0,0.0,4.0,2026-03-18 16:13:19,Random Forest
Sample_0001,-0.8863500837143158,0.5796279813525409,-2.707997680485182,-0.0226545977302991,1.773519929463328,-3.298898791945935,-0.46,0.06,-2.707997680485182,-0.4582914572864322,1.070958612654384,-2.729607646476159,0.372,0.05,-1.920058084817097,0.3658291457286431,1.269021914435039,-3.556162515508802,0.98,0.07,-2.505725643346599,0.9788944723618089,0.9806764745138662,-2.707997680485182,-1.909800351366881,-2.505725643346599,-0.6313536706920151,-0.7275548439243046,-0.8046056221280529,-0.7696374943720543,-0.8824666384523772,-0.2697446476480057,37.60937218589575,-36.0043946860959,9.584668953930898,1.208561529421532,0.9276569272520834,0.7675711204344713,1.120467836030139,0.1804681471494587,0.9109928039039132,-0.5350391136139802,-0.505277779756703,-0.5089741649003175,-0.535032542176735,-0.5676405413505435,-0.5279260690993808,-0.5581602112813795,-0.5145759463624482,-0.5425288284995686,-0.552539843633288,-0.5217797849731495,-0.5280374766838889,-0.5576187445442911,-0.5210109174901392,-0.510703818382718,-0.5074909179590452,-0.4920932867632388,-0.501427149290332,-0.4635371345739208,-0.4182148024599341,NEGATIVE,0.95,0.05,4.0,2026-03-18 16:13:19,Random Forest
Sample_0012,-1.438298318741587,2.061785830702449,-9.075308289172451,-0.004455103890732018,2.886972111361084,-9.652684585879687,-0.46,0.06,-9.075308289172451,-0.4582914572864322,1.094359249364369,-5.77987615663073,0.372,0.05,-5.547450972804585,0.3758793969849246,1.042552253680899,-3.556146022642337,0.98,0.07,-3.548213251271826,0.9788944723618089,1.012576589217194,-9.075308289172451,-5.547450972804585,-3.548213251271826,-0.4464494619908805,-0.3267869566686379,-0.2628622805678247,-0.0703669336817729,-0.04567741472218273,0.362442229050746,98.68784041135197,-100.6304256771835,18.98870676515275,1.670050417050205,2.714366767961743,1.625320253957425,64916.82349042068,1198.925441764714,0.9109458633618097,-0.768380896940271,-0.7581649598384756,-0.7989495101119835,-0.7938589490056702,-0.7726750445841072,-0.7666739058232757,-0.8089060435312552,-0.7822187137957933,-0.7498409257440588,-0.7261622796095303,-0.7270336434042701,-0.7606461929634344,-0.7228961683291931,-0.6834584005116281,-0.6841358853095164,-0.6314826366859156,-0.6244611450328952,-0.5483329245015403,-0.393155001871447,-0.2325104531069188,POSITIVE,0.96,0.96,4.0,2026-03-18 16:13:19,Random Forest
Sample_0416,-1.117661457186321,1.328119061300957,-5.192137745061846,-0.006641525642059887,2.242349903424916,-4.087617254159511,-0.46,0.06,-3.564239544415069,-0.4582914572864322,1.106336682391798,-5.585939345719202,0.372,0.05,-5.192137745061846,0.3758793969849246,1.039017120684665,-4.890576007393619,0.98,0.07,-4.49400026280791,0.9788944723618089,1.005888961405901,-3.564239544415069,-5.192137745061846,-4.49400026280791,-0.4124342174914996,-0.4847173245693869,-0.4112364899584003,-0.1365616725008591,-0.2385934492004173,0.1398343485740322,67.4104850696109,-69.11383233950144,14.56413260727233,0.7317690009097693,0.8358150958046277,1.142184343372708,4.371622165552061,685.1151814190124,58.90019048527601,-0.5583103950589701,-0.5324076718864876,-0.5829948501521223,-0.5418135394355706,-0.562238394293861,-0.5612695437639353,-0.5635518163692014,-0.5514954926138261,-0.5684109255427378,-0.5520524207238056,-0.5287707959189615,-0.5346975927684383,-0.5131446044982092,-0.5454603737556729,-0.500057534925407,-0.5270633095991093,-0.4486881299866681,-0.4531716666976831,-0.4042148435601411,-0.3450207390500787,NEGATIVE,0.98,0.02,4.0,2026-03-18 16:13:19,Random Forest
Sample_0023,-1.084783924854563,1.071644909496249,-5.745683848126206,-0.007734134996610215,2.171828481337786,-2.41957433277473,-0.46,0.06,-1.862907528822368,-0.4582914572864322,1.104665304461616,-6.553688071984687,0.372,0.05,-5.745683848126206,0.3658291457286431,1.214933132961538,-4.304449936419291,0.98,0.07,-3.1994847753993,0.9788944723618089,0.9891813800025446,-1.862907528822368,-5.715866873423245,-3.1994847753993,-0.6004407251604356,-0.7266608862862235,-0.7147527056860955,-0.5451627108723283,-0.8697038190343606,-0.344931704216916,80.96495061727212,-81.46471450583894,13.27771234117871,0.3691927821706654,0.5621099951245996,1.522537877960884,0.2456041109296166,11181.0166247304,9.436920734804424,-0.5149193735860249,-0.5160195689206406,-0.555856609570161,-0.5235138411337451,-0.5508419148482596,-0.5494328120115213,-0.535472222284908,-0.5801872504267601,-0.5759753595412029,-0.5371438572261666,-0.5677621456397532,-0.5630760427977293,-0.5679778815919986,-0.5597671096921591,-0.5910292315309984,-0.5527975776459064,-0.536408972415476,-0.4999202062746499,-0.4772909883769724,-0.4354980369604062,NEGATIVE,0.97,0.03,4.0,2026-03-18 16:13:19,Random Forest
Sample_0073,-0.8482587452980468,0.4660547946501026,-2.739242718734284,-0.003494823687886979,1.695970079353259,-0.6392613224500332,-0.46,0.06,-0.6162235486640283,-0.3678391959798996,1.833598718209752,-1.512731081940191,0.372,0.05,-0.7969810869838234,0.2753768844221105,1.0,-3.793428684537167,0.98,0.07,-2.739242718734284,0.9788944723618089,0.9954524476731904,-0.1453688693116835,-0.5121295773659935,-2.739242718734284,-0.8835358083336999,-0.9147840354137228,-0.9670754228557203,-0.9575790205763117,-0.9386093072502175,-0.1717986037607046,39.34671725380144,-32.04455049503915,5.94542108892739,0.4225875504786566,0.1685180810320226,0.398776728848603,0.001250994442825232,0.005388806432416999,1.911833410295033,-0.7309275601993556,-0.6980150552341133,-0.7140952226374114,-0.7033074809146754,-0.7042898809123342,-0.7213346535470845,-0.7060421573047946,-0.7032628122673107,-0.7295292339703071,-0.7176901655612602,-0.728405078213936,-0.748529570374075,-0.7473851716621902,-0.7091024229481357,-0.6719159824192094,-0.7723510506723392,-0.7417611660235706,-0.7395322225944423,-0.713945764271116,-0.6686940560942942,NEGATIVE,1.0,0.0,4.0,2026-03-18 16:13:19,Random Forest
Sample_0183,-1.217157534124499,2.062574857999982,-9.156568612632066,-3.642166535491875e-05,2.446159294368428,-9.170136937875705,-0.46,0.06,-9.156568612632066,-0.4582914572864322,1.072421037317315,-3.719510922797961,0.372,0.05,-3.725161672799537,0.3658291457286431,1.18904939108045,-3.398995737023327,0.98,0.07,-3.353325453375434,0.9788944723618089,0.9972661828817034,-9.156568612632066,-3.676306606100892,-3.353325453375434,-0.01118123166863146,-0.04228613976587362,-0.003984331105382287,-0.1074062074656327,-0.05174080017877546,0.01750349023658758,94.08136238679555,-91.99751507849341,16.28864359769699,2.465414708603025,2.697895980860058,1.094297024936938,28224.5736082533,3.139647244780951,0.5575231079053445,-0.05616052547776514,-0.06015879382901029,-0.07187546333480384,-0.036183935616989,-0.0642035737059314,-0.04467115669306582,-0.07775472616563572,-0.03935340970653015,-0.05771247597599594,-0.04013965441200586,-0.07814768853796795,-0.08049943861122533,-0.08801188212032897,-0.07625450604335482,-0.08491153789965143,-0.1182614953409625,-0.1683363247045597,-0.2435836438995351,-0.2986186903257248,-0.4784233000863986,POSITIVE,0.73,0.73,3.0,2026-03-18 16:13:19,Random Forest
Sample_0132,-0.683151997662889,1.04346550153469,-4.421753864824669,-0.000370894367160729,1.37259390796489,-1.672141196950515,-0.46,0.06,-1.757563979898401,-0.4582914572864322,1.069151526102571,-4.495635919850055,0.372,0.05,-4.421753864824669,0.3758793969849246,1.02961823931904,-2.93618569756382,0.98,0.07,-2.921015401690572,0.9788944723618089,1.009748612663379,-1.757563979898401,-4.421753864824669,-2.921015401690572,-0.07836693580395827,-0.009934937926722162,-0.03980925003769929,-0.1462078887459763,-0.07859659724896484,0.04427428464414599,56.00461317283137,-56.8922626085329,9.10396281436439,0.3719476458419006,0.5694943607749012,1.531114303696842,0.067599102081581,29.47600158749705,0.1313100894264342,-0.1015799747153768,-0.1201065914420517,-0.1084138868296678,-0.1173026124325272,-0.1074745807107517,-0.1237088375695589,-0.1099502834576919,-0.1499913869513052,-0.1100699125760402,-0.09806230151906795,-0.09266757525987135,-0.1251257200800663,-0.1161596851989155,-0.1354160273188909,-0.12184399260156,-0.1081696637127049,-0.09754355376547806,-0.1000883055668771,-0.1341549411951204,-0.1793253790777945,NEGATIVE,1.0,0.0,4.0,2026-03-18 16:13:19,Random Forest
Sample_0411,-0.8497614985322326,0.5639927102355382,-2.839974355946971,-0.01967476150829668,1.699839219862376,-2.70952178397179,-0.46,0.06,-2.119370240727124,-0.4582914572864322,1.076507046309756,-2.61556237270819,0.372,0.05,-1.824121013616256,0.3758793969849246,1.028914425195032,-3.870258623563938,0.98,0.07,-2.839974355946971,0.9788944723618089,0.9639366130175886,-2.119370240727124,-1.824121013616256,-2.839974355946971,-0.6223758522877783,-0.6863237208399157,-0.7504178508362083,-0.7322545758954437,-0.8275264171229516,-0.300616046778781,35.87244371554223,-38.94802154376036,9.195342780243918,1.035923215689295,0.7000880425599877,0.6758107473189071,0.4051236009055285,0.1298633741308663,2.430507195917615,-0.5176812833613953,-0.5365104682314339,-0.5206662624068952,-0.5147708315229528,-0.5494360358005405,-0.540226009225058,-0.5693856928494706,-0.5472199092445791,-0.5309254907056189,-0.5499216692765417,-0.5245795077036557,-0.5200489758562747,-0.5304776550985782,-0.5193306068908625,-0.5332722619298486,-0.4943884208810448,-0.4921211883668635,-0.432763609698034,-0.4431555866512537,-0.4258265662769825,NEGATIVE,0.97,0.03,4.0,2026-03-18 16:13:19,Random Forest
Sample_0194,-1.0992534868336,1.127296552169603,-5.597358326218692,-0.01526579224724608,2.202686043886435,-6.058265395627198,-0.46,0.06,-5.597358326218692,-0.4582914572864322,1.070027492002121,-3.804176684712183,0.372,0.05,-2.978044588980238,0.3758793969849246,1.040482979366342,-3.447126540903615,0.98,0.07,-2.405956921029524,0.9788944723618089,0.9694015400592808,-5.597358326218692,-2.978044588980238,-2.405956921029524,-0.5801256507220051,-0.6615733102837433,-0.7470722980024452,-0.6646992247758566,-0.8472444288161876,-0.4090116675077538,64.49303100768601,-63.9934604562138,13.309568621243,1.592529973692732,1.757482739243773,1.103579064931853,131.186788850643,4.008466899002937,0.6479914192622271,-0.2744243325119378,-0.2662115075268808,-0.2828164048122978,-0.3116547266976308,-0.2649521844888013,-0.3208568266500572,-0.3029882724711132,-0.3040650396560979,-0.2834496489891963,-0.3265299875045767,-0.3241265204818882,-0.3331070510491476,-0.3182740615570517,-0.3088937754393261,-0.327356516789035,-0.302548266608321,-0.3027459722547157,-0.2429041782218763,-0.2097846590721589,-0.1297516069250054,NEGATIVE,0.99,0.01,4.0,2026-03-18 16:13:19,Random Forest
Sample_0056,-1.334316325761079,1.596447679029529,-8.188764431599362,-0.0005100525121146393,2.674454178767412,-9.140048479773585,-0.46,0.06,-8.188764431599362,-0.4582914572864322,1.096950034640593,-2.905177645652105,0.372,0.05,-2.154106365505266,0.3758793969849246,1.063220079114159,-3.703974805639124,0.98,0.07,-3.088949479666602,0.9889447236180904,0.9268213867521774,-8.188764431599362,-2.154106365505266,-3.036056516130196,-0.8528912830329685,-0.8202952067076071,-0.8171116646482816,-0.566718565482848,-0.5502237789791048,0.2136004256023574,92.69323914458023,-92.45398680760475,15.74920093106481,3.146123781260881,2.467632464955836,0.7843405525407765,26796.14527625029,0.2995112156132601,1.445687290935881,-0.9686747904606294,-0.97022169255097,-0.9615342182618541,-0.9762485009900653,-0.9727572631186729,-1.004898525815418,-0.9740745758347249,-0.9641352746104265,-0.962344708253478,-0.9864205395356886,-0.9752585403778058,-0.9548003634518023,-0.9335887387727236,-0.9222220441394844,-0.9217863531688495,-0.9192177092987237,-0.8310599586681197,-0.7556597073768828,-0.6321810596622338,-0.5494819036629432,NEGATIVE,0.57,0.43,3.0,2026-03-18 16:13:19,Random Forest
Sample_0149,-0.9213862137532536,1.258628235367333,-5.559229498318351,-0.009372541694374216,1.848209462568703,-0.1488121230532315,-0.46,0.06,-0.4932443369023364,-0.5587939698492463,1.0,-5.877666686548642,0.372,0.05,-5.559229498318351,0.3658291457286431,1.206067612549712,-4.286460334864382,0.98,0.07,-4.108313500386996,0.9788944723618089,1.012067528252151,-0.3800396019473604,-5.507950529454435,-4.108313500386996,-0.4208405051640815,-0.3667445671869384,-0.2939449134625379,-0.009372541694374216,-0.05139471677676502,0.2339193871151909,74.56902254103106,-69.85462918382439,10.31293914446626,0.02531823102419131,0.03471678527918531,1.371216861320753,0.002916812103739928,1589.778795051265,8.92115486562794,-0.61432061217993,-0.5585403099425547,-0.5786696421934074,-0.588758678368248,-0.6071627391411751,-0.6328233583331158,-0.5444182595995894,-0.5937974644880025,-0.5854177199270795,-0.589563137845425,-0.62231655518901,-0.5411808763425912,-0.5524233449647552,-0.5839382275877901,-0.5622285488318288,-0.5558021487848523,-0.5272271285350181,-0.5489169948329622,-0.5395957371571886,-0.5227506554682286,NEGATIVE,0.95,0.05,4.0,2026-03-18 16:13:19,Random Forest
Sample_0019,-1.08934605127396,1.152297431241307,-5.968239468636379,-0.008085327021927904,2.184081910450376,-3.911523882555542,-0.46,0.06,-3.008505979909109,-0.4582914572864322,1.14910773621526,-6.547131646516942,0.372,0.05,-5.968239468636379,0.3758793969849246,1.058907857811675,-2.796342378391828,0.98,0.07,-2.567086413667725,0.9788944723618089,1.043531898952026,-3.008505979909109,-5.968239468636379,-2.567086413667725,-0.7618019263320852,-0.6983530148618161,-0.6296999402387461,-0.1927395003944261,-0.247375063702945,0.4413864301769568,80.24010971225647,-81.14366882241147,13.25499790746431,0.5974408479530823,1.398800058526829,2.341319752941765,3.225808579310814,10971.48013720987,0.08483037666682929,-0.994446595156506,-0.9977141743692245,-1.004834508099535,-1.023483817740823,-1.038054928112873,-1.039679952014221,-0.972282384120004,-0.984827568178001,-0.9797562928491657,-0.9912691930879179,-0.9867853584608183,-0.9623513048397944,-0.9567734827902618,-0.9416804554410975,-0.8946627715016646,-0.9123925187483825,-0.9350972899861287,-0.9148493585174108,-0.86823739353959,-0.7849661010461398,NEGATIVE,1.0,0.0,4.0,2026-03-18 16:13:19,Random Forest
Sample_0205,-0.9803319481182757,1.332943484918999,-5.709762175814094,-0.004102287058079787,1.967593375600137,-5.773617568294027,-0.46,0.06,-5.709762175814094,-0.4582914572864322,1.066430741046642,-2.870190732121335,0.372,0.05,-2.505064721576729,0.3758793969849246,1.047923023107332,-4.143740689446656,0.98,0.07,-3.696418660278991,0.9788944723618089,1.002435001741681,-5.709762175814094,-2.505064721576729,-3.696418660278991,-0.2439998686629434,-0.2668922084678235,-0.3001444010602563,-0.2301034558110885,-0.2578625559755267,-0.2010501362992482,59.81086746603442,-60.59503798344657,12.78754898986202,2.011579754501817,1.39333467053051,0.6926569366252048,80.2621743328777,0.2707508568700284,5.711782052401934,-0.08979861514226732,-0.05828703882555687,-0.09280018015653287,-0.05868063375966275,-0.06258432062776184,-0.04824735054753709,-0.07202319226902998,-0.05620698427851567,-0.03760219110337357,-0.07322323874948403,-0.06177027141464682,-0.09061028713477001,-0.004102287058079787,-0.0310550265217328,-0.04174817882912244,-0.03009755378356272,-0.07454615461211656,-0.1171044733480026,-0.1564696949519317,-0.2235278657824209,NEGATIVE,1.0,0.0,4.0,2026-03-18 16:13:19,Random Forest
Sample_0079,-0.9028867388501476,0.825167553936944,-3.962988638008853,-0.02679100379617747,1.808502532645753,-3.12735289863136,-0.46,0.06,-2.58243548182908,-0.4683417085427136,1.223022479718618,-2.48300039798885,0.372,0.05,-1.82029354225576,0.3758793969849246,1.033797593761448,-4.752013148737804,0.98,0.07,-3.962988638008853,0.9788944723618089,1.003137631754426,-2.548160124934528,-1.82029354225576,-3.962988638008853,-0.6108822430858256,-0.567918360068884,-0.5948777220885941,-0.5514082243978956,-0.606159770436622,-0.1197987427010046,41.69450880200279,-43.02851785562087,10.36236644535801,1.259505597004501,0.6581111627315309,0.5225154729734633,0.8333055452119894,0.08858678077178803,38.20387303943364,-0.511547029076036,-0.486005812716925,-0.4739884449703107,-0.4414018831842358,-0.522475634513197,-0.4680563622018287,-0.493476539394436,-0.4959513339561777,-0.4536711287137868,-0.4724189460069517,-0.4596154466612083,-0.4980430920122866,-0.494204151898512,-0.4806720593505715,-0.4670692377193486,-0.484427633613941,-0.4903914317424479,-0.423925871147725,-0.4568507977786682,-0.3578975898352141,NEGATIVE,1.0,0.0,4.0,2026-03-18 16:13:19,Random Forest
Sample_0495,-0.9520932161871133,1.144944346063789,-4.201790515550807,-0.00292512591734672,1.90943300990006,-4.250396021126372,-0.46,0.06,-4.201790515550807,-0.4582914572864322,1.060617837199378,-3.953194580913761,0.372,0.05,-3.476322319756442,0.3658291457286431,1.196979513024352,-4.266428694482012,0.98,0.07,-3.632672055332141,0.9788944723618089,0.9929204407434185,-4.201790515550807,-3.43887932351641,-3.632672055332141,-0.1094335242239497,-0.2467013991771949,-0.3644736525784577,-0.3399727385899803,-0.4524282426617463,-0.27877759354646,50.2285622257892,-48.44590425390686,12.47001929652215,1.075180068708866,0.9962421325882287,0.9265816597442792,5.789828277148282,6.161940776811676,8.379943782300332,-0.1512811588202028,-0.192618228696566,-0.1547875352465352,-0.1153586625183825,-0.1478990670600516,-0.1395276363939294,-0.1370150693463445,-0.1368675270723015,-0.1470102474739559,-0.09963430715059818,-0.1413502732621864,-0.1218978786408343,-0.1455724140728176,-0.09368120766383788,-0.1101170973667474,-0.1158765432802714,-0.09755850778935685,-0.1362732366578694,-0.1535029047220643,-0.2480266029348755,NEGATIVE,1.0,0.0,4.0,2026-03-18 16:13:19,Random Forest
Sample_0263,-0.8686217023189206,0.5182934612170972,-2.995485255828283,-0.0167301760118924,1.736674138972908,-0.7967832542110664,-0.46,0.06,-0.7069565103488465,-0.5587939698492463,1.0,-2.428018222001851,0.372,0.05,-1.59226771725782,0.3658291457286431,1.277572380649327,-3.865434839860711,0.98,0.07,-2.995485255828283,0.9788944723618089,0.9878726643787237,-0.08879064703654249,-1.567788391543216,-2.995485255828283,-0.8876777341877956,-0.8629773036021415,-0.8581871635051029,-0.7405871716701764,-0.7347251064785429,0.02255227735878734,33.21951158587731,-36.31811763693306,7.090236316073629,0.3281619746470169,0.2061303028561149,0.6281358560138977,0.01491937277566228,0.07559080143474281,2.394152169254006,-0.9478159133385528,-0.9643536166984275,-0.9121907844566206,-0.9432474191171235,-0.9437948786836041,-0.8814117360584469,-0.9075843555655132,-0.9278577209171209,-0.9216049314048451,-0.9335840249106164,-0.9304624512709023,-0.9094013062556338,-0.9007999422121953,-0.9050707114775539,-0.8717291968069334,-0.8633207525790684,-0.9063509160161753,-0.9120851576697504,-0.8571445723850865,-0.8741398998406659,NEGATIVE,0.99,0.01,4.0,2026-03-18 16:13:19,Random Forest
Sample_0324,-0.6755116111735896,1.029286486278941,-4.021351674673817,-0.0004275662814453712,1.357374202202529,-2.289261191813984,-0.46,0.06,-2.307494577128237,-0.4582914572864322,1.078432287638217,-2.307362448062523,0.372,0.05,-2.317025250993254,0.3758793969849246,1.022816251260187,-4.003107365181132,0.98,0.07,-4.021351674673817,0.9889447236180904,0.9401202815481134,-2.307494577128237,-2.317025250993254,-3.998423101182835,-0.02930104312414319,-0.01293763235065092,-0.03328974766441621,-0.0646599393053975,-0.1661236058835204,-0.04235773684351817,37.77994708665685,-34.5704589859371,8.599731005057638,0.992155000934622,0.5718710449102332,0.5763928462503578,0.1961325248178454,0.05336680932883535,3.68089141137047,-0.001231378722748304,-0.0683774055783672,-0.05461411054564021,-0.007003620951249439,-0.02966031081485604,-0.0282618222654718,-0.02435126670789018,-0.02870578018273022,-0.03737830041354787,-0.03116447637293069,-0.02481926683149505,-0.03195880370869718,-0.02865299139454059,-0.005965198540536235,-0.0007826870752262946,-0.04899511133802979,-0.007863357869558375,-0.04276204821051905,-0.04070775925604173,-0.07793389786637445,NEGATIVE,0.99,0.01,4.0,2026-03-18 16:13:19,Random Forest
Sample_0484,-0.9178593454003365,1.135318021041985,-5.650665414792056,-0.01755899182532214,1.839559920312622,-5.999106474264007,-0.46,0.06,-5.650665414792056,-0.4582914572864322,1.078038127956743,-0.7348044810059466,0.372,0.05,-0.5212259731345322,0.4663316582914572,2.512422565802146,-3.336503162748246,0.98,0.07,-2.539652215765294,0.9788944723618089,0.983191518964189,-5.650665414792056,-0.1404511159061485,-2.539652215765294,-0.4640459828035335,-0.5644004832366656,-0.5717960105131967,-0.5956087384277208,-0.595019340425797,-0.2617457361244292,64.8479957635406,-61.26136764065158,10.0704141180182,8.164221407647428,1.798022115262316,0.2202319150210831,118.4521871584046,0.0005710146087426791,0.4586376374851633,-0.2739112728369668,-0.2605316250060915,-0.243056092927446,-0.3051241348174041,-0.2808287735296393,-0.3414588628059638,-0.3394102664986732,-0.2911868805936476,-0.3167815132171163,-0.3491781413561733,-0.2944785564367046,-0.315147239702639,-0.3253801551072678,-0.3215464493732242,-0.2798128054102825,-0.2845841474536444,-0.2649688947987419,-0.2192502018100003,-0.1573595204999468,-0.05963117646331996,NEGATIVE,1.0,0.0,4.0,2026-03-18 16:13:19,Random Forest
Sample_0080,-0.8378080726078335,1.164065957095386,-4.923091316440581,-0.00938485983321035,1.680476504600141,-0.5383612468590666,-0.46,0.06,-0.3424637779142258,-0.5587939698492463,1.0,-5.304942490698452,0.372,0.05,-4.923091316440581,0.3758793969849246,1.046473265520265,-4.349060162812757,0.98,0.07,-4.058573291768313,0.9788944723618089,1.001430465520659,-0.1089102337413106,-4.923091316440581,-4.058573291768313,-0.4181799583523702,-0.3926703753048983,-0.3587707098044731,-0.1239352103347199,-0.1259725237010731,0.1390892323154635,65.46961911274406,-68.74086501020206,10.19236390037027,0.1014829562814329,0.1237879511215778,1.21979055062496,0.009550605793342756,304.534995359944,10.84825253992414,-0.4932915461681341,-0.4915906324842896,-0.5292668012678258,-0.4944263842445185,-0.4648458929224071,-0.4608983896155521,-0.5173263543198178,-0.4734617626853167,-0.5245493439389224,-0.5096898051967679,-0.4712093389687892,-0.5075749527710358,-0.4589938786093364,-0.440586695231561,-0.4528850405989148,-0.4808904621325654,-0.484007176056429,-0.4450284030489999,-0.4104963148255311,-0.4104610355091571,NEGATIVE,0.99,0.01,4.0,2026-03-18 16:13:19,Random Forest
Sample_0040,-0.8811610125610875,0.7025242325187415,-3.394952855574761,-0.002466578737437934,1.763708228848243,-3.999114056795908,-0.46,0.06,-3.394952855574761,-0.4582914572864322,1.097829041317172,-2.221501872987095,0.372,0.05,-1.489608160749579,0.3758793969849246,1.047112956573797,-3.549297472732138,0.98,0.07,-2.732432716051739,0.9788944723618089,0.9886474181893542,-3.394952855574761,-1.489608160749579,-2.732432716051739,-0.6092544387781257,-0.6270546871034796,-0.6977205025464777,-0.6713464139981042,-0.6255070763352042,-0.1222372544000739,43.63067198577846,-44.98619979939591,9.76991340251514,1.800184868365015,1.126733976940376,0.6258990377825538,3.752307257968958,0.04165590100448804,0.8916616714959442,-0.6209964874172801,-0.5962162985937789,-0.5782482254551387,-0.5632017561277797,-0.5782373294470777,-0.6100451004680488,-0.5871914366534006,-0.6152464141534963,-0.5648432428837606,-0.5913070524897812,-0.5665234881566039,-0.5656965151347816,-0.5775090546084015,-0.5612226493007292,-0.5340750950147273,-0.5482365423057799,-0.5307596815147032,-0.5211067316375925,-0.4734643636951158,-0.4164130254598584,NEGATIVE,1.0,0.0,4.0,2026-03-18 16:13:19,Random Forest
Sample_0452,-1.131540073439429,1.334482714394803,-4.670999036103437,-0.01684976576408197,2.269504603186026,-5.261096796787394,-0.46,0.06,-4.670999036103437,-0.4582914572864322,1.108692788243791,-4.599880285493693,0.372,0.05,-4.367026272733694,0.3758793969849246,1.058028390462321,-4.154963031454701,0.98,0.07,-4.188494334721464,0.9788944723618089,1.018723063476838,-4.670999036103437,-4.367026272733694,-4.188494334721464,-0.441898554693436,-0.4484224511512787,-0.3159997244451238,-0.04296844973440036,-0.1200339857534464,0.298425387097728,58.0214975423453,-59.03244836985798,14.01594011373579,1.143746460832672,1.266219881370502,1.107080917608844,33.1369430486836,39.81994064949144,5.915598441159151,-0.7907320579739774,-0.7572618602480701,-0.7696163826507105,-0.75671515619284,-0.7292045144901459,-0.7457641226037413,-0.7453340861928235,-0.7322182023352362,-0.7382882889133133,-0.7021531008534765,-0.72670794190688,-0.7055134389639058,-0.6741765278664011,-0.7164774393861035,-0.6731032073941184,-0.6628424805572039,-0.6258614181637473,-0.569384655978479,-0.5081596897060362,-0.4094652280762126,NEGATIVE,0.99,0.01,4.0,2026-03-18 16:13:19,Random Forest
Sample_0047,-0.7128321383899923,0.6791018177719806,-3.212530817970692,-0.008401243354750482,1.428242965576881,-2.628387247633076,-0.46,0.06,-2.132955168391774,-0.4582914572864322,1.091872361696006,-1.823701100751288,0.372,0.05,-1.314274697197775,0.3758793969849246,1.05357615898583,-3.693057970200477,0.98,0.07,-3.212530817970692,0.9788944723618089,1.006755855833276,-2.132955168391774,-1.314274697197775,-3.212530817970692,-0.4828038413540156,-0.4805083524832004,-0.4587477528192746,-0.3788936314292859,-0.379776088018307,-0.03005270056513423,34.36034270216975,-37.14449228943847,8.14514631858484,1.441237956455853,0.7117102598555729,0.4938187040297904,0.3521819162829796,0.01321841322152525,1.397210472116321,-0.4261999025336599,-0.4187396197008212,-0.3914845083662167,-0.4203706690386531,-0.4399169624160002,-0.4546782576281766,-0.4361146655150636,-0.4660370186993771,-0.4422278549165484,-0.425701082897484,-0.4239172384748591,-0.4368156070994333,-0.4194942899999355,-0.4102587733444234,-0.3934128795288157,-0.3940462604640013,-0.3964210224884376,-0.3792187504640757,-0.348385895878711,-0.3645563495881481,NEGATIVE,1.0,0.0,4.0,2026-03-18 16:13:19,Random Forest
Sample_0239,-1.239317480027901,1.245305785175628,-5.21551718089344,-0.008533309208415336,2.484264548812391,-6.190286985528177,-0.46,0.06,-5.21551718089344,-0.4582914572864322,1.124104532150276,-5.73286026695051,0.372,0.05,-5.115349852955432,0.3758793969849246,1.058457690113922,-3.063759614653698,0.98,0.07,-2.731856118466187,0.9788944723618089,1.027069610962929,-5.21551718089344,-5.115349852955432,-2.731856118466187,-0.8917427296287671,-0.8152908649938415,-0.6683624826370669,-0.3009414305781755,-0.2812260190081854,0.5199670724081693,69.58106302957454,-70.15218410006524,14.98690686713238,1.079790313609194,2.020487167439824,1.871184749459695,164.7619072968746,1046.827254796859,0.1956126942415485,-1.199140471155397,-1.156966165565556,-1.170747263581563,-1.144789285770021,-1.132026481707988,-1.141332509105066,-1.162307449218012,-1.113737655047398,-1.120929435883486,-1.147705120431153,-1.109439246057097,-1.151191702275106,-1.138890002210778,-1.124981106497981,-1.094072622672523,-1.05529176447821,-1.02003468618702,-0.9836367817127384,-0.9435831221431161,-0.8144204866547664,NEGATIVE,1.0,0.0,4.0,2026-03-18 16:13:19,Random Forest
Sample_0392,-0.7116529581071633,1.027183862260499,-3.664499829889186,-0.001109097392042444,1.430177437461866,-3.705262491605626,-0.46,0.06,-3.664499829889186,-0.4582914572864322,1.078911182446585,-2.532438439577039,0.372,0.05,-2.481839436301845,0.3658291457286431,1.193536846867867,-3.243036345274792,0.98,0.07,-3.174083189565791,0.9788944723618089,0.9963714902445708,-3.664499829889186,-2.444822125561572,-3.174083189565791,-0.09515254557364869,-0.05553777998204403,-0.02848285894089068,-0.03979833406462369,-0.04866165416198664,-0.003790381930183989,40.19202105427201,-37.10172357230017,9.480737276457457,1.463120458803519,1.142528820870081,0.7808850009550101,2.259539088715591,0.1021695199565689,0.3424909055487308,-0.02414621204680498,-0.01952222615584426,-0.06887314882699783,-0.0465006497147192,-0.05157571653384328,-0.01105853124115874,-0.03641652813092206,-0.03382446292821108,-0.04290300563907825,-0.01182581416285776,-0.04581235701963855,-0.06385093606406625,-0.02095253834113496,-0.002328208364482484,-0.0348484192499733,-0.02731762285599511,-0.009173562736060407,-0.003501547330239399,-0.06983872049432817,-0.1200592448814616,NEGATIVE,0.94,0.06,4.0,2026-03-18 16:13:19,Random Forest
Sample_0353,-1.126249878191348,1.304717746087546,-5.903558048555972,-0.01317916721392121,2.258547021936868,-6.331385080244264,-0.46,0.06,-5.903558048555972,-0.4582914572864322,1.090493948536462,-2.927262076562628,0.372,0.05,-2.347166762301591,0.3658291457286431,1.273524111000288,-4.57787445337126,0.98,0.07,-3.998585602302815,0.9788944723618089,1.00164954247162,-5.903558048555972,-2.318817853479693,-3.998585602302815,-0.5112936876336157,-0.5590804273277723,-0.5959069818728049,-0.4893266372282024,-0.4057535608328782,-0.05170041460512673,66.4410110600542,-68.25745348946562,13.83652161017815,2.162903393904166,1.383040348688828,0.6394369496976745,210.1974758129884,0.3192183255896496,22.17312667297363,-0.4728465409461451,-0.5229363031498727,-0.5053668530631631,-0.5080124880602676,-0.5134566388030478,-0.5096030066229366,-0.468384639501052,-0.4742492928966616,-0.4371088786738413,-0.4794274411431519,-0.4913224930568134,-0.4688596136422317,-0.5026646993101662,-0.4897951051281552,-0.4493418848121584,-0.4681395024010145,-0.3854092492966345,-0.3958578048367122,-0.3335572726563038,-0.1809870867395005,NEGATIVE,0.97,0.03,4.0,2026-03-18 16:13:19,Random Forest
Sample_0342,-0.8812186620542574,1.108410583188159,-3.92916061972473,-0.005266309613421562,1.768500034154715,-4.354697381377079,-0.46,0.06,-3.92916061972473,-0.4582914572864322,1.11496628726019,-3.903342543354581,0.372,0.05,-3.781035714807493,0.3758793969849246,1.049699316460695,-3.146828409373055,0.98,0.07,-3.106189859801324,0.9889447236180904,0.9315603676713087,-3.92916061972473,-3.781035714807493,-3.0900822754583,-0.3294226092127008,-0.2136152767773224,-0.1714176246434471,-0.07134772684454091,-0.01683339738528829,0.2727127028439018,50.58161836863462,-52.14873402570049,11.40486833410472,1.115632905134326,1.383836935120548,1.240405270185115,6.931905120364385,5.336374435075029,0.2535765586493263,-0.5506917153012209,-0.5844513173631208,-0.5913252389367203,-0.6133701992499611,-0.5666319169706551,-0.5504468393519912,-0.5727658728598718,-0.5549606018676762,-0.5460033520721832,-0.5340017053159464,-0.5497066936882669,-0.5022981097626352,-0.5361508249696755,-0.5128333392828524,-0.4852940596418656,-0.5034110620154173,-0.491690532583095,-0.4123930854111947,-0.3527906888872105,-0.306289281749568,NEGATIVE,0.98,0.02,4.0,2026-03-18 16:13:19,Random Forest
Sample_0278,-1.205022501051364,1.788979017022636,-6.325117667694734,-0.0003670903793911023,2.419786914078919,-6.238221712867192,-0.46,0.06,-6.325117667694734,-0.4582914572864322,1.073422576042729,-6.357622215170144,0.372,0.05,-6.299439557680413,0.3758793969849246,1.025342646310208,-3.796544962944868,0.98,0.07,-3.524409010505463,0.9788944723618089,0.979441392701657,-6.325117667694734,-6.299439557680413,-3.524409010505463,-0.04220810949813139,-0.06354139489144052,-0.03446670148997399,-0.1956548293038471,-0.0831682886381747,-0.05957169294622135,79.00089290699353,-76.65037440943436,16.3923888909822,0.9812193146648371,1.643131261121266,1.674581040715167,178.9739774116174,6350.160917991502,1.930538094399592,-0.1761305664742634,-0.1851167058248099,-0.1866009215338484,-0.1803632855137046,-0.1700123333101409,-0.1713037621581582,-0.1863633226955793,-0.1641450239802416,-0.1641457623933015,-0.1519756579949275,-0.135429322692197,-0.1399334069387154,-0.1410062024690445,-0.1464539916627184,-0.1104711402347468,-0.1788820330928363,-0.2295296489697838,-0.2131849666652473,-0.3110464235316511,-0.372191431546754,NEGATIVE,1.0,0.0,4.0,2026-03-18 16:13:19,Random Forest
Sample_0291,-0.7457137052501003,0.4888423365252114,-2.655153082287597,-0.04066074618436408,1.491908972475374,-0.3726946890435823,-0.46,0.06,-0.5098427077929173,-0.5487437185929649,0.7542729308240798,-2.632635643329129,0.372,0.05,-1.883453475093595,0.3658291457286431,1.267819873419095,-3.526920718361294,0.98,0.07,-2.655153082287597,0.9788944723618089,1.008691958327921,-0.2241055689193883,-1.868227098665678,-2.655153082287597,-0.647360292701614,-0.656121190911995,-0.6890037112763572,-0.6511722521455792,-0.7163632208753147,-0.174743723123073,33.16390181224908,-34.08678914009928,6.532251050734005,0.1415671363365296,0.1056714110706596,0.7464402671779721,0.001981894091794595,0.1364211664414889,0.8314538573302839,-0.5230545655972565,-0.4819525109850523,-0.4890412727210277,-0.561534114563644,-0.5173910958600939,-0.5138954591349315,-0.5138571584884053,-0.5556873458511167,-0.5271784567988238,-0.4927450877974164,-0.5678469731694779,-0.5192121963174491,-0.523056143299123,-0.5190282667612353,-0.5130761444843357,-0.5465878413800315,-0.5594133228595233,-0.5639256019208161,-0.5482221208288836,-0.5665810662270515,NEGATIVE,0.95,0.05,4.0,2026-03-18 16:13:19,Random Forest
Sample_0318,-1.02446114914048,0.745955065147388,-3.685570673377281,-0.005496932106011532,2.049880464973854,-1.151203627402948,-0.46,0.06,-0.7010731095207055,-0.5587939698492463,1.0,-4.598663532663821,0.372,0.05,-3.685570673377281,0.3758793969849246,1.056345186184498,-4.120721841735631,0.98,0.07,-3.267289457789007,0.9788944723618089,1.009715034171554,-0.161622483757591,-3.685570673377281,-3.267289457789007,-0.9265019029734299,-0.9455690864964978,-0.8811358941107467,-0.6460822684607115,-0.7557665533869495,0.09564874381944678,57.27204857401986,-55.48189861986228,9.8705890018024,0.2503343893777118,0.2793694094426102,1.115984943726967,0.02750635248606701,39.68038300928591,5.315430640524015,-1.024772307017038,-1.021679622986192,-1.085582432691024,-1.04836143247246,-1.036859337080215,-1.064256494531769,-1.04840094957149,-1.037007328316413,-1.056927686417572,-1.02344260841062,-1.093203424411472,-1.057475237346343,-1.070245232806629,-1.076594439703885,-1.078858699143604,-1.065833481031193,-1.035236596147219,-1.041463054222726,-1.019140647791495,-0.9921960086119395,NEGATIVE,0.99,0.01,4.0,2026-03-18 16:13:19,Random Forest
Sample_0305,-1.22855941835872,1.576668117390831,-6.462965525910398,-0.006794683084125567,2.466375456474553,-7.050653357095126,-0.46,0.06,-6.462965525910398,-0.4582914572864322,1.090108691462793,-4.546111010392105,0.372,0.05,-4.288071708656133,0.3758793969849246,1.063221236641905,-4.294149329480645,0.98,0.07,-4.186282473743727,0.9788944723618089,1.014421420504704,-6.462965525910398,-4.288071708656133,-4.186282473743727,-0.4539211728127897,-0.3996552414262671,-0.26901007244035,-0.02849177026935007,-0.07150471393655661,0.266399595622942,78.33177852120238,-70.87908056522554,15.89091369696788,1.550919751184651,1.641920859316708,1.058675574969335,727.4599916208738,34.09734504414666,9.138057932634858,-0.5739253481488311,-0.5444712767420772,-0.5381984534001436,-0.5401953828259136,-0.5638014416401194,-0.573644989415226,-0.5717994322408199,-0.566686243434875,-0.5692977834083752,-0.5902227798190857,-0.5448920722543915,-0.5780633398990848,-0.5401807855624844,-0.5517852668496468,-0.4986150081794457,-0.5022104272612581,-0.4494522375263563,-0.4175298498612919,-0.3528521689191319,-0.2299627220517532,NEGATIVE,1.0,0.0,4.0,2026-03-18 16:13:19,Random Forest
Sample_0269,-0.9421469977208892,0.6164262729030745,-3.039640052963787,-0.03118352275741848,1.886698566932393,-3.13829620942411,-0.46,0.06,-2.451410066832462,-0.4582914572864322,1.114027382663117,-3.90169308996777,0.372,0.05,-3.039640052963787,0.3758793969849246,1.037685607905581,-3.30931805108062,0.98,0.07,-2.413893788440211,0.9788944723618089,1.009447867250794,-2.451410066832462,-3.039640052963787,-2.413893788440211,-0.7603465533159882,-0.8190623540597642,-0.8045514830738475,-0.7147981714525727,-0.8350523755428162,-0.09998975953173034,49.02011238900627,-49.84597333278624,10.3493073504725,0.8043421502048571,0.9483211226552658,1.179002147797102,0.8491954396300495,5.311036801158758,0.4212922943308995,-0.6029023748730545,-0.6259665260342052,-0.6024970361787265,-0.6205655502398696,-0.6404380824554308,-0.6576968337358036,-0.6116617493946002,-0.6585615928264464,-0.6719176895190827,-0.6609380746426994,-0.6536739225226871,-0.6439631082929164,-0.6206912149635808,-0.6206433478152761,-0.6692371956751444,-0.6514347977354469,-0.6696742107626545,-0.6022085933271846,-0.6165788693305682,-0.5368703834942459,NEGATIVE,0.98,0.02,4.0,2026-03-18 16:13:19,Random Forest
Sample_0070,-1.316448550105986,1.833125173784269,-8.960305922838566,-0.0001060347484874366,2.640378475835944,-9.833864031007604,-0.46,0.06,-8.960305922838566,-0.4582914572864322,1.101753740711034,-2.515758775738305,0.372,0.05,-2.130369959635643,0.3758793969849246,1.087658994769494,-3.557924350470555,0.98,0.07,-3.507707697660675,0.9889447236180904,0.9500960223089704,-8.960305922838566,-2.130369959635643,-3.471522771146386,-0.6823035803780221,-0.6083013815313312,-0.5213571028172164,-0.1885256504271738,-0.05838664958617555,0.4624159516381175,98.75292029479532,-99.04404238748617,15.90754715721646,3.908905784546707,2.76393286150309,0.7070860782651499,88751.13919341305,0.09736873291827465,0.9160211387925332,-1.034467627159005,-1.033339881532325,-1.051182051069443,-1.047129960913367,-1.026186417395124,-0.9935563934421814,-0.9843012203729614,-0.9990114721282313,-1.021384956131795,-1.009487758128472,-0.9954102332047948,-0.9718592419934082,-0.9915398587937407,-0.9423386632602084,-0.9077500522566362,-0.9271067167217555,-0.8753217308686441,-0.8247401938820741,-0.6894431470001452,-0.554839279447048,POSITIVE,0.92,0.92,4.0,2026-03-18 16:13:19,Random Forest
Sample_0456,-1.110921956949791,1.136627890581772,-4.807722972061865,-0.01774885486481335,2.227154040291098,-4.559101756598931,-0.46,0.06,-3.964831363716462,-0.4582914572864322,1.092851907580442,-5.45917673917654,0.372,0.05,-4.807722972061865,0.3758793969849246,1.043654022502998,-3.985866774575251,0.98,0.07,-3.422275883447212,0.9788944723618089,1.013856541688653,-3.964831363716462,-4.807722972061865,-3.422275883447212,-0.5467777638479836,-0.598829231463685,-0.5908903387418233,-0.3471974004712051,-0.4492457679972315,0.03029427949157093,65.47671660318875,-67.0520893592874,14.00414527035072,0.8351262423657352,1.143816894653928,1.369633519614637,9.864595413726754,475.2402404998725,3.487868269502675,-0.6128586604855837,-0.668703225068977,-0.6004713689300356,-0.6310585464892512,-0.6569246421994304,-0.6089258561387554,-0.6565529954476385,-0.6361179840860571,-0.659130342849091,-0.6528932258179646,-0.5988346778478479,-0.5821829119557345,-0.5914922676437495,-0.5788483029724246,-0.614688369525906,-0.5316319561314159,-0.6092253258216567,-0.5550338145487618,-0.4762489392164803,-0.4123214549248109,NEGATIVE,0.99,0.01,4.0,2026-03-18 16:13:19,Random Forest
Sample_0466,-0.6771248107753683,0.9850139349067099,-3.636473141534939,-0.001544777255231881,1.359688628845668,-3.302425468283852,-0.46,0.06,-3.147845893985978,-0.4582914572864322,1.085272360589288,-1.461800645225243,0.372,0.05,-1.408944248856,0.3758793969849246,1.093173626103879,-3.568387871232439,0.98,0.07,-3.636473141534939,0.9788944723618089,1.012903522150652,-3.147845893985978,-1.408944248856,-3.636473141534939,-0.08932611166224846,-0.09022205749631974,-0.09748032948463858,-0.006100786971491692,-0.1441870605343261,-0.007482883126471625,35.56369794076565,-37.22142075389572,8.332613984741535,2.259149001658153,0.9254670701319447,0.4096529575750326,1.127309273636683,0.004652324310370429,0.9464614859201219,-0.1284607018032415,-0.1701733836802676,-0.1230155368011761,-0.1456003592084233,-0.1589181145187758,-0.1377775906927815,-0.1615688260632153,-0.1434485708928564,-0.1450455445021392,-0.1274692510356454,-0.1312861616358134,-0.1441250995660568,-0.1197773334668031,-0.1589535888086134,-0.1472202813839962,-0.08227450120546304,-0.1131849936313752,-0.05924413734067343,-0.05445933822363776,-0.02699598854355908,NEGATIVE,1.0,0.0,4.0,2026-03-18 16:13:19,Random Forest
Sample_0155,-1.452398686561555,1.755569363016751,-9.150452725978795,-0.002497342019660925,2.908615841379042,-9.820668289875213,-0.46,0.06,-9.150452725978795,-0.4582914572864322,1.075377233636343,-4.156331189298617,0.372,0.05,-3.047430127184134,0.3658291457286431,1.285006661939105,-2.682806838464878,0.98,0.07,-1.298310774629648,0.9788944723618089,1.080071779157308,-9.150452725978795,-3.027726811164201,-1.298310774629648,-0.7758792561282906,-0.8770511336448801,-0.97623206660903,-0.9563599181973942,-1.19175089785537,-0.5083814351754086,97.72076048538382,-100.3679443415268,16.65980631763871,2.362821402481272,3.660594623910633,1.54924727703352,86752.51545994695,11.07323899148012,0.0594977385920336,-0.5640796599209139,-0.5800758582239662,-0.6157003941735318,-0.6072892096323184,-0.5990002280669449,-0.6245837043878973,-0.5818267262608371,-0.6014413293027038,-0.6047578759073847,-0.6300580338248913,-0.6115489575605226,-0.6572349651302813,-0.6229913514955162,-0.5948847932333582,-0.6116916702363087,-0.5546208969252825,-0.5204275592459189,-0.4609282093051703,-0.3604230496011106,-0.2060938865807784,POSITIVE,0.85,0.85,4.0,2026-03-18 16:13:19,Random Forest
Sample_0083,-0.7859886169631168,0.9596452762684572,-3.346566441150209,-0.00271063351969573,1.575499998752398,-2.833150364834355,-0.46,0.06,-2.966425614940797,-0.4582914572864322,1.045498098552156,-3.374713443834352,0.372,0.05,-3.074817796700904,0.3758793969849246,0.9994835466408354,-3.965374753877089,0.98,0.07,-3.346566441150209,0.9788944723618089,0.9806402014583109,-2.966425614940797,-3.074817796700904,-3.346566441150209,-0.04018648619015476,-0.1344612180050531,-0.2035016728874914,-0.1963579676863487,-0.3481408632787285,-0.2070931313848757,47.64255940862004,-43.61236878462655,10.1732385625458,0.8395232401170415,0.71447228589537,0.8510452739768853,0.501490421410045,1.160924066264505,3.271564090862809,-0.2283803853748502,-0.2317468794973964,-0.2393517186396767,-0.2550971747422638,-0.2652323236115699,-0.2284752657265855,-0.228912437031994,-0.2566071246599989,-0.2169032309828928,-0.2522464273258924,-0.2585278277207256,-0.2216306641491164,-0.2524585107227368,-0.2347461373863713,-0.2095700324159842,-0.2189903820604786,-0.2337732633652572,-0.2767716921340479,-0.2869245338612606,-0.2660666568053031,NEGATIVE,1.0,0.0,4.0,2026-03-18 16:13:19,Random Forest
Sample_0478,-1.163877416925279,1.014766640972525,-4.292696049279361,-0.004133444290419536,2.332501760667379,-5.212539566737778,-0.46,0.06,-4.292696049279361,-0.4582914572864322,1.11045465299202,-4.070156827666296,0.372,0.05,-3.344948926388315,0.3758793969849246,1.048287970706483,-4.203807365129663,0.98,0.07,-3.672117900632045,0.9788944723618089,1.018477632420362,-4.292696049279361,-3.344948926388315,-3.672117900632045,-0.8843780237564604,-0.8367183686961427,-0.7437971152698538,-0.494365561030718,-0.4543619066597387,0.30697302294838,53.08567245107118,-58.66826635224429,13.48650375953374,1.280672904617901,1.2399568091477,0.9682072640692364,30.47282507691499,8.635485344543822,6.89085676564008,-0.9985312216000052,-0.9932139036543572,-0.9956814786666568,-1.018725422895399,-1.002082081254964,-0.9922541060025669,-0.9980728276757187,-0.981136380986306,-1.005462990909305,-1.001028336491402,-1.005942397572972,-0.963308127663598,-0.9529127039374973,-0.9532305809148832,-0.9064356306858414,-0.9272319226760124,-0.8541596040710844,-0.8470681380765914,-0.8087475729711864,-0.705899442230148,NEGATIVE,0.98,0.02,4.0,2026-03-18 16:13:19,Random Forest
Sample_0173,-0.94808098275808,1.233843615416959,-4.372206870257878,-0.01244410587473779,1.903114153866983,-4.766863761776809,-0.46,0.06,-4.372206870257878,-0.4582914572864322,1.101841420069362,-3.542278258614785,0.372,0.05,-3.39599783089781,0.3658291457286431,1.230522986059667,-3.942572586007038,0.98,0.07,-3.89676496681236,0.9788944723618089,1.010837449978882,-4.372206870257878,-3.388655098251097,-3.89676496681236,-0.2841720496913523,-0.2037430027840843,-0.1554510437785825,-0.04488153372617602,-0.05076157516501796,0.1930701656003989,49.76224690194508,-49.97710667238252,12.25171460639863,1.345705620439006,1.209074445121275,0.8984687488537367,14.11961678560816,1.882715877831016,3.046605790865221,-0.4494084074516109,-0.4551913846676717,-0.4522589848085939,-0.5191927285872586,-0.4711112871965009,-0.4846956696733374,-0.4838700026800764,-0.4632656911855642,-0.4768024333760062,-0.4687600784301033,-0.4567104466311709,-0.4479899910197402,-0.4643477492546381,-0.3930219720655451,-0.4173796806219353,-0.3917500993377448,-0.3777963928446764,-0.3675518411766858,-0.282956221062916,-0.1833375441825928,NEGATIVE,1.0,0.0,4.0,2026-03-18 16:13:19,Random Forest
Sample_0322,-1.07365733275751,1.201814544076542,-6.168549699560422,-0.04446623600758883,2.150345683925485,-6.927974330661948,-0.46,0.06,-6.168549699560422,-0.4582914572864322,1.101431850516779,-1.287010816339752,0.372,0.05,-0.6176806669338212,0.3758793969849246,1.020166416455957,-3.636689484702403,0.98,0.07,-2.952666458203102,0.9788944723618089,0.9989862098830401,-6.168549699560422,-0.6176806669338212,-2.952666458203102,-0.7166137480591634,-0.7353092881907558,-0.7243794790304403,-0.6048715019749289,-0.5596834704536121,0.08029706258092816,69.75830543875892,-71.95179295348935,11.8516746317041,5.382996197627189,1.905022235141111,0.3538962624533973,588.6346524497825,0.002809539279202576,1.171596684291407,-0.8523680634972433,-0.8273855350424566,-0.8126472112916971,-0.8265988782222589,-0.847979994809641,-0.8450105557079024,-0.8192556561250093,-0.7965332738249943,-0.8314769814803818,-0.8110990054088256,-0.7792315304718721,-0.7665702619649458,-0.7896086756270069,-0.7858954765490396,-0.793927200332775,-0.7856139567156799,-0.7349425463130267,-0.69235339273851,-0.597861522492726,-0.4529837813782567,NEGATIVE,1.0,0.0,4.0,2026-03-18 16:13:19,Random Forest
Sample_0091,-0.8327193388993017,1.332857977568811,-4.958973090412704,-0.002545457250701433,1.670971993455513,-0.5781164362604381,-0.46,0.06,-0.3553811717499891,-0.4482412060301508,1.026757271890897,-5.04392785270472,0.372,0.05,-4.958973090412704,0.3758793969849246,1.054148365359923,-4.569184541707346,0.98,0.07,-4.670461494609552,0.9788944723618089,1.003651483772946,-0.3321320481852931,-4.958973090412704,-4.670461494609552,-0.2149753828033655,-0.1327489771715064,-0.1110588672049714,-0.1937404148264408,-0.225868611112707,0.111606398910377,59.56082873895329,-61.34142810008789,10.1912288306725,0.114616317509465,0.1265250792528542,1.103901102409836,0.01022898192018234,143.4006744272502,21.57923344056317,-0.3937608299470863,-0.3864292108405704,-0.3956579333489296,-0.3980823598913774,-0.3889182141209732,-0.3471421141902827,-0.3589074026465442,-0.359027210350689,-0.3806900187548632,-0.3863969960748257,-0.3380324187176298,-0.3284462885312421,-0.3451113968302533,-0.3273353684196668,-0.32880371169759,-0.3522498776119736,-0.3287225809776734,-0.3088918775167241,-0.3000745552247822,-0.2628576245767855,NEGATIVE,0.97,0.03,4.0,2026-03-18 16:13:19,Random Forest
Sample_0181,-0.9241957428077545,1.258890793557193,-6.079119568107735,-0.009164100944755671,1.854085903195626,-2.941666742015241,-0.46,0.06,-2.656489170401049,-0.4582914572864322,1.075779612670475,-6.433441396518656,0.372,0.05,-6.079119568107735,0.3758793969849246,1.023839818280966,-3.36546072075897,0.98,0.07,-2.89446531412367,0.9788944723618089,0.9777570551099743,-2.656489170401049,-6.079119568107735,-2.89446531412367,-0.2731370351143013,-0.2690557395887098,-0.301440360419702,-0.09807231491557437,-0.3133137936852482,-0.1334483406212294,78.15227281310551,-82.25551070406678,12.74056885929287,0.4572462171812231,0.8740754939941311,1.911607928399118,0.6047964758772706,7903.077417274561,0.502066003782026,-0.2241528529648753,-0.1953491303394822,-0.2342702872475624,-0.2157339263664534,-0.1938642719715101,-0.1888636616657044,-0.21915517074338,-0.2149927873207499,-0.2338118093558994,-0.2154207845707379,-0.1599790228337926,-0.1979143759423782,-0.1964770047243367,-0.1495375594696369,-0.2063747614813687,-0.1684973727200496,-0.1456719515849139,-0.1371020079153934,-0.113844864449141,-0.08766456308426278,NEGATIVE,0.99,0.01,4.0,2026-03-18 16:13:19,Random Forest
Sample_0415,-1.091930137252017,1.239446675022891,-5.574815195712041,-0.01031015155578131,2.18988390835036,-6.044773371882981,-0.46,0.06,-5.574815195712041,-0.4582914572864322,1.080025475796767,-3.996137446890244,0.372,0.05,-3.410198583524806,0.3758793969849246,1.042249208198801,-3.811574700218291,0.98,0.07,-3.242396941630232,0.9889447236180904,0.9254332320509063,-5.574815195712041,-3.410198583524806,-3.240715669969207,-0.5115420681455064,-0.5594794812112943,-0.5319946064778857,-0.3826181401897882,-0.4885965475989767,-0.05841904515548139,61.78252006110732,-65.01168512474355,13.85248551899152,1.512654019592585,1.585899227302772,1.048421652778151,128.1669769576823,6.974781953676751,2.023352295349975,-0.4341595243870723,-0.4278106014558549,-0.4097614464471511,-0.4054543706873847,-0.3848271081171786,-0.3796269533546122,-0.3938319488060897,-0.4239347728520863,-0.414278250198738,-0.4109507288087563,-0.397440729918497,-0.3842824775027084,-0.3951670574701739,-0.41597349719149,-0.3584089802400252,-0.3875545775263619,-0.3918923583378383,-0.3160053374548348,-0.2650453309107189,-0.1482821402987391,NEGATIVE,1.0,0.0,4.0,2026-03-18 16:13:19,Random Forest
Sample_0313,-0.7657704926239012,0.8272702790970288,-3.559862210254793,-0.009235744690516356,1.534884904966701,-0.4276502226633552,-0.46,0.06,-0.5411819349979112,-0.5587939698492463,1.0,-3.251001076987833,0.372,0.05,-2.880394499950436,0.3758793969849246,1.070193688029282,-3.523447881163682,0.98,0.07,-3.559862210254793,0.9788944723618089,1.026273047815573,-0.1731411285906151,-2.880394499950436,-3.559862210254793,-0.5244828603617223,-0.4506358976987414,-0.4219405363784992,-0.179397106445756,-0.009235744690516356,0.2707897923698034,39.46058746266102,-40.08061456424537,7.202099180814871,0.1315441651774499,0.1213726545948271,0.9226760794072342,0.001802537841406776,0.8124109824219166,0.8224812875419332,-0.7038402729632316,-0.6996218159444378,-0.7148852621796055,-0.6642431136414954,-0.6863078217416058,-0.6883330594912455,-0.7273633232933989,-0.7034527162385126,-0.68968000702997,-0.7001292175940406,-0.6645220383192589,-0.6970429701064564,-0.6706389181631313,-0.6966837310511292,-0.6918360018970011,-0.6615662589355003,-0.6348019642021382,-0.6514804457543096,-0.6859336232020079,-0.635389230087269,NEGATIVE,1.0,0.0,4.0,2026-03-18 16:13:19,Random Forest
Sample_0279,-1.210594413057479,1.063072505226753,-5.593704280093431,-0.006153606070082238,2.423327138813199,-6.793197157701092,-0.46,0.06,-5.593704280093431,-0.4582914572864322,1.116855157282677,-2.580964356302844,0.372,0.05,-1.753477227926749,0.3758793969849246,1.058345639531477,-3.715335625535884,0.98,0.07,-3.077349620510404,0.9788944723618089,1.005190782340712,-5.593704280093431,-1.753477227926749,-3.077349620510404,-1.032104968423376,-0.9751755876008564,-0.887040291755435,-0.6280173423537839,-0.5591014360491827,0.4212871031954588,68.40629633497325,-70.54541576596792,13.08949713953982,2.632038346872852,1.828420859480568,0.6946786552912234,466.4589835069922,0.1175251386745889,1.49792240080691,-1.419119402777958,-1.341766507061988,-1.344412892953813,-1.345791753240971,-1.348609559345869,-1.318702513754664,-1.324752346993798,-1.306544313661402,-1.336041294125191,-1.308953048127614,-1.314326773771311,-1.30204883789545,-1.27889767488676,-1.290895937155545,-1.212263759576914,-1.182772901380907,-1.218308912299757,-1.144663811350361,-1.023250067656901,-0.9510882159176548,NEGATIVE,1.0,0.0,4.0,2026-03-18 16:13:19,Random Forest
Sample_0382,-1.29947858476842,1.338370946620993,-5.772148852789683,-0.01432087764686923,2.60524476595658,-6.737385672373098,-0.46,0.06,-5.772148852789683,-0.4582914572864322,1.112117477443254,-3.599640452921193,0.372,0.05,-3.030610914106369,0.3758793969849246,1.064848975961167,-4.956606650082854,0.98,0.07,-4.637503001097529,0.9788944723618089,1.019956203014453,-5.772148852789683,-3.030610914106369,-4.637503001097529,-0.8265862521032258,-0.7567506155723005,-0.6290649947482455,-0.3779325288597282,-0.2844620892879764,0.4852602090661902,69.61046917561647,-69.07724623901217,15.29363277537714,1.871682952919798,1.359273823405066,0.7262308080995336,423.6193274595686,2.221606995325847,72.3953239349795,-1.159122950070445,-1.167057268122452,-1.13264209064973,-1.161025971928632,-1.087682075587819,-1.135900982358999,-1.104806026254436,-1.093278444326752,-1.092582754301698,-1.089055419829761,-1.087782658923396,-1.081485452845126,-1.086354691377206,-1.070635551580118,-1.032569348067306,-1.017361784892795,-0.9955951021932727,-0.9554875659978685,-0.8423223175458909,-0.7309154720290865,NEGATIVE,1.0,0.0,4.0,2026-03-18 16:13:19,Random Forest
Sample_0473,-0.9516786092467078,0.9676990455166263,-5.032459927795201,-0.004174637655825854,1.906246177377963,-0.2375907760565696,-0.46,0.06,-0.4500440790054583,-0.3678391959798996,1.510220863833173,-5.894098720312055,0.372,0.05,-5.032459927795201,0.3758793969849246,1.028899061234392,-4.148324256812712,0.98,0.07,-3.174118313733052,0.9788944723618089,0.9980918680914783,-0.1971691504842654,-5.032459927795201,-3.174118313733052,-0.5836903510243909,-0.6800870074317288,-0.7834120592173606,-0.6063662325987921,-0.801682937933583,-0.3643098846223419,73.04012964845285,-72.14206344086706,10.28001375318134,0.04030994174525647,0.05727391624856204,1.420838477279661,0.002502405806410667,1666.971677057205,5.794164894295898,-0.2999173156117907,-0.3163156886720245,-0.2934108281194531,-0.2995478906810681,-0.3222116563142439,-0.3375397033739788,-0.3190108227127281,-0.3235515728699985,-0.3472367151296358,-0.3481528758322732,-0.3725120652876396,-0.3747832410818723,-0.3552691018047396,-0.3736108824512499,-0.3969809160093341,-0.3827550073354438,-0.4067553654515618,-0.3968966053163027,-0.3572604801982505,-0.4022181359990514,NEGATIVE,0.9,0.1,4.0,2026-03-18 16:13:19,Random Forest
Sample_0363,-0.9876605539995355,0.8226299501635961,-3.649505799694413,-0.01425485365145889,1.977877473216925,-4.192281490932348,-0.46,0.06,-3.539180057928669,-0.4683417085427136,1.251536261280736,-4.353391611836193,0.372,0.05,-3.649505799694413,0.3758793969849246,1.028993007681532,-3.101701795671866,0.98,0.07,-2.271021514657535,0.9788944723618089,0.9868739126427113,-3.536353751557783,-3.649505799694413,-2.271021514657535,-0.6441887974442798,-0.7004837950109248,-0.714425250656176,-0.5775277955666787,-0.6822426568103122,-0.1042377994305276,53.92657130192656,-50.79647864316691,11.64737489844041,0.9629920449918147,1.351606881352128,1.403549373415247,5.237229040921412,19.55318722306439,0.2202312597010554,-0.6290644153924735,-0.5985125287742036,-0.5917076137555886,-0.6034238929904632,-0.6245602205401336,-0.6011104429479048,-0.6151959127613623,-0.5844916828425222,-0.6232498708889718,-0.6283454580993669,-0.5957937100337667,-0.6341753511692935,-0.6267434056033931,-0.6332427281428138,-0.575355341093376,-0.5991827693112085,-0.6210512299291371,-0.4961371464533122,-0.5040267037434836,-0.428131103373321,NEGATIVE,0.99,0.01,4.0,2026-03-18 16:13:19,Random Forest
Sample_0325,-1.472795076044212,2.174797309280581,-9.209027645405332,-0.001698363162127209,2.957890423799686,-9.49212891884449,-0.46,0.06,-9.209027645405332,-0.4582914572864322,1.079179658110215,-5.955333013342765,0.372,0.05,-5.667044155980305,0.3658291457286431,1.199139574631431,-4.568663682453106,0.98,0.07,-4.332531437293247,0.9788944723618089,0.9980051823157012,-9.209027645405332,-5.647238987944852,-4.332531437293247,-0.3274508319641952,-0.2580469079757557,-0.2154740531755126,-0.005292224039622803,-0.1079490691183057,-0.006928415492308476,96.75173232728326,-99.5888604740884,20.01612561464036,1.593887176011422,2.077659810088662,1.303517489417189,49204.03160544218,1989.128884879398,21.54414603294156,-0.2419896252813399,-0.2350101302907952,-0.2616040717210099,-0.2174251781520975,-0.2508217018442134,-0.2487157013297257,-0.2399985830166783,-0.235863006399072,-0.2954851054623973,-0.2414927900940216,-0.2338325985158724,-0.2479647210755866,-0.2545029168930301,-0.2620721025084164,-0.2286083254729142,-0.1913768234963343,-0.1283461060577099,-0.09601449318589313,-0.00767549167045992,-0.1359097856681573,POSITIVE,0.86,0.86,4.0,2026-03-18 16:13:19,Random Forest
Sample_0432,-1.308330360969715,1.440469202635643,-6.777069700740451,-0.01252864715313994,2.622937341412137,-7.428648105295746,-0.46,0.06,-6.777069700740451,-0.4582914572864322,1.091812582610449,-4.468320221424491,0.372,0.05,-3.712692869704371,0.3758793969849246,1.043242936383737,-4.451476717302582,0.98,0.07,-3.657866564213828,0.9788944723618089,1.009013658808851,-6.777069700740451,-3.712692869704371,-3.657866564213828,-0.6788762942241622,-0.6942599967669435,-0.6654897589001162,-0.5374076474241516,-0.6222628331792349,-0.05090955431284588,74.95195699321579,-76.55264575321331,16.34844504402282,1.662514711832248,1.668805337433554,1.003783801464453,1396.894145606673,27.24196136747821,14.93908175849228,-0.6328971691225758,-0.5872627981809915,-0.6113402020551377,-0.6170169789111002,-0.6261562853694113,-0.6184241841538441,-0.6421198172774428,-0.6678100174003186,-0.6547808207732978,-0.6472060346943724,-0.6396477411270839,-0.5926603534033381,-0.6002100463969756,-0.6455620704743784,-0.6000971525576021,-0.5926145879756896,-0.5425098999620106,-0.4663234826081275,-0.4115131631132716,-0.2939693359852088,NEGATIVE,1.0,0.0,4.0,2026-03-18 16:13:19,Random Forest
Sample_0348,-0.646344715971846,0.8049822038070037,-3.72237726044932,-0.006783731920269098,1.295956428099693,-0.2147089641058586,-0.46,0.06,-0.2570948237727624,-0.377889447236181,1.865516159038621,-4.132477890552471,0.372,0.05,-3.72237726044932,0.3758793969849246,1.03721021205624,-3.229823354939852,0.98,0.07,-2.7891686098063,0.9688442211055277,1.097689463077155,-0.09175990556153349,-3.72237726044932,-2.788906549162372,-0.3685529089624559,-0.3949457340333967,-0.3516003301949469,-0.2345307213111658,-0.3240735579611121,-0.1151631873645983,50.72279211884513,-49.45352551816083,7.577010209598181,0.05195647013544075,0.06647699905243178,1.279474892715744,0.002603217898814382,10.33673354729089,0.3286404147975343,-0.2061154110851958,-0.197687023469895,-0.2047094216554526,-0.2026073603059561,-0.2123340580098982,-0.1873898338217211,-0.1809566959265069,-0.1966241799409324,-0.1837997928857896,-0.182462896583421,-0.1998918646697901,-0.1969341189125952,-0.2187943625867986,-0.2026247929882788,-0.2470444672927421,-0.2232190247136868,-0.2048132852684809,-0.1682390792597071,-0.211728064849255,-0.2434413233189081,NEGATIVE,1.0,0.0,4.0,2026-03-18 16:13:19,Random Forest
Sample_0087,-1.084874045300165,1.460928986130946,-6.871215190759185,-0.008434964841317491,2.17555318816869,-7.088163778830703,-0.46,0.06,-6.871215190759185,-0.4582914572864322,1.06895213081224,-3.451672561490044,0.372,0.05,-2.961337300324917,0.3658291457286431,1.225431838869175,-3.585393092793518,0.98,0.07,-2.787748528810294,0.9788944723618089,0.9741140937698005,-6.871215190759185,-2.925901828096469,-2.787748528810294,-0.3422614976468832,-0.3860216095160241,-0.3951992499948629,-0.4086052016117503,-0.5975438140011478,-0.4167644494105808,73.84355162624747,-70.39320392996807,14.12522943311427,2.053544666406836,1.976955830332132,0.9627040807401991,776.1182043085176,1.449585417300231,0.9981056561227213,-0.0905023878377235,-0.1034900826135427,-0.144146930718286,-0.1088175974141428,-0.1072377640162228,-0.07001891257114906,-0.08773043488099762,-0.09772882458635711,-0.1345566748858094,-0.1540384279888535,-0.1236281331100255,-0.1216023727615375,-0.1278881327888014,-0.100147794686434,-0.1344257290865673,-0.06267539229329797,-0.05070799721134,-0.02315053407791741,-0.07179715305457504,-0.1250580657220989,NEGATIVE,1.0,0.0,4.0,2026-03-18 16:13:19,Random Forest
Sample_0076,-1.199524548110936,1.589181215628648,-6.665683279626696,-0.004725340313728722,2.407136322565126,-7.081771140940299,-0.46,0.06,-6.665683279626696,-0.4582914572864322,1.09379493671065,-4.295320777859458,0.372,0.05,-4.086484217890364,0.3758793969849246,1.054370583018209,-3.829597639745824,0.98,0.07,-3.933042464652576,0.9788944723618089,1.025796793711113,-6.665683279626696,-4.086484217890364,-3.933042464652576,-0.3618611242779876,-0.3277314434965742,-0.2075507563730629,-0.03128214086563087,-0.1620679161174036,0.1442670876324142,70.69210916344129,-74.07076462191377,15.20668955854558,1.648717641169852,1.849220677243348,1.121611506462215,767.6014524114378,16.53663307254481,2.140552923052832,-0.5391126145896176,-0.5815626586348126,-0.5486338836766865,-0.5366475274388748,-0.5657706908188231,-0.5568728124730986,-0.5252839591453355,-0.5062311770938754,-0.5098965216434771,-0.5274579693119363,-0.5132603145694518,-0.5449253337784027,-0.5296940091823573,-0.4694027990433943,-0.4700796569673329,-0.413445496299177,-0.4279357072966132,-0.4008042273711946,-0.2719916841815081,-0.1611998568315242,NEGATIVE,1.0,0.0,4.0,2026-03-18 16:13:19,Random Forest
Sample_0439,-1.006136669496188,1.434384237283959,-6.381499950695613,-0.003967201322350525,2.019624317867251,-6.83882369182101,-0.46,0.06,-6.381499950695613,-0.4582914572864322,1.093487905687005,-1.69272588018975,0.372,0.05,-1.40080600295591,0.3658291457286431,1.281729059694942,-3.937745475277963,0.98,0.07,-3.806149151743025,0.9788944723618089,1.010370506408588,-6.381499950695613,-1.396517194897207,-3.806149151743025,-0.3876736950477235,-0.3552905801167228,-0.3007881812933386,-0.2170267197724652,-0.02910775567978535,0.2622285147082271,67.55216367440096,-69.88808487998227,12.46929504728872,4.040124731273322,1.736735839011601,0.4298718367698109,504.6801933077558,0.009058368314414204,3.00100409399968,-0.5369427861544152,-0.5197711550963061,-0.5277679322174529,-0.5072932222861039,-0.5486041343777952,-0.5264190665112914,-0.5499043091876681,-0.5318416121316777,-0.5197403009425505,-0.5164565711972086,-0.5163588651162007,-0.4698707823749374,-0.4973945687310736,-0.4887497146492691,-0.4856261852664578,-0.4654434025611396,-0.43564796253889,-0.3364080194237837,-0.2428495526526245,-0.1825543596163007,NEGATIVE,0.98,0.02,4.0,2026-03-18 16:13:19,Random Forest
Sample_0016,-0.9307963896956926,0.6303640388132737,-3.798007508541681,-0.01742090326342349,1.861371204297252,-1.259099572762728,-0.46,0.06,-0.5789002514549615,-0.5587939698492463,1.0,-4.750414009815785,0.372,0.05,-3.798007508541681,0.3758793969849246,1.044337872216788,-3.022384382342515,0.98,0.07,-2.047939404958254,0.9889447236180904,0.881282941216302,-0.4143048995299161,-3.798007508541681,-2.000061972900901,-0.901806913872254,-0.8943421925700833,-0.9049002162829698,-0.721531933766964,-0.9104548641966567,-0.06716704158813712,58.82841505525975,-59.15924709588267,9.031897964921027,0.2650504924751925,0.4165914766231211,1.571743831647896,0.03313710182617786,61.48077886205665,0.1718925141821536,-0.8856760699738296,-0.9065259975597877,-0.9047063420161243,-0.884908292726937,-0.9278354277433439,-0.91994000287117,-0.9154736679628425,-0.8838249207991448,-0.897864664706368,-0.8881809489774557,-0.9122475269351096,-0.8820822568837599,-0.8688282343279942,-0.8763230468837437,-0.8722382997269928,-0.8736192913565763,-0.892342306200703,-0.8755181004921099,-0.8517078025841037,-0.8412800253962713,NEGATIVE,1.0,0.0,4.0,2026-03-18 16:13:19,Random Forest
Sample_0362,-0.9615846839126923,1.440223096710357,-6.009600714814384,-0.006568535705753864,1.932119245674477,-6.166978510823675,-0.46,0.06,-6.009600714814384,-0.4582914572864322,1.078828475951523,-2.374712265929465,0.372,0.05,-2.176753979124492,0.3658291457286431,1.206064503491945,-3.994542834561331,0.98,0.07,-3.870886876290712,0.9688442211055277,1.091053393197384,-6.009600714814384,-2.172347762437835,-3.870593695379916,-0.1586798960696592,-0.1967952050906323,-0.1978919644940301,-0.05162482901158081,-0.02841636286412219,0.0119095180034957,62.60431715748717,-64.05059126104683,12.53623361131447,2.596937152893305,1.543850890135946,0.5944891228560951,158.264748161403,0.06481410169000762,3.583704601156186,-0.08298135593145409,-0.1337814771576108,-0.09961800766401967,-0.102354879449433,-0.07967209739165731,-0.1235524068184222,-0.1166797475849051,-0.1085306793558477,-0.1022616788278512,-0.115907978847951,-0.1282121263098373,-0.1126694595379472,-0.1431414485359546,-0.1083052489265663,-0.08263491519537206,-0.1051514693382435,-0.0180658523592946,-0.02660745412165114,-0.04577794205278795,-0.1437004195876769,NEGATIVE,0.99,0.01,4.0,2026-03-18 16:15:47,Random Forest
2026-03-18 16:16:11,Random Forest,0,0.01,0.99,4/4 Models,-6.167,-0.46,-6.0096,-0.4583,1.0788,-2.3747,0.372,-2.1768,0.3658,1.2061,-3.9945,0.98,-3.8709,0.9688,1.0911,12.5362,2.5969,1.5439,0.5945,158.2647,0.0648,3.5837,-0.9616,1.4402,-6.0096,-0.0066,1.9321,-6.0096,-2.1723,-3.8706,-0.1587,-0.1968,-0.1979,-0.0516,-0.0284,0.0119,62.6043,-64.0506,-0.083,-0.1338,-0.0996,-0.1024,-0.0797,-0.1236,-0.1167,-0.1085,-0.1023,-0.1159,-0.1282,-0.1127,-0.1431,-0.1083,-0.0826,-0.1052,-0.0181,-0.0266,-0.0458,-0.1437
Sample_0362,-0.9615846839126923,1.440223096710357,-6.009600714814384,-0.006568535705753864,1.932119245674477,-6.166978510823675,-0.46,0.06,-6.009600714814384,-0.4582914572864322,1.078828475951523,-2.374712265929465,0.372,0.05,-2.176753979124492,0.3658291457286431,1.206064503491945,-3.994542834561331,0.98,0.07,-3.870886876290712,0.9688442211055277,1.091053393197384,-6.009600714814384,-2.172347762437835,-3.870593695379916,-0.1586798960696592,-0.1967952050906323,-0.1978919644940301,-0.05162482901158081,-0.02841636286412219,0.0119095180034957,62.60431715748717,-64.05059126104683,12.53623361131447,2.596937152893305,1.543850890135946,0.5944891228560951,158.264748161403,0.06481410169000762,3.583704601156186,-0.08298135593145409,-0.1337814771576108,-0.09961800766401967,-0.102354879449433,-0.07967209739165731,-0.1235524068184222,-0.1166797475849051,-0.1085306793558477,-0.1022616788278512,-0.115907978847951,-0.1282121263098373,-0.1126694595379472,-0.1431414485359546,-0.1083052489265663,-0.08263491519537206,-0.1051514693382435,-0.0180658523592946,-0.02660745412165114,-0.04577794205278795,-0.1437004195876769,NEGATIVE,0.99,0.01,4.0,2026-03-18 16:17:24,Random Forest
Sample_0362,-0.9615846839126923,1.440223096710357,-6.009600714814384,-0.006568535705753864,1.932119245674477,-6.166978510823675,-0.46,0.06,-6.009600714814384,-0.4582914572864322,1.078828475951523,-2.374712265929465,0.372,0.05,-2.176753979124492,0.3658291457286431,1.206064503491945,-3.994542834561331,0.98,0.07,-3.870886876290712,0.9688442211055277,1.091053393197384,-6.009600714814384,-2.172347762437835,-3.870593695379916,-0.1586798960696592,-0.1967952050906323,-0.1978919644940301,-0.05162482901158081,-0.02841636286412219,0.0119095180034957,62.60431715748717,-64.05059126104683,12.53623361131447,2.596937152893305,1.543850890135946,0.5944891228560951,158.264748161403,0.06481410169000762,3.583704601156186,-0.08298135593145409,-0.1337814771576108,-0.09961800766401967,-0.102354879449433,-0.07967209739165731,-0.1235524068184222,-0.1166797475849051,-0.1085306793558477,-0.1022616788278512,-0.115907978847951,-0.1282121263098373,-0.1126694595379472,-0.1431414485359546,-0.1083052489265663,-0.08263491519537206,-0.1051514693382435,-0.0180658523592946,-0.02660745412165114,-0.04577794205278795,-0.1437004195876769,NEGATIVE,0.99,0.01,4.0,2026-03-18 16:25:46,Random Forest
Sample_0074,-1.15156586792421,1.83382011662609,-7.987180149256619,-0.0003311658480724556,2.311392866242539,-8.004411008076874,-0.46,0.06,-7.987180149256619,-0.4582914572864322,1.068090647109069,-1.836461787204623,0.372,0.05,-1.543197326210644,0.3758793969849246,0.9933695493461873,-4.970966213886118,0.98,0.07,-4.512140281247019,0.9788944723618089,0.9933435257326395,-7.987180149256619,-1.543197326210644,-4.512140281247019,-0.1254870021443383,-0.1867921838721553,-0.1978719686738495,-0.2647374524844202,-0.2480230150312633,-0.1683859958765547,82.50953358187175,-81.06136354488818,14.81183900916762,4.358604716878328,1.610232430411012,0.3694375918457399,3773.721716962681,0.0137141899179957,75.71716069513755,-0.1611973978328833,-0.1619487664815229,-0.1274644400088328,-0.1420675792545693,-0.1002239086960554,-0.1083684213462384,-0.0666226836966361,-0.1013451742718038,-0.118290229008589,-0.1366530573706071,-0.0891523949331628,-0.1323794543543932,-0.1099040602249038,-0.0758871725184922,-0.1144790233772791,-0.1323426258910934,-0.1521809729894364,-0.2071705067160595,-0.277612154905451,-0.4399989901001654,NEGATIVE,1.0,0.0,4.0,2026-03-18 16:25:46,Random Forest
Sample_0375,-0.5058508532690569,0.859124940870671,-3.934556875863473,-6.589717231682019e-05,1.013082183536578,-0.06153189997444608,-0.46,0.06,-0.1575770439234788,-0.5185929648241207,0.6592327686204437,-1.71861247304513,0.372,0.05,-1.488829604146626,0.3758793969849246,0.9807810170232841,-4.477384064786138,0.98,0.07,-3.934556875863473,0.9788944723618089,0.9912116140591413,-0.08843213551994666,-1.488829604146626,-3.934556875863473,-0.04021253206227211,-0.1005300505838946,-0.1602817760650442,-0.2495037895265163,-0.3110365046748791,-0.2235474989328986,41.09658046115421,-42.41656979675398,6.257528437805714,0.03580324298788578,0.01374282373012938,0.3838429869266127,0.004193606059825905,0.0097608876638906,16.19855754279148,-0.1449458929889725,-0.146510748165952,-0.1501208557948262,-0.1042557160846662,-0.1325018674944207,-0.1460290480939208,-0.1707299865443002,-0.1644133054754837,-0.1609403646439087,-0.1555595948089859,-0.1207797681563396,-0.1541802485339726,-0.1461809664690232,-0.1127921169934291,-0.1327579316694086,-0.1402734358816822,-0.1303513266858166,-0.1619809250533699,-0.1420325272270398,-0.141473680047552,NEGATIVE,1.0,0.0,4.0,2026-03-18 16:25:46,Random Forest
Sample_0156,-0.9286682272581017,0.6722547754464986,-3.24791175682078,-0.04289311915104609,1.858976349465733,-1.885020501177615,-0.46,0.06,-1.309344985597259,-0.4683417085427136,1.290860602734847,-4.173248214160771,0.372,0.05,-3.24791175682078,0.3758793969849246,1.027958403624504,-4.139932059741341,0.98,0.07,-3.009849746215779,0.9788944723618089,1.001861910826071,-1.270801549523776,-3.24791175682078,-3.009849746215779,-0.7215421820143264,-0.797877761437933,-0.8706765446932654,-0.7911465586720903,-0.8656847164135059,-0.3485812595180084,53.70353970747162,-51.55088456093688,10.19820077507973,0.4516914414008051,0.4553264338582863,1.008047512359783,0.09761591187415117,11.62716813348696,5.644219310349473,-0.4169174202618499,-0.4228460559834906,-0.4440956551815822,-0.442010971021545,-0.4496294042106974,-0.4585427190094808,-0.476559689416909,-0.4707001287488632,-0.4718950533400926,-0.489815882277406,-0.4906008505205321,-0.4864334071917593,-0.5127299630910483,-0.5084883734161255,-0.5237546072744156,-0.5300353338649928,-0.5078191320662115,-0.4661708835440076,-0.4682632181418552,-0.4666773981953288,NEGATIVE,1.0,0.0,4.0,2026-03-18 16:25:46,Random Forest
Sample_0105,-1.419553600819388,1.697563200725689,-8.238680864901532,-0.003381728575153953,2.846631864811041,-8.987356053346147,-0.46,0.06,-8.238680864901532,-0.4582914572864322,1.082954123140306,-5.242252197565781,0.372,0.05,-4.441019970386908,0.3758793969849246,1.039906619132458,-3.67687976114502,0.98,0.07,-2.878138138026259,0.9788944723618089,0.994938163782956,-8.238680864901532,-4.441019970386908,-2.878138138026259,-0.7653476352006566,-0.7679609543032959,-0.7225595175210926,-0.5685419939055916,-0.6508071249743675,-0.06122503988172867,94.10426309581068,-93.23104075377623,17.90648801205695,1.714407417773489,2.444288809310258,1.425733920636362,20587.81394866162,254.1428768882398,1.328343500246859,-0.6096245752973187,-0.6314534192664489,-0.616257362260797,-0.623901444498687,-0.6684465922407702,-0.6535708418199176,-0.655327926260259,-0.6465658011904497,-0.655833651965422,-0.6561165278010974,-0.6516930921404995,-0.6472515404369303,-0.6460343832364178,-0.6289803010340758,-0.6460729691137397,-0.5947968094449281,-0.6082284867337318,-0.4868336631973089,-0.4036493130460682,-0.2812726760751846,NEGATIVE,0.99,0.01,4.0,2026-03-18 16:25:46,Random Forest
Sample_0395,-0.9924515736192202,0.6726394037590312,-3.306090913465369,-0.01122640047535562,1.985789986743484,-2.938862025187089,-0.46,0.06,-2.352296835176997,-0.4582914572864322,1.081765598122408,-3.350682747787754,0.372,0.05,-2.34806284324671,0.3658291457286431,1.271114781080647,-4.535480031523795,0.98,0.07,-3.306090913465369,0.9788944723618089,0.9777870484882415,-2.352296835176997,-2.320719079408401,-3.306090913465369,-0.7076509147900514,-0.820699852589888,-0.9061959106900709,-0.9235059721175561,-0.9825158838035222,-0.4686901199354276,44.82487601566355,-42.08046138945749,10.82502480449864,0.8770934900140681,0.6479715498162414,0.7387713592605142,0.6018756389396566,1.083153880952177,19.42244845908692,-0.4355209229319901,-0.444460865892463,-0.4354238651262167,-0.4575231588141922,-0.4343467775334079,-0.4346999354149152,-0.4319851407805418,-0.4636745862682757,-0.4432285214162685,-0.4840653620645438,-0.494578881665384,-0.4531701311815511,-0.4868374545047838,-0.4742888948685808,-0.4930937288494008,-0.4744937743183,-0.459869521871035,-0.4618732613363535,-0.418191915572059,-0.3885668725286044,NEGATIVE,0.99,0.01,4.0,2026-03-18 16:25:46,Random Forest
Sample_0378,-0.9286980403621474,0.9521651725744975,-4.086767079578483,-0.001915032087054125,1.862075435706403,-0.4498352582203844,-0.46,0.06,-0.6682675357327399,-0.5587939698492463,1.0,-4.127753224178841,0.372,0.05,-3.582154514985719,0.3758793969849246,1.0669944910783,-4.317569358269138,0.98,0.07,-4.086767079578483,0.9788944723618089,1.017758461167693,-0.3197946826203414,-3.582154514985719,-4.086767079578483,-0.6840373894143935,-0.6349301947032563,-0.540501345308961,-0.274839793471074,-0.1706817308987155,0.394069012553007,49.62269696896445,-54.64400279412136,8.895157840668363,0.1089782343540832,0.1041871527457565,0.956036343984433,0.001734818038940762,10.1967714919585,9.831763480989334,-0.8571712321953974,-0.8552717627492157,-0.8674553772094076,-0.858069902870671,-0.8316444046604304,-0.8430818265836663,-0.8515071594756431,-0.826014133516192,-0.8463791683948855,-0.8246334480409692,-0.910048041482943,-0.8655355581029215,-0.8422089709175646,-0.8494248349834792,-0.8631638293905843,-0.8518054741750213,-0.8242206087319794,-0.8125398395744411,-0.8114470998016402,-0.7942194512799974,NEGATIVE,1.0,0.0,4.0,2026-03-18 16:25:46,Random Forest
Sample_0125,-0.9909509973709494,0.8594503592174663,-3.926499212501736,-0.023720957178373,1.985063572668887,-1.734330698254484,-0.46,0.06,-0.8121910316087235,-0.4683417085427136,1.216438690130156,-4.677393200906003,0.372,0.05,-3.926499212501736,0.3758793969849246,1.058525787141804,-4.11425693368628,0.98,0.07,-3.595545850346628,0.9788944723618089,1.015087598499095,-0.796171793013257,-3.926499212501736,-3.595545850346628,-0.8378809287084505,-0.8717821000558778,-0.7770276842214937,-0.4893727774618232,-0.3831601102285009,0.3104700988216365,57.64071111074281,-55.91682369651209,10.52598083284677,0.3707900156691011,0.4215416601851755,1.136874355757643,0.07525922535769528,49.8006014230187,5.209146019352117,-0.986844092457206,-0.9492254708688063,-0.9430498554845419,-0.9889340921521602,-0.9619167982424282,-0.9716970308005229,-0.9647638170377436,-0.9487146219322667,-0.9471509626474138,-0.9321350460746414,-0.956857603116887,-0.9490373261261977,-0.9508659455085124,-0.9026622893105891,-0.9483186070670565,-0.9186006574712916,-0.8829153468315153,-0.8805686439871194,-0.8790438825925483,-0.8518040005182426,NEGATIVE,1.0,0.0,4.0,2026-03-18 16:25:46,Random Forest
Sample_0069,-0.8557354285384232,0.6958785700985236,-3.265350702008923,-0.02017632804028725,1.713970130435624,-0.09741111295739646,-0.46,0.06,-0.7201064178712773,-0.5487437185929649,0.8940272826257019,-3.881546529151049,0.372,0.05,-3.265350702008923,0.3658291457286431,1.265214942543446,-3.567627595923764,0.98,0.07,-3.062084820538671,0.9788944723618089,0.9968111989474177,-0.5905718487592347,-3.222077441969738,-3.062084820538671,-0.6763177965464426,-0.6442072001020188,-0.6851913688394683,-0.4374656280567343,-0.4129536180238693,0.07398670410012784,47.02918712427157,-48.08374956395821,7.546585238032209,0.02509595395181356,0.02730417072361888,1.087990947705965,0.004461527691935567,5.011099128209816,0.9442160206383463,-0.6810444334401778,-0.7003325267649567,-0.6639646448961509,-0.6988299457249674,-0.7346083521012181,-0.6901379840351747,-0.6942954629003149,-0.7185856482684755,-0.7013760419771563,-0.7251576010206183,-0.7102156452190146,-0.7259486968496591,-0.670167748385082,-0.698643991183681,-0.6735593097151937,-0.6954439447999138,-0.7172915048962283,-0.7073412839683544,-0.7011050845693563,-0.7444448096897631,NEGATIVE,0.98,0.02,4.0,2026-03-18 16:25:46,Random Forest
Sample_0451,-1.255396680755549,1.260122451323914,-6.684816711232635,-0.004570412991751593,2.514394169394643,-7.595518530384489,-0.46,0.06,-6.684816711232635,-0.4582914572864322,1.092249108390905,-3.937050775894913,0.372,0.05,-3.072707647668182,0.3658291457286431,1.297011900099185,-2.934223917939822,0.98,0.07,-2.129057309186,0.9788944723618089,1.012532460852371,-6.684816711232635,-3.055977371310325,-2.129057309186,-0.8847791402614067,-0.867134752789797,-0.87957688978299,-0.6773905453634818,-0.7308072952943138,0.06625116359329997,77.1827726657522,-81.18141199330722,14.46679322421922,1.929240683632785,2.5885953978991,1.34176902854067,1863.175526317896,5.881487628559332,0.1305077349595946,-0.9633674599362932,-1.020613027213236,-0.9880346523983428,-0.9952753548182944,-1.00436884875997,-0.9706618946132816,-0.9787443661765444,-0.9784322129525996,-0.960213763692964,-0.9556775689302519,-0.9702232530788393,-0.9554175832190325,-0.9763132827989363,-0.9316340008455917,-0.9135072178322154,-0.9106223853675528,-0.8607223663020885,-0.8081976052896875,-0.7075763906667865,-0.6121578918921247,NEGATIVE,0.97,0.03,4.0,2026-03-18 16:25:46,Random Forest
Sample_0010,-1.210414422171368,1.576189046653897,-6.302890634534092,-0.001903337069675853,2.428614465525691,-6.85835719384628,-0.46,0.06,-6.302890634534092,-0.4582914572864322,1.097503928930186,-4.142206579385373,0.372,0.05,-4.043749591277206,0.3658291457286431,1.210830708536117,-4.251399653378957,0.98,0.07,-4.342644637346752,0.9788944723618089,1.010234615686601,-6.302890634534092,-4.026459890143674,-4.342644637346752,-0.3641498229839478,-0.2703764058498843,-0.1479020657077144,-0.1683611971655731,-0.2169477086123175,0.2577223183730919,71.34890373554377,-67.60269171314063,15.25196342661061,1.65572553237167,1.613199829001102,0.9743159705282474,521.9862533046434,10.63101328546565,7.995560597605544,-0.6934674328404291,-0.6862744248448827,-0.6710498800518361,-0.6715514126159394,-0.6758819351836618,-0.6576746408417513,-0.6532072343614765,-0.6559133508961034,-0.6811468549148572,-0.6661639126542301,-0.6454820548575406,-0.6076306866322699,-0.6309924663504232,-0.644356618685578,-0.6166635327746186,-0.6124573693547184,-0.5998059527174214,-0.5273830105088182,-0.4173506981305452,-0.2951025131952593,NEGATIVE,1.0,0.0,4.0,2026-03-18 16:25:46,Random Forest
Sample_0195,-0.5619537913547261,0.8304416812510526,-3.090911607455083,-0.003349388621924396,1.128322750261698,-2.919932573678616,-0.46,0.06,-2.762410331546842,-0.4582914572864322,1.087260151101825,-0.9895137868333999,0.372,0.05,-0.8785342121296404,0.385929648241206,0.8798009235148928,-3.11062600246968,0.98,0.07,-3.090911607455083,0.9788944723618089,1.006526442236788,-2.762410331546842,-0.8441451071561735,-3.090911607455083,-0.1785273141825506,-0.1040443637165852,-0.0833605499987236,-0.01842427397288451,-0.06073596720669172,0.1081079570345064,33.12925034715088,-33.56606602617714,7.020072362981695,2.950876089380079,0.9386961246258267,0.3181076047225787,0.5825279553592048,0.001190780771355515,0.2264580647771711,-0.2307525769407964,-0.2248967091953357,-0.2360675073110904,-0.2073084863951142,-0.2105587920714035,-0.2151804140165975,-0.2023215167835328,-0.2154553276738328,-0.2215129882347518,-0.1577585985184965,-0.1939651387748457,-0.2315168484309528,-0.2165224252125403,-0.1670535172813945,-0.1748293100521746,-0.1798875070958585,-0.1427536763527036,-0.1493469573194964,-0.1143661309073331,-0.07312364909447346,NEGATIVE,0.99,0.01,4.0,2026-03-18 16:25:46,Random Forest
Sample_0407,-1.012509667235223,1.300540510854851,-5.504179561842704,-0.0128917067018151,2.03114584403332,-3.455366959057871,-0.46,0.06,-3.427762974280213,-0.4582914572864322,1.066254842011131,-5.903163111186529,0.372,0.05,-5.504179561842704,0.3758793969849246,1.024629473050898,-4.354893251450432,0.98,0.07,-3.689764237767265,0.9788944723618089,0.9919856488989971,-3.427762974280213,-5.504179561842704,-3.689764237767265,-0.1796908441314742,-0.2293000810726606,-0.330675298551906,-0.1716905434617412,-0.453444809264701,-0.2857882240760489,73.05725567212107,-72.08577326543356,13.71342332169483,0.5853416031330609,0.7934446976184856,1.35552418172832,1.467884461969388,1711.1461589731,11.04776493977563,-0.1171337416532222,-0.07658803232970693,-0.04800426219869299,-0.09458229758354855,-0.09252942119790225,-0.0861517896628571,-0.06855309967663092,-0.1065159466664752,-0.07045577544432714,-0.07254404403465992,-0.09398518777668784,-0.06116858315249105,-0.03117940641282081,-0.04042307255996458,-0.01591952813443168,-0.04920023316343212,-0.06981244025002463,-0.1052733361928887,-0.1028121940842056,-0.1498322976378593,NEGATIVE,0.98,0.02,4.0,2026-03-18 16:25:46,Random Forest
Sample_0085,-1.099331061675031,1.380792904010729,-5.712090789283912,-0.01860866704394078,2.204504855802754,-2.620609980956429,-0.46,0.06,-1.969041669756074,-0.4582914572864322,1.168727252102114,-6.000074076794768,0.372,0.05,-5.712090789283912,0.3758793969849246,1.057457784848683,-4.655324093370336,0.98,0.07,-4.762823719288886,0.9788944723618089,1.025048963398057,-1.969041669756074,-5.712090789283912,-4.762823719288886,-0.5696515397712203,-0.4132375311879489,-0.2751490457221099,-0.1404879156067773,-0.1651082098505454,0.2127407982860948,74.47935104975109,-72.15189362229613,13.27600815112153,0.4367629378263203,0.5629275058826624,1.288862806638854,0.3474857642788026,2263.233795439577,28.24324835656238,-0.7307199809183178,-0.7043564894945865,-0.7457359567502884,-0.7345818288948842,-0.7225806577929895,-0.715447940840058,-0.691008580096701,-0.7305348874821458,-0.7333236474130667,-0.6961926834514204,-0.6917247116743535,-0.6535877811036439,-0.6686690273973905,-0.6458647292894437,-0.6435275233677848,-0.6479516725941763,-0.6370039090090892,-0.6261428092122683,-0.6279982917872632,-0.521426162714552,NEGATIVE,1.0,0.0,4.0,2026-03-18 16:25:46,Random Forest
Sample_0372,-0.6766884118881805,0.5504599238942506,-2.924284796298837,-0.002300365779632663,1.353252692263426,-0.5037300330397794,-0.46,0.06,-0.3131678140727981,-0.3678391959798996,2.951793798434607,-1.892446303664222,0.372,0.05,-1.122132015913725,0.3758793969849246,1.019968090656843,-3.966418371380345,0.98,0.07,-2.924284796298837,0.9889447236180904,0.8718104202968278,-0.1129346972504496,-1.122132015913725,-2.922203065623489,-0.5598386748175734,-0.5922523230612686,-0.6823759656347049,-0.6990760242291064,-0.7780653072553411,-0.4135037171418915,40.55523777929169,-36.62314914557353,6.362594708084346,0.2661793003396922,0.1269987141735826,0.4771171688088052,0.001580713086230344,0.01611855832497824,3.282248566116711,-0.2755357802833177,-0.3171670398556209,-0.2884821391127475,-0.3132316901098642,-0.2964756017012178,-0.3616646976572128,-0.3440061573636948,-0.3279450578805262,-0.3195444294828458,-0.3498772514586444,-0.3573310329399553,-0.3193943136735455,-0.3388422709378421,-0.3515278552304097,-0.3422966829949699,-0.3630143573246654,-0.3928605274081707,-0.3463632808318242,-0.3566412960684028,-0.3110456534867615,NEGATIVE,1.0,0.0,4.0,2026-03-18 16:25:46,Random Forest
Sample_0389,-1.350727857418114,1.61440728656575,-6.65617874245784,-0.01758678834149171,2.710410205259315,-7.312367273118122,-0.46,0.06,-6.65617874245784,-0.4582914572864322,1.097851180207805,-5.089552741051218,0.372,0.05,-4.735943489188745,0.3758793969849246,1.067142549921863,-4.516119916004858,0.98,0.07,-4.43473938281185,0.9788944723618089,1.003093724106799,-6.65617874245784,-4.735943489188745,-4.43473938281185,-0.5680899064531796,-0.5978061923519719,-0.4679068573089568,-0.07741559917327333,-0.01758678834149171,0.3959371851323042,72.51429508144017,-75.41851583527857,16.9180399301742,1.436740642087893,1.619170307503025,1.126974667571193,1142.869010133384,163.5781301193966,18.28248240722142,-0.8556932454533238,-0.8568356773613021,-0.8279782317584811,-0.8124081382386719,-0.8253364945666409,-0.800074718715957,-0.8019194799068331,-0.7785675723472327,-0.8301607241646399,-0.8370371681588674,-0.7755909355010251,-0.7734139414286663,-0.7795666251900123,-0.7920074274310872,-0.7155701552445423,-0.7136821139615154,-0.7079096927537551,-0.6163917006886085,-0.575557757341823,-0.4458973246865048,NEGATIVE,0.99,0.01,4.0,2026-03-18 16:25:46,Random Forest
Sample_0496,-0.8731416702739905,0.9486653682154443,-3.708505135370327,-0.007322480923949645,1.75088997474496,-3.072781621100918,-0.46,0.06,-2.665792443510928,-0.4582914572864322,1.108264271259329,-3.726673640409346,0.372,0.05,-3.315695530897306,0.3758793969849246,1.047576105879924,-4.099321444250798,0.98,0.07,-3.708505135370327,0.9788944723618089,1.000643709832503,-2.665792443510928,-3.315695530897306,-3.708505135370327,-0.4110133100871691,-0.4151586287740163,-0.3912861277206535,-0.2721563340203613,-0.2719794284028421,0.07308793008930288,45.20538594004901,-46.24429921710473,10.89877670576106,0.8245373535750226,0.7495829890116136,0.9090952468818757,0.7583964085413056,3.205211499722422,4.971658404080524,-0.4878694977639083,-0.468126898165745,-0.4473781829988113,-0.4845419809309415,-0.4550512621978919,-0.5136365081779851,-0.4539670788641995,-0.47374044469626,-0.4715469056064924,-0.479515118180338,-0.5169329535371057,-0.4636356705817992,-0.4575723094947347,-0.4640026009484877,-0.4754023632154582,-0.4479777742077926,-0.4577066482477581,-0.4597871721232226,-0.3784211845781176,-0.3572351396644225,NEGATIVE,1.0,0.0,4.0,2026-03-18 16:25:46,Random Forest
Sample_0031,-0.9460536728948867,1.035071918611418,-5.215544652802518,-0.006100311062516944,1.895387301443706,-5.785525303099033,-0.46,0.06,-5.215544652802518,-0.4582914572864322,1.094164796060345,-2.287414030094038,0.372,0.05,-1.701643043801512,0.3758793969849246,1.070736406599206,-3.156145245635098,0.98,0.07,-2.568107593427412,0.9889447236180904,0.9200942608772432,-5.215544652802518,-1.701643043801512,-2.556924075551679,-0.5802212451158945,-0.5391668791219603,-0.5639469555932753,-0.4169507550461493,-0.4613867184327347,0.04786625057556113,58.95954318233421,-60.30511429503164,11.22908457882817,2.529286446171349,1.833098559421601,0.7247492913253906,81.92892542108204,0.05038174676490613,0.2610662148759867,-0.6675643359041016,-0.6589506942461136,-0.6749719929085644,-0.6469095369234596,-0.6573198885129281,-0.6134595855306384,-0.6341186187524532,-0.6412288607945164,-0.662323071094462,-0.6229182809080032,-0.6094053918576603,-0.6358849366745616,-0.6265796969559122,-0.5880733258087236,-0.5720110189889446,-0.5735341072584084,-0.5566281261280904,-0.5418566109313049,-0.4360578195874744,-0.3641682708162344,NEGATIVE,1.0,0.0,4.0,2026-03-18 16:25:46,Random Forest
Sample_0317,-0.9363578484330304,0.8392061115706375,-3.507504168660329,-0.01530694005383053,1.87668964839558,-3.666152466395971,-0.46,0.06,-2.842385554472654,-0.4683417085427136,1.334838995490549,-4.049965225121511,0.372,0.05,-3.507504168660329,0.3658291457286431,1.274423931052867,-3.245721657008781,0.98,0.07,-2.94836847935448,0.9788944723618089,1.023702310668037,-2.808050008680389,-3.491555096950527,-2.94836847935448,-0.6793026315700484,-0.6581082170096482,-0.5414292232014586,-0.2711966810670478,-0.2773065383457782,0.3609337819565663,49.64049982750998,-47.60143596911053,10.96183934852626,0.9052306038716604,1.12953384603369,1.247785747855505,2.112039317891595,8.146742535894445,0.3453763652504008,-0.9018834532024423,-0.9369863958426243,-0.9011222782855535,-0.8962668974311887,-0.8480877215065409,-0.8820495680848666,-0.9132429327605243,-0.9054159052063542,-0.8817831015065585,-0.912040779730236,-0.8513862367370769,-0.8834044843120219,-0.8572904092455502,-0.8779695637475746,-0.8238473286882128,-0.8267071643161799,-0.7418874746709554,-0.7554737012514384,-0.7062533939271975,-0.6532768744312587,NEGATIVE,0.94,0.06,4.0,2026-03-18 16:25:46,Random Forest
Sample_0409,-1.447305589434731,1.553725566846428,-7.912739470330787,-0.002398826877628185,2.900501599507258,-8.964043095953265,-0.46,0.06,-7.912739470330787,-0.4582914572864322,1.094600891830343,-3.677845642715337,0.372,0.05,-2.785981690631936,0.3758793969849246,1.045212640462302,-4.343544002986962,0.98,0.07,-3.617181588422093,0.9788944723618089,1.005394296838604,-7.912739470330787,-2.785981690631936,-3.617181588422093,-0.9579952098038931,-0.9692640499148163,-0.8935625206849955,-0.7424754483459788,-0.604699378039143,0.1930975433729096,89.9275660474552,-97.1494354649513,16.98543274165556,2.437308132740218,2.063762469031944,0.8467384329907011,19775.80881511045,2.783996758063306,10.66289600736796,-1.054306279347003,-1.028002893885351,-1.058123595089933,-1.046472301226256,-1.074818201387297,-1.032760995215161,-1.057938179069124,-1.007748267695199,-1.027739240260448,-0.9954068368449303,-1.055078182773831,-1.038463342537266,-1.024344535045762,-1.013080435586171,-1.051500804007488,-0.9857390066014848,-0.9270607461324689,-0.8231478798148335,-0.7458570302642166,-0.6595229362945445,NEGATIVE,1.0,0.0,4.0,2026-03-18 16:25:46,Random Forest
Sample_0362,-0.9615846839126923,1.440223096710357,-6.009600714814384,-0.006568535705753864,1.932119245674477,-6.166978510823675,-0.46,0.06,-6.009600714814384,-0.4582914572864322,1.078828475951523,-2.374712265929465,0.372,0.05,-2.176753979124492,0.3658291457286431,1.206064503491945,-3.994542834561331,0.98,0.07,-3.870886876290712,0.9688442211055277,1.091053393197384,-6.009600714814384,-2.172347762437835,-3.870593695379916,-0.1586798960696592,-0.1967952050906323,-0.1978919644940301,-0.05162482901158081,-0.02841636286412219,0.0119095180034957,62.60431715748717,-64.05059126104683,12.53623361131447,2.596937152893305,1.543850890135946,0.5944891228560951,158.264748161403,0.06481410169000762,3.583704601156186,-0.08298135593145409,-0.1337814771576108,-0.09961800766401967,-0.102354879449433,-0.07967209739165731,-0.1235524068184222,-0.1166797475849051,-0.1085306793558477,-0.1022616788278512,-0.115907978847951,-0.1282121263098373,-0.1126694595379472,-0.1431414485359546,-0.1083052489265663,-0.08263491519537206,-0.1051514693382435,-0.0180658523592946,-0.02660745412165114,-0.04577794205278795,-0.1437004195876769,NEGATIVE,0.99,0.01,4.0,2026-03-18 16:28:28,Random Forest
2026-03-18 16:28:57,Random Forest,0,0.01,0.99,4/4 Models,-6.167,-0.46,-6.0096,-0.4583,1.0788,-2.3747,0.372,-2.1768,0.3658,1.2061,-3.9945,0.98,-3.8709,0.9688,1.0911,12.5362,2.5969,1.5439,0.5945,158.2647,0.0648,3.5837,-0.9616,1.4402,-6.0096,-0.0066,1.9321,-6.0096,-2.1723,-3.8706,-0.1587,-0.1968,-0.1979,-0.0516,-0.0284,0.0119,62.6043,-64.0506,-0.083,-0.1338,-0.0996,-0.1024,-0.0797,-0.1236,-0.1167,-0.1085,-0.1023,-0.1159,-0.1282,-0.1127,-0.1431,-0.1083,-0.0826,-0.1052,-0.0181,-0.0266,-0.0458,-0.1437
2026-03-18 16:29:02,Random Forest,0,0.01,0.99,4/4 Models,-6.167,-0.46,-6.0096,-0.4583,1.0788,-2.3747,0.372,-2.1768,0.3658,1.2061,-3.9945,0.98,-3.8709,0.9688,1.0911,12.5362,2.5969,1.5439,0.5945,158.2647,0.0648,3.5837,-0.9616,1.4402,-6.0096,-0.0066,1.9321,-6.0096,-2.1723,-3.8706,-0.1587,-0.1968,-0.1979,-0.0516,-0.0284,0.0119,62.6043,-64.0506,-0.083,-0.1338,-0.0996,-0.1024,-0.0797,-0.1236,-0.1167,-0.1085,-0.1023,-0.1159,-0.1282,-0.1127,-0.1431,-0.1083,-0.0826,-0.1052,-0.0181,-0.0266,-0.0458,-0.1437
Sample_0362,-0.9615846839126923,1.440223096710357,-6.009600714814384,-0.006568535705753864,1.932119245674477,-6.166978510823675,-0.46,0.06,-6.009600714814384,-0.4582914572864322,1.078828475951523,-2.374712265929465,0.372,0.05,-2.176753979124492,0.3658291457286431,1.206064503491945,-3.994542834561331,0.98,0.07,-3.870886876290712,0.9688442211055277,1.091053393197384,-6.009600714814384,-2.172347762437835,-3.870593695379916,-0.1586798960696592,-0.1967952050906323,-0.1978919644940301,-0.05162482901158081,-0.02841636286412219,0.0119095180034957,62.60431715748717,-64.05059126104683,12.53623361131447,2.596937152893305,1.543850890135946,0.5944891228560951,158.264748161403,0.06481410169000762,3.583704601156186,-0.08298135593145409,-0.1337814771576108,-0.09961800766401967,-0.102354879449433,-0.07967209739165731,-0.1235524068184222,-0.1166797475849051,-0.1085306793558477,-0.1022616788278512,-0.115907978847951,-0.1282121263098373,-0.1126694595379472,-0.1431414485359546,-0.1083052489265663,-0.08263491519537206,-0.1051514693382435,-0.0180658523592946,-0.02660745412165114,-0.04577794205278795,-0.1437004195876769,NEGATIVE,0.99,0.01,4.0,2026-03-18 16:29:14,Random Forest
2026-03-18 16:29:21,Random Forest,0,0.01,0.99,4/4 Models,-6.167,-0.46,-6.0096,-0.4583,1.0788,-2.3747,0.372,-2.1768,0.3658,1.2061,-3.9945,0.98,-3.8709,0.9688,1.0911,12.5362,2.5969,1.5439,0.5945,158.2647,0.0648,3.5837,-0.9616,1.4402,-6.0096,-0.0066,1.9321,-6.0096,-2.1723,-3.8706,-0.1587,-0.1968,-0.1979,-0.0516,-0.0284,0.0119,62.6043,-64.0506,-0.083,-0.1338,-0.0996,-0.1024,-0.0797,-0.1236,-0.1167,-0.1085,-0.1023,-0.1159,-0.1282,-0.1127,-0.1431,-0.1083,-0.0826,-0.1052,-0.0181,-0.0266,-0.0458,-0.1437
Sample_0362,-0.9615846839126923,1.440223096710357,-6.009600714814384,-0.006568535705753864,1.932119245674477,-6.166978510823675,-0.46,0.06,-6.009600714814384,-0.4582914572864322,1.078828475951523,-2.374712265929465,0.372,0.05,-2.176753979124492,0.3658291457286431,1.206064503491945,-3.994542834561331,0.98,0.07,-3.870886876290712,0.9688442211055277,1.091053393197384,-6.009600714814384,-2.172347762437835,-3.870593695379916,-0.1586798960696592,-0.1967952050906323,-0.1978919644940301,-0.05162482901158081,-0.02841636286412219,0.0119095180034957,62.60431715748717,-64.05059126104683,12.53623361131447,2.596937152893305,1.543850890135946,0.5944891228560951,158.264748161403,0.06481410169000762,3.583704601156186,-0.08298135593145409,-0.1337814771576108,-0.09961800766401967,-0.102354879449433,-0.07967209739165731,-0.1235524068184222,-0.1166797475849051,-0.1085306793558477,-0.1022616788278512,-0.115907978847951,-0.1282121263098373,-0.1126694595379472,-0.1431414485359546,-0.1083052489265663,-0.08263491519537206,-0.1051514693382435,-0.0180658523592946,-0.02660745412165114,-0.04577794205278795,-0.1437004195876769,NEGATIVE,0.99,0.01,4.0,2026-03-18 16:29:27,Random Forest
2026-03-18 16:29:32,Random Forest,0,0.01,0.99,4/4 Models,-6.167,-0.46,-6.0096,-0.4583,1.0788,-2.3747,0.372,-2.1768,0.3658,1.2061,-3.9945,0.98,-3.8709,0.9688,1.0911,12.5362,2.5969,1.5439,0.5945,158.2647,0.0648,3.5837,-0.9616,1.4402,-6.0096,-0.0066,1.9321,-6.0096,-2.1723,-3.8706,-0.1587,-0.1968,-0.1979,-0.0516,-0.0284,0.0119,62.6043,-64.0506,-0.083,-0.1338,-0.0996,-0.1024,-0.0797,-0.1236,-0.1167,-0.1085,-0.1023,-0.1159,-0.1282,-0.1127,-0.1431,-0.1083,-0.0826,-0.1052,-0.0181,-0.0266,-0.0458,-0.1437
Sample_0362,-0.9615846839126923,1.440223096710357,-6.009600714814384,-0.006568535705753864,1.932119245674477,-6.166978510823675,-0.46,0.06,-6.009600714814384,-0.4582914572864322,1.078828475951523,-2.374712265929465,0.372,0.05,-2.176753979124492,0.3658291457286431,1.206064503491945,-3.994542834561331,0.98,0.07,-3.870886876290712,0.9688442211055277,1.091053393197384,-6.009600714814384,-2.172347762437835,-3.870593695379916,-0.1586798960696592,-0.1967952050906323,-0.1978919644940301,-0.05162482901158081,-0.02841636286412219,0.0119095180034957,62.60431715748717,-64.05059126104683,12.53623361131447,2.596937152893305,1.543850890135946,0.5944891228560951,158.264748161403,0.06481410169000762,3.583704601156186,-0.08298135593145409,-0.1337814771576108,-0.09961800766401967,-0.102354879449433,-0.07967209739165731,-0.1235524068184222,-0.1166797475849051,-0.1085306793558477,-0.1022616788278512,-0.115907978847951,-0.1282121263098373,-0.1126694595379472,-0.1431414485359546,-0.1083052489265663,-0.08263491519537206,-0.1051514693382435,-0.0180658523592946,-0.02660745412165114,-0.04577794205278795,-0.1437004195876769,NEGATIVE,0.99,0.01,4.0,2026-03-18 16:29:35,Random Forest
2026-03-18 16:30:15,Random Forest,0,0.01,0.99,4/4 Models,-6.167,-0.46,-6.0096,-0.4583,1.0788,-2.3747,0.372,-2.1768,0.3658,1.2061,-3.9945,0.98,-3.8709,0.9688,1.0911,12.5362,2.5969,1.5439,0.5945,158.2647,0.0648,3.5837,-0.9616,1.4402,-6.0096,-0.0066,1.9321,-6.0096,-2.1723,-3.8706,-0.1587,-0.1968,-0.1979,-0.0516,-0.0284,0.0119,62.6043,-64.0506,-0.083,-0.1338,-0.0996,-0.1024,-0.0797,-0.1236,-0.1167,-0.1085,-0.1023,-0.1159,-0.1282,-0.1127,-0.1431,-0.1083,-0.0826,-0.1052,-0.0181,-0.0266,-0.0458,-0.1437
Sample_0362,-0.9615846839126923,1.440223096710357,-6.009600714814384,-0.006568535705753864,1.932119245674477,-6.166978510823675,-0.46,0.06,-6.009600714814384,-0.4582914572864322,1.078828475951523,-2.374712265929465,0.372,0.05,-2.176753979124492,0.3658291457286431,1.206064503491945,-3.994542834561331,0.98,0.07,-3.870886876290712,0.9688442211055277,1.091053393197384,-6.009600714814384,-2.172347762437835,-3.870593695379916,-0.1586798960696592,-0.1967952050906323,-0.1978919644940301,-0.05162482901158081,-0.02841636286412219,0.0119095180034957,62.60431715748717,-64.05059126104683,12.53623361131447,2.596937152893305,1.543850890135946,0.5944891228560951,158.264748161403,0.06481410169000762,3.583704601156186,-0.08298135593145409,-0.1337814771576108,-0.09961800766401967,-0.102354879449433,-0.07967209739165731,-0.1235524068184222,-0.1166797475849051,-0.1085306793558477,-0.1022616788278512,-0.115907978847951,-0.1282121263098373,-0.1126694595379472,-0.1431414485359546,-0.1083052489265663,-0.08263491519537206,-0.1051514693382435,-0.0180658523592946,-0.02660745412165114,-0.04577794205278795,-0.1437004195876769,NEGATIVE,0.99,0.01,4.0,2026-03-18 16:34:09,Random Forest
Sample_0074,-1.15156586792421,1.83382011662609,-7.987180149256619,-0.0003311658480724556,2.311392866242539,-8.004411008076874,-0.46,0.06,-7.987180149256619,-0.4582914572864322,1.068090647109069,-1.836461787204623,0.372,0.05,-1.543197326210644,0.3758793969849246,0.9933695493461873,-4.970966213886118,0.98,0.07,-4.512140281247019,0.9788944723618089,0.9933435257326395,-7.987180149256619,-1.543197326210644,-4.512140281247019,-0.1254870021443383,-0.1867921838721553,-0.1978719686738495,-0.2647374524844202,-0.2480230150312633,-0.1683859958765547,82.50953358187175,-81.06136354488818,14.81183900916762,4.358604716878328,1.610232430411012,0.3694375918457399,3773.721716962681,0.0137141899179957,75.71716069513755,-0.1611973978328833,-0.1619487664815229,-0.1274644400088328,-0.1420675792545693,-0.1002239086960554,-0.1083684213462384,-0.0666226836966361,-0.1013451742718038,-0.118290229008589,-0.1366530573706071,-0.0891523949331628,-0.1323794543543932,-0.1099040602249038,-0.0758871725184922,-0.1144790233772791,-0.1323426258910934,-0.1521809729894364,-0.2071705067160595,-0.277612154905451,-0.4399989901001654,NEGATIVE,1.0,0.0,4.0,2026-03-18 16:34:09,Random Forest
Sample_0375,-0.5058508532690569,0.859124940870671,-3.934556875863473,-6.589717231682019e-05,1.013082183536578,-0.06153189997444608,-0.46,0.06,-0.1575770439234788,-0.5185929648241207,0.6592327686204437,-1.71861247304513,0.372,0.05,-1.488829604146626,0.3758793969849246,0.9807810170232841,-4.477384064786138,0.98,0.07,-3.934556875863473,0.9788944723618089,0.9912116140591413,-0.08843213551994666,-1.488829604146626,-3.934556875863473,-0.04021253206227211,-0.1005300505838946,-0.1602817760650442,-0.2495037895265163,-0.3110365046748791,-0.2235474989328986,41.09658046115421,-42.41656979675398,6.257528437805714,0.03580324298788578,0.01374282373012938,0.3838429869266127,0.004193606059825905,0.0097608876638906,16.19855754279148,-0.1449458929889725,-0.146510748165952,-0.1501208557948262,-0.1042557160846662,-0.1325018674944207,-0.1460290480939208,-0.1707299865443002,-0.1644133054754837,-0.1609403646439087,-0.1555595948089859,-0.1207797681563396,-0.1541802485339726,-0.1461809664690232,-0.1127921169934291,-0.1327579316694086,-0.1402734358816822,-0.1303513266858166,-0.1619809250533699,-0.1420325272270398,-0.141473680047552,NEGATIVE,1.0,0.0,4.0,2026-03-18 16:34:09,Random Forest
Sample_0156,-0.9286682272581017,0.6722547754464986,-3.24791175682078,-0.04289311915104609,1.858976349465733,-1.885020501177615,-0.46,0.06,-1.309344985597259,-0.4683417085427136,1.290860602734847,-4.173248214160771,0.372,0.05,-3.24791175682078,0.3758793969849246,1.027958403624504,-4.139932059741341,0.98,0.07,-3.009849746215779,0.9788944723618089,1.001861910826071,-1.270801549523776,-3.24791175682078,-3.009849746215779,-0.7215421820143264,-0.797877761437933,-0.8706765446932654,-0.7911465586720903,-0.8656847164135059,-0.3485812595180084,53.70353970747162,-51.55088456093688,10.19820077507973,0.4516914414008051,0.4553264338582863,1.008047512359783,0.09761591187415117,11.62716813348696,5.644219310349473,-0.4169174202618499,-0.4228460559834906,-0.4440956551815822,-0.442010971021545,-0.4496294042106974,-0.4585427190094808,-0.476559689416909,-0.4707001287488632,-0.4718950533400926,-0.489815882277406,-0.4906008505205321,-0.4864334071917593,-0.5127299630910483,-0.5084883734161255,-0.5237546072744156,-0.5300353338649928,-0.5078191320662115,-0.4661708835440076,-0.4682632181418552,-0.4666773981953288,NEGATIVE,1.0,0.0,4.0,2026-03-18 16:34:09,Random Forest
Sample_0105,-1.419553600819388,1.697563200725689,-8.238680864901532,-0.003381728575153953,2.846631864811041,-8.987356053346147,-0.46,0.06,-8.238680864901532,-0.4582914572864322,1.082954123140306,-5.242252197565781,0.372,0.05,-4.441019970386908,0.3758793969849246,1.039906619132458,-3.67687976114502,0.98,0.07,-2.878138138026259,0.9788944723618089,0.994938163782956,-8.238680864901532,-4.441019970386908,-2.878138138026259,-0.7653476352006566,-0.7679609543032959,-0.7225595175210926,-0.5685419939055916,-0.6508071249743675,-0.06122503988172867,94.10426309581068,-93.23104075377623,17.90648801205695,1.714407417773489,2.444288809310258,1.425733920636362,20587.81394866162,254.1428768882398,1.328343500246859,-0.6096245752973187,-0.6314534192664489,-0.616257362260797,-0.623901444498687,-0.6684465922407702,-0.6535708418199176,-0.655327926260259,-0.6465658011904497,-0.655833651965422,-0.6561165278010974,-0.6516930921404995,-0.6472515404369303,-0.6460343832364178,-0.6289803010340758,-0.6460729691137397,-0.5947968094449281,-0.6082284867337318,-0.4868336631973089,-0.4036493130460682,-0.2812726760751846,NEGATIVE,0.99,0.01,4.0,2026-03-18 16:34:09,Random Forest
Sample_0395,-0.9924515736192202,0.6726394037590312,-3.306090913465369,-0.01122640047535562,1.985789986743484,-2.938862025187089,-0.46,0.06,-2.352296835176997,-0.4582914572864322,1.081765598122408,-3.350682747787754,0.372,0.05,-2.34806284324671,0.3658291457286431,1.271114781080647,-4.535480031523795,0.98,0.07,-3.306090913465369,0.9788944723618089,0.9777870484882415,-2.352296835176997,-2.320719079408401,-3.306090913465369,-0.7076509147900514,-0.820699852589888,-0.9061959106900709,-0.9235059721175561,-0.9825158838035222,-0.4686901199354276,44.82487601566355,-42.08046138945749,10.82502480449864,0.8770934900140681,0.6479715498162414,0.7387713592605142,0.6018756389396566,1.083153880952177,19.42244845908692,-0.4355209229319901,-0.444460865892463,-0.4354238651262167,-0.4575231588141922,-0.4343467775334079,-0.4346999354149152,-0.4319851407805418,-0.4636745862682757,-0.4432285214162685,-0.4840653620645438,-0.494578881665384,-0.4531701311815511,-0.4868374545047838,-0.4742888948685808,-0.4930937288494008,-0.4744937743183,-0.459869521871035,-0.4618732613363535,-0.418191915572059,-0.3885668725286044,NEGATIVE,0.99,0.01,4.0,2026-03-18 16:34:09,Random Forest
Sample_0378,-0.9286980403621474,0.9521651725744975,-4.086767079578483,-0.001915032087054125,1.862075435706403,-0.4498352582203844,-0.46,0.06,-0.6682675357327399,-0.5587939698492463,1.0,-4.127753224178841,0.372,0.05,-3.582154514985719,0.3758793969849246,1.0669944910783,-4.317569358269138,0.98,0.07,-4.086767079578483,0.9788944723618089,1.017758461167693,-0.3197946826203414,-3.582154514985719,-4.086767079578483,-0.6840373894143935,-0.6349301947032563,-0.540501345308961,-0.274839793471074,-0.1706817308987155,0.394069012553007,49.62269696896445,-54.64400279412136,8.895157840668363,0.1089782343540832,0.1041871527457565,0.956036343984433,0.001734818038940762,10.1967714919585,9.831763480989334,-0.8571712321953974,-0.8552717627492157,-0.8674553772094076,-0.858069902870671,-0.8316444046604304,-0.8430818265836663,-0.8515071594756431,-0.826014133516192,-0.8463791683948855,-0.8246334480409692,-0.910048041482943,-0.8655355581029215,-0.8422089709175646,-0.8494248349834792,-0.8631638293905843,-0.8518054741750213,-0.8242206087319794,-0.8125398395744411,-0.8114470998016402,-0.7942194512799974,NEGATIVE,1.0,0.0,4.0,2026-03-18 16:34:09,Random Forest
Sample_0125,-0.9909509973709494,0.8594503592174663,-3.926499212501736,-0.023720957178373,1.985063572668887,-1.734330698254484,-0.46,0.06,-0.8121910316087235,-0.4683417085427136,1.216438690130156,-4.677393200906003,0.372,0.05,-3.926499212501736,0.3758793969849246,1.058525787141804,-4.11425693368628,0.98,0.07,-3.595545850346628,0.9788944723618089,1.015087598499095,-0.796171793013257,-3.926499212501736,-3.595545850346628,-0.8378809287084505,-0.8717821000558778,-0.7770276842214937,-0.4893727774618232,-0.3831601102285009,0.3104700988216365,57.64071111074281,-55.91682369651209,10.52598083284677,0.3707900156691011,0.4215416601851755,1.136874355757643,0.07525922535769528,49.8006014230187,5.209146019352117,-0.986844092457206,-0.9492254708688063,-0.9430498554845419,-0.9889340921521602,-0.9619167982424282,-0.9716970308005229,-0.9647638170377436,-0.9487146219322667,-0.9471509626474138,-0.9321350460746414,-0.956857603116887,-0.9490373261261977,-0.9508659455085124,-0.9026622893105891,-0.9483186070670565,-0.9186006574712916,-0.8829153468315153,-0.8805686439871194,-0.8790438825925483,-0.8518040005182426,NEGATIVE,1.0,0.0,4.0,2026-03-18 16:34:09,Random Forest
Sample_0069,-0.8557354285384232,0.6958785700985236,-3.265350702008923,-0.02017632804028725,1.713970130435624,-0.09741111295739646,-0.46,0.06,-0.7201064178712773,-0.5487437185929649,0.8940272826257019,-3.881546529151049,0.372,0.05,-3.265350702008923,0.3658291457286431,1.265214942543446,-3.567627595923764,0.98,0.07,-3.062084820538671,0.9788944723618089,0.9968111989474177,-0.5905718487592347,-3.222077441969738,-3.062084820538671,-0.6763177965464426,-0.6442072001020188,-0.6851913688394683,-0.4374656280567343,-0.4129536180238693,0.07398670410012784,47.02918712427157,-48.08374956395821,7.546585238032209,0.02509595395181356,0.02730417072361888,1.087990947705965,0.004461527691935567,5.011099128209816,0.9442160206383463,-0.6810444334401778,-0.7003325267649567,-0.6639646448961509,-0.6988299457249674,-0.7346083521012181,-0.6901379840351747,-0.6942954629003149,-0.7185856482684755,-0.7013760419771563,-0.7251576010206183,-0.7102156452190146,-0.7259486968496591,-0.670167748385082,-0.698643991183681,-0.6735593097151937,-0.6954439447999138,-0.7172915048962283,-0.7073412839683544,-0.7011050845693563,-0.7444448096897631,NEGATIVE,0.98,0.02,4.0,2026-03-18 16:34:09,Random Forest
Sample_0451,-1.255396680755549,1.260122451323914,-6.684816711232635,-0.004570412991751593,2.514394169394643,-7.595518530384489,-0.46,0.06,-6.684816711232635,-0.4582914572864322,1.092249108390905,-3.937050775894913,0.372,0.05,-3.072707647668182,0.3658291457286431,1.297011900099185,-2.934223917939822,0.98,0.07,-2.129057309186,0.9788944723618089,1.012532460852371,-6.684816711232635,-3.055977371310325,-2.129057309186,-0.8847791402614067,-0.867134752789797,-0.87957688978299,-0.6773905453634818,-0.7308072952943138,0.06625116359329997,77.1827726657522,-81.18141199330722,14.46679322421922,1.929240683632785,2.5885953978991,1.34176902854067,1863.175526317896,5.881487628559332,0.1305077349595946,-0.9633674599362932,-1.020613027213236,-0.9880346523983428,-0.9952753548182944,-1.00436884875997,-0.9706618946132816,-0.9787443661765444,-0.9784322129525996,-0.960213763692964,-0.9556775689302519,-0.9702232530788393,-0.9554175832190325,-0.9763132827989363,-0.9316340008455917,-0.9135072178322154,-0.9106223853675528,-0.8607223663020885,-0.8081976052896875,-0.7075763906667865,-0.6121578918921247,NEGATIVE,0.97,0.03,4.0,2026-03-18 16:34:09,Random Forest
Sample_0010,-1.210414422171368,1.576189046653897,-6.302890634534092,-0.001903337069675853,2.428614465525691,-6.85835719384628,-0.46,0.06,-6.302890634534092,-0.4582914572864322,1.097503928930186,-4.142206579385373,0.372,0.05,-4.043749591277206,0.3658291457286431,1.210830708536117,-4.251399653378957,0.98,0.07,-4.342644637346752,0.9788944723618089,1.010234615686601,-6.302890634534092,-4.026459890143674,-4.342644637346752,-0.3641498229839478,-0.2703764058498843,-0.1479020657077144,-0.1683611971655731,-0.2169477086123175,0.2577223183730919,71.34890373554377,-67.60269171314063,15.25196342661061,1.65572553237167,1.613199829001102,0.9743159705282474,521.9862533046434,10.63101328546565,7.995560597605544,-0.6934674328404291,-0.6862744248448827,-0.6710498800518361,-0.6715514126159394,-0.6758819351836618,-0.6576746408417513,-0.6532072343614765,-0.6559133508961034,-0.6811468549148572,-0.6661639126542301,-0.6454820548575406,-0.6076306866322699,-0.6309924663504232,-0.644356618685578,-0.6166635327746186,-0.6124573693547184,-0.5998059527174214,-0.5273830105088182,-0.4173506981305452,-0.2951025131952593,NEGATIVE,1.0,0.0,4.0,2026-03-18 16:34:09,Random Forest
Sample_0195,-0.5619537913547261,0.8304416812510526,-3.090911607455083,-0.003349388621924396,1.128322750261698,-2.919932573678616,-0.46,0.06,-2.762410331546842,-0.4582914572864322,1.087260151101825,-0.9895137868333999,0.372,0.05,-0.8785342121296404,0.385929648241206,0.8798009235148928,-3.11062600246968,0.98,0.07,-3.090911607455083,0.9788944723618089,1.006526442236788,-2.762410331546842,-0.8441451071561735,-3.090911607455083,-0.1785273141825506,-0.1040443637165852,-0.0833605499987236,-0.01842427397288451,-0.06073596720669172,0.1081079570345064,33.12925034715088,-33.56606602617714,7.020072362981695,2.950876089380079,0.9386961246258267,0.3181076047225787,0.5825279553592048,0.001190780771355515,0.2264580647771711,-0.2307525769407964,-0.2248967091953357,-0.2360675073110904,-0.2073084863951142,-0.2105587920714035,-0.2151804140165975,-0.2023215167835328,-0.2154553276738328,-0.2215129882347518,-0.1577585985184965,-0.1939651387748457,-0.2315168484309528,-0.2165224252125403,-0.1670535172813945,-0.1748293100521746,-0.1798875070958585,-0.1427536763527036,-0.1493469573194964,-0.1143661309073331,-0.07312364909447346,NEGATIVE,0.99,0.01,4.0,2026-03-18 16:34:09,Random Forest
Sample_0407,-1.012509667235223,1.300540510854851,-5.504179561842704,-0.0128917067018151,2.03114584403332,-3.455366959057871,-0.46,0.06,-3.427762974280213,-0.4582914572864322,1.066254842011131,-5.903163111186529,0.372,0.05,-5.504179561842704,0.3758793969849246,1.024629473050898,-4.354893251450432,0.98,0.07,-3.689764237767265,0.9788944723618089,0.9919856488989971,-3.427762974280213,-5.504179561842704,-3.689764237767265,-0.1796908441314742,-0.2293000810726606,-0.330675298551906,-0.1716905434617412,-0.453444809264701,-0.2857882240760489,73.05725567212107,-72.08577326543356,13.71342332169483,0.5853416031330609,0.7934446976184856,1.35552418172832,1.467884461969388,1711.1461589731,11.04776493977563,-0.1171337416532222,-0.07658803232970693,-0.04800426219869299,-0.09458229758354855,-0.09252942119790225,-0.0861517896628571,-0.06855309967663092,-0.1065159466664752,-0.07045577544432714,-0.07254404403465992,-0.09398518777668784,-0.06116858315249105,-0.03117940641282081,-0.04042307255996458,-0.01591952813443168,-0.04920023316343212,-0.06981244025002463,-0.1052733361928887,-0.1028121940842056,-0.1498322976378593,NEGATIVE,0.98,0.02,4.0,2026-03-18 16:34:09,Random Forest
Sample_0085,-1.099331061675031,1.380792904010729,-5.712090789283912,-0.01860866704394078,2.204504855802754,-2.620609980956429,-0.46,0.06,-1.969041669756074,-0.4582914572864322,1.168727252102114,-6.000074076794768,0.372,0.05,-5.712090789283912,0.3758793969849246,1.057457784848683,-4.655324093370336,0.98,0.07,-4.762823719288886,0.9788944723618089,1.025048963398057,-1.969041669756074,-5.712090789283912,-4.762823719288886,-0.5696515397712203,-0.4132375311879489,-0.2751490457221099,-0.1404879156067773,-0.1651082098505454,0.2127407982860948,74.47935104975109,-72.15189362229613,13.27600815112153,0.4367629378263203,0.5629275058826624,1.288862806638854,0.3474857642788026,2263.233795439577,28.24324835656238,-0.7307199809183178,-0.7043564894945865,-0.7457359567502884,-0.7345818288948842,-0.7225806577929895,-0.715447940840058,-0.691008580096701,-0.7305348874821458,-0.7333236474130667,-0.6961926834514204,-0.6917247116743535,-0.6535877811036439,-0.6686690273973905,-0.6458647292894437,-0.6435275233677848,-0.6479516725941763,-0.6370039090090892,-0.6261428092122683,-0.6279982917872632,-0.521426162714552,NEGATIVE,1.0,0.0,4.0,2026-03-18 16:34:09,Random Forest
Sample_0372,-0.6766884118881805,0.5504599238942506,-2.924284796298837,-0.002300365779632663,1.353252692263426,-0.5037300330397794,-0.46,0.06,-0.3131678140727981,-0.3678391959798996,2.951793798434607,-1.892446303664222,0.372,0.05,-1.122132015913725,0.3758793969849246,1.019968090656843,-3.966418371380345,0.98,0.07,-2.924284796298837,0.9889447236180904,0.8718104202968278,-0.1129346972504496,-1.122132015913725,-2.922203065623489,-0.5598386748175734,-0.5922523230612686,-0.6823759656347049,-0.6990760242291064,-0.7780653072553411,-0.4135037171418915,40.55523777929169,-36.62314914557353,6.362594708084346,0.2661793003396922,0.1269987141735826,0.4771171688088052,0.001580713086230344,0.01611855832497824,3.282248566116711,-0.2755357802833177,-0.3171670398556209,-0.2884821391127475,-0.3132316901098642,-0.2964756017012178,-0.3616646976572128,-0.3440061573636948,-0.3279450578805262,-0.3195444294828458,-0.3498772514586444,-0.3573310329399553,-0.3193943136735455,-0.3388422709378421,-0.3515278552304097,-0.3422966829949699,-0.3630143573246654,-0.3928605274081707,-0.3463632808318242,-0.3566412960684028,-0.3110456534867615,NEGATIVE,1.0,0.0,4.0,2026-03-18 16:34:09,Random Forest
Sample_0389,-1.350727857418114,1.61440728656575,-6.65617874245784,-0.01758678834149171,2.710410205259315,-7.312367273118122,-0.46,0.06,-6.65617874245784,-0.4582914572864322,1.097851180207805,-5.089552741051218,0.372,0.05,-4.735943489188745,0.3758793969849246,1.067142549921863,-4.516119916004858,0.98,0.07,-4.43473938281185,0.9788944723618089,1.003093724106799,-6.65617874245784,-4.735943489188745,-4.43473938281185,-0.5680899064531796,-0.5978061923519719,-0.4679068573089568,-0.07741559917327333,-0.01758678834149171,0.3959371851323042,72.51429508144017,-75.41851583527857,16.9180399301742,1.436740642087893,1.619170307503025,1.126974667571193,1142.869010133384,163.5781301193966,18.28248240722142,-0.8556932454533238,-0.8568356773613021,-0.8279782317584811,-0.8124081382386719,-0.8253364945666409,-0.800074718715957,-0.8019194799068331,-0.7785675723472327,-0.8301607241646399,-0.8370371681588674,-0.7755909355010251,-0.7734139414286663,-0.7795666251900123,-0.7920074274310872,-0.7155701552445423,-0.7136821139615154,-0.7079096927537551,-0.6163917006886085,-0.575557757341823,-0.4458973246865048,NEGATIVE,0.99,0.01,4.0,2026-03-18 16:34:09,Random Forest
Sample_0496,-0.8731416702739905,0.9486653682154443,-3.708505135370327,-0.007322480923949645,1.75088997474496,-3.072781621100918,-0.46,0.06,-2.665792443510928,-0.4582914572864322,1.108264271259329,-3.726673640409346,0.372,0.05,-3.315695530897306,0.3758793969849246,1.047576105879924,-4.099321444250798,0.98,0.07,-3.708505135370327,0.9788944723618089,1.000643709832503,-2.665792443510928,-3.315695530897306,-3.708505135370327,-0.4110133100871691,-0.4151586287740163,-0.3912861277206535,-0.2721563340203613,-0.2719794284028421,0.07308793008930288,45.20538594004901,-46.24429921710473,10.89877670576106,0.8245373535750226,0.7495829890116136,0.9090952468818757,0.7583964085413056,3.205211499722422,4.971658404080524,-0.4878694977639083,-0.468126898165745,-0.4473781829988113,-0.4845419809309415,-0.4550512621978919,-0.5136365081779851,-0.4539670788641995,-0.47374044469626,-0.4715469056064924,-0.479515118180338,-0.5169329535371057,-0.4636356705817992,-0.4575723094947347,-0.4640026009484877,-0.4754023632154582,-0.4479777742077926,-0.4577066482477581,-0.4597871721232226,-0.3784211845781176,-0.3572351396644225,NEGATIVE,1.0,0.0,4.0,2026-03-18 16:34:09,Random Forest
Sample_0031,-0.9460536728948867,1.035071918611418,-5.215544652802518,-0.006100311062516944,1.895387301443706,-5.785525303099033,-0.46,0.06,-5.215544652802518,-0.4582914572864322,1.094164796060345,-2.287414030094038,0.372,0.05,-1.701643043801512,0.3758793969849246,1.070736406599206,-3.156145245635098,0.98,0.07,-2.568107593427412,0.9889447236180904,0.9200942608772432,-5.215544652802518,-1.701643043801512,-2.556924075551679,-0.5802212451158945,-0.5391668791219603,-0.5639469555932753,-0.4169507550461493,-0.4613867184327347,0.04786625057556113,58.95954318233421,-60.30511429503164,11.22908457882817,2.529286446171349,1.833098559421601,0.7247492913253906,81.92892542108204,0.05038174676490613,0.2610662148759867,-0.6675643359041016,-0.6589506942461136,-0.6749719929085644,-0.6469095369234596,-0.6573198885129281,-0.6134595855306384,-0.6341186187524532,-0.6412288607945164,-0.662323071094462,-0.6229182809080032,-0.6094053918576603,-0.6358849366745616,-0.6265796969559122,-0.5880733258087236,-0.5720110189889446,-0.5735341072584084,-0.5566281261280904,-0.5418566109313049,-0.4360578195874744,-0.3641682708162344,NEGATIVE,1.0,0.0,4.0,2026-03-18 16:34:09,Random Forest
Sample_0317,-0.9363578484330304,0.8392061115706375,-3.507504168660329,-0.01530694005383053,1.87668964839558,-3.666152466395971,-0.46,0.06,-2.842385554472654,-0.4683417085427136,1.334838995490549,-4.049965225121511,0.372,0.05,-3.507504168660329,0.3658291457286431,1.274423931052867,-3.245721657008781,0.98,0.07,-2.94836847935448,0.9788944723618089,1.023702310668037,-2.808050008680389,-3.491555096950527,-2.94836847935448,-0.6793026315700484,-0.6581082170096482,-0.5414292232014586,-0.2711966810670478,-0.2773065383457782,0.3609337819565663,49.64049982750998,-47.60143596911053,10.96183934852626,0.9052306038716604,1.12953384603369,1.247785747855505,2.112039317891595,8.146742535894445,0.3453763652504008,-0.9018834532024423,-0.9369863958426243,-0.9011222782855535,-0.8962668974311887,-0.8480877215065409,-0.8820495680848666,-0.9132429327605243,-0.9054159052063542,-0.8817831015065585,-0.912040779730236,-0.8513862367370769,-0.8834044843120219,-0.8572904092455502,-0.8779695637475746,-0.8238473286882128,-0.8267071643161799,-0.7418874746709554,-0.7554737012514384,-0.7062533939271975,-0.6532768744312587,NEGATIVE,0.94,0.06,4.0,2026-03-18 16:34:09,Random Forest
Sample_0409,-1.447305589434731,1.553725566846428,-7.912739470330787,-0.002398826877628185,2.900501599507258,-8.964043095953265,-0.46,0.06,-7.912739470330787,-0.4582914572864322,1.094600891830343,-3.677845642715337,0.372,0.05,-2.785981690631936,0.3758793969849246,1.045212640462302,-4.343544002986962,0.98,0.07,-3.617181588422093,0.9788944723618089,1.005394296838604,-7.912739470330787,-2.785981690631936,-3.617181588422093,-0.9579952098038931,-0.9692640499148163,-0.8935625206849955,-0.7424754483459788,-0.604699378039143,0.1930975433729096,89.9275660474552,-97.1494354649513,16.98543274165556,2.437308132740218,2.063762469031944,0.8467384329907011,19775.80881511045,2.783996758063306,10.66289600736796,-1.054306279347003,-1.028002893885351,-1.058123595089933,-1.046472301226256,-1.074818201387297,-1.032760995215161,-1.057938179069124,-1.007748267695199,-1.027739240260448,-0.9954068368449303,-1.055078182773831,-1.038463342537266,-1.024344535045762,-1.013080435586171,-1.051500804007488,-0.9857390066014848,-0.9270607461324689,-0.8231478798148335,-0.7458570302642166,-0.6595229362945445,NEGATIVE,1.0,0.0,4.0,2026-03-18 16:34:09,Random Forest
2026-03-18 16:34:27,Random Forest,0,0.01,0.99,4/4 Models,158.2647,0.0648,3.5837
Sample_0362,-0.9615846839126923,1.440223096710357,-6.009600714814384,-0.006568535705753864,1.932119245674477,-6.166978510823675,-0.46,0.06,-6.009600714814384,-0.4582914572864322,1.078828475951523,-2.374712265929465,0.372,0.05,-2.176753979124492,0.3658291457286431,1.206064503491945,-3.994542834561331,0.98,0.07,-3.870886876290712,0.9688442211055277,1.091053393197384,-6.009600714814384,-2.172347762437835,-3.870593695379916,-0.1586798960696592,-0.1967952050906323,-0.1978919644940301,-0.05162482901158081,-0.02841636286412219,0.0119095180034957,62.60431715748717,-64.05059126104683,12.53623361131447,2.596937152893305,1.543850890135946,0.5944891228560951,158.264748161403,0.06481410169000762,3.583704601156186,-0.08298135593145409,-0.1337814771576108,-0.09961800766401967,-0.102354879449433,-0.07967209739165731,-0.1235524068184222,-0.1166797475849051,-0.1085306793558477,-0.1022616788278512,-0.115907978847951,-0.1282121263098373,-0.1126694595379472,-0.1431414485359546,-0.1083052489265663,-0.08263491519537206,-0.1051514693382435,-0.0180658523592946,-0.02660745412165114,-0.04577794205278795,-0.1437004195876769,NEGATIVE,0.99,0.01,4.0,2026-03-18 16:35:59,Random Forest
Sample_0074,-1.15156586792421,1.83382011662609,-7.987180149256619,-0.0003311658480724556,2.311392866242539,-8.004411008076874,-0.46,0.06,-7.987180149256619,-0.4582914572864322,1.068090647109069,-1.836461787204623,0.372,0.05,-1.543197326210644,0.3758793969849246,0.9933695493461873,-4.970966213886118,0.98,0.07,-4.512140281247019,0.9788944723618089,0.9933435257326395,-7.987180149256619,-1.543197326210644,-4.512140281247019,-0.1254870021443383,-0.1867921838721553,-0.1978719686738495,-0.2647374524844202,-0.2480230150312633,-0.1683859958765547,82.50953358187175,-81.06136354488818,14.81183900916762,4.358604716878328,1.610232430411012,0.3694375918457399,3773.721716962681,0.0137141899179957,75.71716069513755,-0.1611973978328833,-0.1619487664815229,-0.1274644400088328,-0.1420675792545693,-0.1002239086960554,-0.1083684213462384,-0.0666226836966361,-0.1013451742718038,-0.118290229008589,-0.1366530573706071,-0.0891523949331628,-0.1323794543543932,-0.1099040602249038,-0.0758871725184922,-0.1144790233772791,-0.1323426258910934,-0.1521809729894364,-0.2071705067160595,-0.277612154905451,-0.4399989901001654,NEGATIVE,1.0,0.0,4.0,2026-03-18 16:35:59,Random Forest
Sample_0375,-0.5058508532690569,0.859124940870671,-3.934556875863473,-6.589717231682019e-05,1.013082183536578,-0.06153189997444608,-0.46,0.06,-0.1575770439234788,-0.5185929648241207,0.6592327686204437,-1.71861247304513,0.372,0.05,-1.488829604146626,0.3758793969849246,0.9807810170232841,-4.477384064786138,0.98,0.07,-3.934556875863473,0.9788944723618089,0.9912116140591413,-0.08843213551994666,-1.488829604146626,-3.934556875863473,-0.04021253206227211,-0.1005300505838946,-0.1602817760650442,-0.2495037895265163,-0.3110365046748791,-0.2235474989328986,41.09658046115421,-42.41656979675398,6.257528437805714,0.03580324298788578,0.01374282373012938,0.3838429869266127,0.004193606059825905,0.0097608876638906,16.19855754279148,-0.1449458929889725,-0.146510748165952,-0.1501208557948262,-0.1042557160846662,-0.1325018674944207,-0.1460290480939208,-0.1707299865443002,-0.1644133054754837,-0.1609403646439087,-0.1555595948089859,-0.1207797681563396,-0.1541802485339726,-0.1461809664690232,-0.1127921169934291,-0.1327579316694086,-0.1402734358816822,-0.1303513266858166,-0.1619809250533699,-0.1420325272270398,-0.141473680047552,NEGATIVE,1.0,0.0,4.0,2026-03-18 16:35:59,Random Forest
Sample_0156,-0.9286682272581017,0.6722547754464986,-3.24791175682078,-0.04289311915104609,1.858976349465733,-1.885020501177615,-0.46,0.06,-1.309344985597259,-0.4683417085427136,1.290860602734847,-4.173248214160771,0.372,0.05,-3.24791175682078,0.3758793969849246,1.027958403624504,-4.139932059741341,0.98,0.07,-3.009849746215779,0.9788944723618089,1.001861910826071,-1.270801549523776,-3.24791175682078,-3.009849746215779,-0.7215421820143264,-0.797877761437933,-0.8706765446932654,-0.7911465586720903,-0.8656847164135059,-0.3485812595180084,53.70353970747162,-51.55088456093688,10.19820077507973,0.4516914414008051,0.4553264338582863,1.008047512359783,0.09761591187415117,11.62716813348696,5.644219310349473,-0.4169174202618499,-0.4228460559834906,-0.4440956551815822,-0.442010971021545,-0.4496294042106974,-0.4585427190094808,-0.476559689416909,-0.4707001287488632,-0.4718950533400926,-0.489815882277406,-0.4906008505205321,-0.4864334071917593,-0.5127299630910483,-0.5084883734161255,-0.5237546072744156,-0.5300353338649928,-0.5078191320662115,-0.4661708835440076,-0.4682632181418552,-0.4666773981953288,NEGATIVE,1.0,0.0,4.0,2026-03-18 16:35:59,Random Forest
Sample_0105,-1.419553600819388,1.697563200725689,-8.238680864901532,-0.003381728575153953,2.846631864811041,-8.987356053346147,-0.46,0.06,-8.238680864901532,-0.4582914572864322,1.082954123140306,-5.242252197565781,0.372,0.05,-4.441019970386908,0.3758793969849246,1.039906619132458,-3.67687976114502,0.98,0.07,-2.878138138026259,0.9788944723618089,0.994938163782956,-8.238680864901532,-4.441019970386908,-2.878138138026259,-0.7653476352006566,-0.7679609543032959,-0.7225595175210926,-0.5685419939055916,-0.6508071249743675,-0.06122503988172867,94.10426309581068,-93.23104075377623,17.90648801205695,1.714407417773489,2.444288809310258,1.425733920636362,20587.81394866162,254.1428768882398,1.328343500246859,-0.6096245752973187,-0.6314534192664489,-0.616257362260797,-0.623901444498687,-0.6684465922407702,-0.6535708418199176,-0.655327926260259,-0.6465658011904497,-0.655833651965422,-0.6561165278010974,-0.6516930921404995,-0.6472515404369303,-0.6460343832364178,-0.6289803010340758,-0.6460729691137397,-0.5947968094449281,-0.6082284867337318,-0.4868336631973089,-0.4036493130460682,-0.2812726760751846,NEGATIVE,0.99,0.01,4.0,2026-03-18 16:35:59,Random Forest
Sample_0395,-0.9924515736192202,0.6726394037590312,-3.306090913465369,-0.01122640047535562,1.985789986743484,-2.938862025187089,-0.46,0.06,-2.352296835176997,-0.4582914572864322,1.081765598122408,-3.350682747787754,0.372,0.05,-2.34806284324671,0.3658291457286431,1.271114781080647,-4.535480031523795,0.98,0.07,-3.306090913465369,0.9788944723618089,0.9777870484882415,-2.352296835176997,-2.320719079408401,-3.306090913465369,-0.7076509147900514,-0.820699852589888,-0.9061959106900709,-0.9235059721175561,-0.9825158838035222,-0.4686901199354276,44.82487601566355,-42.08046138945749,10.82502480449864,0.8770934900140681,0.6479715498162414,0.7387713592605142,0.6018756389396566,1.083153880952177,19.42244845908692,-0.4355209229319901,-0.444460865892463,-0.4354238651262167,-0.4575231588141922,-0.4343467775334079,-0.4346999354149152,-0.4319851407805418,-0.4636745862682757,-0.4432285214162685,-0.4840653620645438,-0.494578881665384,-0.4531701311815511,-0.4868374545047838,-0.4742888948685808,-0.4930937288494008,-0.4744937743183,-0.459869521871035,-0.4618732613363535,-0.418191915572059,-0.3885668725286044,NEGATIVE,0.99,0.01,4.0,2026-03-18 16:35:59,Random Forest
Sample_0378,-0.9286980403621474,0.9521651725744975,-4.086767079578483,-0.001915032087054125,1.862075435706403,-0.4498352582203844,-0.46,0.06,-0.6682675357327399,-0.5587939698492463,1.0,-4.127753224178841,0.372,0.05,-3.582154514985719,0.3758793969849246,1.0669944910783,-4.317569358269138,0.98,0.07,-4.086767079578483,0.9788944723618089,1.017758461167693,-0.3197946826203414,-3.582154514985719,-4.086767079578483,-0.6840373894143935,-0.6349301947032563,-0.540501345308961,-0.274839793471074,-0.1706817308987155,0.394069012553007,49.62269696896445,-54.64400279412136,8.895157840668363,0.1089782343540832,0.1041871527457565,0.956036343984433,0.001734818038940762,10.1967714919585,9.831763480989334,-0.8571712321953974,-0.8552717627492157,-0.8674553772094076,-0.858069902870671,-0.8316444046604304,-0.8430818265836663,-0.8515071594756431,-0.826014133516192,-0.8463791683948855,-0.8246334480409692,-0.910048041482943,-0.8655355581029215,-0.8422089709175646,-0.8494248349834792,-0.8631638293905843,-0.8518054741750213,-0.8242206087319794,-0.8125398395744411,-0.8114470998016402,-0.7942194512799974,NEGATIVE,1.0,0.0,4.0,2026-03-18 16:35:59,Random Forest
Sample_0125,-0.9909509973709494,0.8594503592174663,-3.926499212501736,-0.023720957178373,1.985063572668887,-1.734330698254484,-0.46,0.06,-0.8121910316087235,-0.4683417085427136,1.216438690130156,-4.677393200906003,0.372,0.05,-3.926499212501736,0.3758793969849246,1.058525787141804,-4.11425693368628,0.98,0.07,-3.595545850346628,0.9788944723618089,1.015087598499095,-0.796171793013257,-3.926499212501736,-3.595545850346628,-0.8378809287084505,-0.8717821000558778,-0.7770276842214937,-0.4893727774618232,-0.3831601102285009,0.3104700988216365,57.64071111074281,-55.91682369651209,10.52598083284677,0.3707900156691011,0.4215416601851755,1.136874355757643,0.07525922535769528,49.8006014230187,5.209146019352117,-0.986844092457206,-0.9492254708688063,-0.9430498554845419,-0.9889340921521602,-0.9619167982424282,-0.9716970308005229,-0.9647638170377436,-0.9487146219322667,-0.9471509626474138,-0.9321350460746414,-0.956857603116887,-0.9490373261261977,-0.9508659455085124,-0.9026622893105891,-0.9483186070670565,-0.9186006574712916,-0.8829153468315153,-0.8805686439871194,-0.8790438825925483,-0.8518040005182426,NEGATIVE,1.0,0.0,4.0,2026-03-18 16:35:59,Random Forest
Sample_0069,-0.8557354285384232,0.6958785700985236,-3.265350702008923,-0.02017632804028725,1.713970130435624,-0.09741111295739646,-0.46,0.06,-0.7201064178712773,-0.5487437185929649,0.8940272826257019,-3.881546529151049,0.372,0.05,-3.265350702008923,0.3658291457286431,1.265214942543446,-3.567627595923764,0.98,0.07,-3.062084820538671,0.9788944723618089,0.9968111989474177,-0.5905718487592347,-3.222077441969738,-3.062084820538671,-0.6763177965464426,-0.6442072001020188,-0.6851913688394683,-0.4374656280567343,-0.4129536180238693,0.07398670410012784,47.02918712427157,-48.08374956395821,7.546585238032209,0.02509595395181356,0.02730417072361888,1.087990947705965,0.004461527691935567,5.011099128209816,0.9442160206383463,-0.6810444334401778,-0.7003325267649567,-0.6639646448961509,-0.6988299457249674,-0.7346083521012181,-0.6901379840351747,-0.6942954629003149,-0.7185856482684755,-0.7013760419771563,-0.7251576010206183,-0.7102156452190146,-0.7259486968496591,-0.670167748385082,-0.698643991183681,-0.6735593097151937,-0.6954439447999138,-0.7172915048962283,-0.7073412839683544,-0.7011050845693563,-0.7444448096897631,NEGATIVE,0.98,0.02,4.0,2026-03-18 16:35:59,Random Forest
Sample_0451,-1.255396680755549,1.260122451323914,-6.684816711232635,-0.004570412991751593,2.514394169394643,-7.595518530384489,-0.46,0.06,-6.684816711232635,-0.4582914572864322,1.092249108390905,-3.937050775894913,0.372,0.05,-3.072707647668182,0.3658291457286431,1.297011900099185,-2.934223917939822,0.98,0.07,-2.129057309186,0.9788944723618089,1.012532460852371,-6.684816711232635,-3.055977371310325,-2.129057309186,-0.8847791402614067,-0.867134752789797,-0.87957688978299,-0.6773905453634818,-0.7308072952943138,0.06625116359329997,77.1827726657522,-81.18141199330722,14.46679322421922,1.929240683632785,2.5885953978991,1.34176902854067,1863.175526317896,5.881487628559332,0.1305077349595946,-0.9633674599362932,-1.020613027213236,-0.9880346523983428,-0.9952753548182944,-1.00436884875997,-0.9706618946132816,-0.9787443661765444,-0.9784322129525996,-0.960213763692964,-0.9556775689302519,-0.9702232530788393,-0.9554175832190325,-0.9763132827989363,-0.9316340008455917,-0.9135072178322154,-0.9106223853675528,-0.8607223663020885,-0.8081976052896875,-0.7075763906667865,-0.6121578918921247,NEGATIVE,0.97,0.03,4.0,2026-03-18 16:35:59,Random Forest
Sample_0010,-1.210414422171368,1.576189046653897,-6.302890634534092,-0.001903337069675853,2.428614465525691,-6.85835719384628,-0.46,0.06,-6.302890634534092,-0.4582914572864322,1.097503928930186,-4.142206579385373,0.372,0.05,-4.043749591277206,0.3658291457286431,1.210830708536117,-4.251399653378957,0.98,0.07,-4.342644637346752,0.9788944723618089,1.010234615686601,-6.302890634534092,-4.026459890143674,-4.342644637346752,-0.3641498229839478,-0.2703764058498843,-0.1479020657077144,-0.1683611971655731,-0.2169477086123175,0.2577223183730919,71.34890373554377,-67.60269171314063,15.25196342661061,1.65572553237167,1.613199829001102,0.9743159705282474,521.9862533046434,10.63101328546565,7.995560597605544,-0.6934674328404291,-0.6862744248448827,-0.6710498800518361,-0.6715514126159394,-0.6758819351836618,-0.6576746408417513,-0.6532072343614765,-0.6559133508961034,-0.6811468549148572,-0.6661639126542301,-0.6454820548575406,-0.6076306866322699,-0.6309924663504232,-0.644356618685578,-0.6166635327746186,-0.6124573693547184,-0.5998059527174214,-0.5273830105088182,-0.4173506981305452,-0.2951025131952593,NEGATIVE,1.0,0.0,4.0,2026-03-18 16:35:59,Random Forest
Sample_0195,-0.5619537913547261,0.8304416812510526,-3.090911607455083,-0.003349388621924396,1.128322750261698,-2.919932573678616,-0.46,0.06,-2.762410331546842,-0.4582914572864322,1.087260151101825,-0.9895137868333999,0.372,0.05,-0.8785342121296404,0.385929648241206,0.8798009235148928,-3.11062600246968,0.98,0.07,-3.090911607455083,0.9788944723618089,1.006526442236788,-2.762410331546842,-0.8441451071561735,-3.090911607455083,-0.1785273141825506,-0.1040443637165852,-0.0833605499987236,-0.01842427397288451,-0.06073596720669172,0.1081079570345064,33.12925034715088,-33.56606602617714,7.020072362981695,2.950876089380079,0.9386961246258267,0.3181076047225787,0.5825279553592048,0.001190780771355515,0.2264580647771711,-0.2307525769407964,-0.2248967091953357,-0.2360675073110904,-0.2073084863951142,-0.2105587920714035,-0.2151804140165975,-0.2023215167835328,-0.2154553276738328,-0.2215129882347518,-0.1577585985184965,-0.1939651387748457,-0.2315168484309528,-0.2165224252125403,-0.1670535172813945,-0.1748293100521746,-0.1798875070958585,-0.1427536763527036,-0.1493469573194964,-0.1143661309073331,-0.07312364909447346,NEGATIVE,0.99,0.01,4.0,2026-03-18 16:35:59,Random Forest
Sample_0407,-1.012509667235223,1.300540510854851,-5.504179561842704,-0.0128917067018151,2.03114584403332,-3.455366959057871,-0.46,0.06,-3.427762974280213,-0.4582914572864322,1.066254842011131,-5.903163111186529,0.372,0.05,-5.504179561842704,0.3758793969849246,1.024629473050898,-4.354893251450432,0.98,0.07,-3.689764237767265,0.9788944723618089,0.9919856488989971,-3.427762974280213,-5.504179561842704,-3.689764237767265,-0.1796908441314742,-0.2293000810726606,-0.330675298551906,-0.1716905434617412,-0.453444809264701,-0.2857882240760489,73.05725567212107,-72.08577326543356,13.71342332169483,0.5853416031330609,0.7934446976184856,1.35552418172832,1.467884461969388,1711.1461589731,11.04776493977563,-0.1171337416532222,-0.07658803232970693,-0.04800426219869299,-0.09458229758354855,-0.09252942119790225,-0.0861517896628571,-0.06855309967663092,-0.1065159466664752,-0.07045577544432714,-0.07254404403465992,-0.09398518777668784,-0.06116858315249105,-0.03117940641282081,-0.04042307255996458,-0.01591952813443168,-0.04920023316343212,-0.06981244025002463,-0.1052733361928887,-0.1028121940842056,-0.1498322976378593,NEGATIVE,0.98,0.02,4.0,2026-03-18 16:35:59,Random Forest
Sample_0085,-1.099331061675031,1.380792904010729,-5.712090789283912,-0.01860866704394078,2.204504855802754,-2.620609980956429,-0.46,0.06,-1.969041669756074,-0.4582914572864322,1.168727252102114,-6.000074076794768,0.372,0.05,-5.712090789283912,0.3758793969849246,1.057457784848683,-4.655324093370336,0.98,0.07,-4.762823719288886,0.9788944723618089,1.025048963398057,-1.969041669756074,-5.712090789283912,-4.762823719288886,-0.5696515397712203,-0.4132375311879489,-0.2751490457221099,-0.1404879156067773,-0.1651082098505454,0.2127407982860948,74.47935104975109,-72.15189362229613,13.27600815112153,0.4367629378263203,0.5629275058826624,1.288862806638854,0.3474857642788026,2263.233795439577,28.24324835656238,-0.7307199809183178,-0.7043564894945865,-0.7457359567502884,-0.7345818288948842,-0.7225806577929895,-0.715447940840058,-0.691008580096701,-0.7305348874821458,-0.7333236474130667,-0.6961926834514204,-0.6917247116743535,-0.6535877811036439,-0.6686690273973905,-0.6458647292894437,-0.6435275233677848,-0.6479516725941763,-0.6370039090090892,-0.6261428092122683,-0.6279982917872632,-0.521426162714552,NEGATIVE,1.0,0.0,4.0,2026-03-18 16:35:59,Random Forest
Sample_0372,-0.6766884118881805,0.5504599238942506,-2.924284796298837,-0.002300365779632663,1.353252692263426,-0.5037300330397794,-0.46,0.06,-0.3131678140727981,-0.3678391959798996,2.951793798434607,-1.892446303664222,0.372,0.05,-1.122132015913725,0.3758793969849246,1.019968090656843,-3.966418371380345,0.98,0.07,-2.924284796298837,0.9889447236180904,0.8718104202968278,-0.1129346972504496,-1.122132015913725,-2.922203065623489,-0.5598386748175734,-0.5922523230612686,-0.6823759656347049,-0.6990760242291064,-0.7780653072553411,-0.4135037171418915,40.55523777929169,-36.62314914557353,6.362594708084346,0.2661793003396922,0.1269987141735826,0.4771171688088052,0.001580713086230344,0.01611855832497824,3.282248566116711,-0.2755357802833177,-0.3171670398556209,-0.2884821391127475,-0.3132316901098642,-0.2964756017012178,-0.3616646976572128,-0.3440061573636948,-0.3279450578805262,-0.3195444294828458,-0.3498772514586444,-0.3573310329399553,-0.3193943136735455,-0.3388422709378421,-0.3515278552304097,-0.3422966829949699,-0.3630143573246654,-0.3928605274081707,-0.3463632808318242,-0.3566412960684028,-0.3110456534867615,NEGATIVE,1.0,0.0,4.0,2026-03-18 16:35:59,Random Forest
Sample_0389,-1.350727857418114,1.61440728656575,-6.65617874245784,-0.01758678834149171,2.710410205259315,-7.312367273118122,-0.46,0.06,-6.65617874245784,-0.4582914572864322,1.097851180207805,-5.089552741051218,0.372,0.05,-4.735943489188745,0.3758793969849246,1.067142549921863,-4.516119916004858,0.98,0.07,-4.43473938281185,0.9788944723618089,1.003093724106799,-6.65617874245784,-4.735943489188745,-4.43473938281185,-0.5680899064531796,-0.5978061923519719,-0.4679068573089568,-0.07741559917327333,-0.01758678834149171,0.3959371851323042,72.51429508144017,-75.41851583527857,16.9180399301742,1.436740642087893,1.619170307503025,1.126974667571193,1142.869010133384,163.5781301193966,18.28248240722142,-0.8556932454533238,-0.8568356773613021,-0.8279782317584811,-0.8124081382386719,-0.8253364945666409,-0.800074718715957,-0.8019194799068331,-0.7785675723472327,-0.8301607241646399,-0.8370371681588674,-0.7755909355010251,-0.7734139414286663,-0.7795666251900123,-0.7920074274310872,-0.7155701552445423,-0.7136821139615154,-0.7079096927537551,-0.6163917006886085,-0.575557757341823,-0.4458973246865048,NEGATIVE,0.99,0.01,4.0,2026-03-18 16:35:59,Random Forest
Sample_0496,-0.8731416702739905,0.9486653682154443,-3.708505135370327,-0.007322480923949645,1.75088997474496,-3.072781621100918,-0.46,0.06,-2.665792443510928,-0.4582914572864322,1.108264271259329,-3.726673640409346,0.372,0.05,-3.315695530897306,0.3758793969849246,1.047576105879924,-4.099321444250798,0.98,0.07,-3.708505135370327,0.9788944723618089,1.000643709832503,-2.665792443510928,-3.315695530897306,-3.708505135370327,-0.4110133100871691,-0.4151586287740163,-0.3912861277206535,-0.2721563340203613,-0.2719794284028421,0.07308793008930288,45.20538594004901,-46.24429921710473,10.89877670576106,0.8245373535750226,0.7495829890116136,0.9090952468818757,0.7583964085413056,3.205211499722422,4.971658404080524,-0.4878694977639083,-0.468126898165745,-0.4473781829988113,-0.4845419809309415,-0.4550512621978919,-0.5136365081779851,-0.4539670788641995,-0.47374044469626,-0.4715469056064924,-0.479515118180338,-0.5169329535371057,-0.4636356705817992,-0.4575723094947347,-0.4640026009484877,-0.4754023632154582,-0.4479777742077926,-0.4577066482477581,-0.4597871721232226,-0.3784211845781176,-0.3572351396644225,NEGATIVE,1.0,0.0,4.0,2026-03-18 16:35:59,Random Forest
Sample_0031,-0.9460536728948867,1.035071918611418,-5.215544652802518,-0.006100311062516944,1.895387301443706,-5.785525303099033,-0.46,0.06,-5.215544652802518,-0.4582914572864322,1.094164796060345,-2.287414030094038,0.372,0.05,-1.701643043801512,0.3758793969849246,1.070736406599206,-3.156145245635098,0.98,0.07,-2.568107593427412,0.9889447236180904,0.9200942608772432,-5.215544652802518,-1.701643043801512,-2.556924075551679,-0.5802212451158945,-0.5391668791219603,-0.5639469555932753,-0.4169507550461493,-0.4613867184327347,0.04786625057556113,58.95954318233421,-60.30511429503164,11.22908457882817,2.529286446171349,1.833098559421601,0.7247492913253906,81.92892542108204,0.05038174676490613,0.2610662148759867,-0.6675643359041016,-0.6589506942461136,-0.6749719929085644,-0.6469095369234596,-0.6573198885129281,-0.6134595855306384,-0.6341186187524532,-0.6412288607945164,-0.662323071094462,-0.6229182809080032,-0.6094053918576603,-0.6358849366745616,-0.6265796969559122,-0.5880733258087236,-0.5720110189889446,-0.5735341072584084,-0.5566281261280904,-0.5418566109313049,-0.4360578195874744,-0.3641682708162344,NEGATIVE,1.0,0.0,4.0,2026-03-18 16:35:59,Random Forest
Sample_0317,-0.9363578484330304,0.8392061115706375,-3.507504168660329,-0.01530694005383053,1.87668964839558,-3.666152466395971,-0.46,0.06,-2.842385554472654,-0.4683417085427136,1.334838995490549,-4.049965225121511,0.372,0.05,-3.507504168660329,0.3658291457286431,1.274423931052867,-3.245721657008781,0.98,0.07,-2.94836847935448,0.9788944723618089,1.023702310668037,-2.808050008680389,-3.491555096950527,-2.94836847935448,-0.6793026315700484,-0.6581082170096482,-0.5414292232014586,-0.2711966810670478,-0.2773065383457782,0.3609337819565663,49.64049982750998,-47.60143596911053,10.96183934852626,0.9052306038716604,1.12953384603369,1.247785747855505,2.112039317891595,8.146742535894445,0.3453763652504008,-0.9018834532024423,-0.9369863958426243,-0.9011222782855535,-0.8962668974311887,-0.8480877215065409,-0.8820495680848666,-0.9132429327605243,-0.9054159052063542,-0.8817831015065585,-0.912040779730236,-0.8513862367370769,-0.8834044843120219,-0.8572904092455502,-0.8779695637475746,-0.8238473286882128,-0.8267071643161799,-0.7418874746709554,-0.7554737012514384,-0.7062533939271975,-0.6532768744312587,NEGATIVE,0.94,0.06,4.0,2026-03-18 16:35:59,Random Forest
Sample_0409,-1.447305589434731,1.553725566846428,-7.912739470330787,-0.002398826877628185,2.900501599507258,-8.964043095953265,-0.46,0.06,-7.912739470330787,-0.4582914572864322,1.094600891830343,-3.677845642715337,0.372,0.05,-2.785981690631936,0.3758793969849246,1.045212640462302,-4.343544002986962,0.98,0.07,-3.617181588422093,0.9788944723618089,1.005394296838604,-7.912739470330787,-2.785981690631936,-3.617181588422093,-0.9579952098038931,-0.9692640499148163,-0.8935625206849955,-0.7424754483459788,-0.604699378039143,0.1930975433729096,89.9275660474552,-97.1494354649513,16.98543274165556,2.437308132740218,2.063762469031944,0.8467384329907011,19775.80881511045,2.783996758063306,10.66289600736796,-1.054306279347003,-1.028002893885351,-1.058123595089933,-1.046472301226256,-1.074818201387297,-1.032760995215161,-1.057938179069124,-1.007748267695199,-1.027739240260448,-0.9954068368449303,-1.055078182773831,-1.038463342537266,-1.024344535045762,-1.013080435586171,-1.051500804007488,-0.9857390066014848,-0.9270607461324689,-0.8231478798148335,-0.7458570302642166,-0.6595229362945445,NEGATIVE,1.0,0.0,4.0,2026-03-18 16:35:59,Random Forest
Sample_0491,-0.8787533766913402,1.199736909924286,-4.008544881421356,-0.005461178655441407,1.76479842476089,-4.164575509336011,-0.46,0.06,-4.008544881421356,-0.4582914572864322,1.089036382997577,-3.157744802844104,0.372,0.05,-3.036483361245678,0.3758793969849246,1.049995165775928,-3.95489276034932,0.98,0.07,-3.986369760199266,0.9788944723618089,1.010672305626958,-4.008544881421356,-3.036483361245678,-3.986369760199266,-0.2223127844895826,-0.136626995323323,-0.1021221062418343,-0.03987039685066395,-0.1081225878572797,0.06587182505576343,44.40739047121092,-43.17008531962148,11.27721307252943,1.318844862189332,1.05301856755483,0.7984400574657282,4.992665450826131,0.6207450810463133,3.166160436061397,-0.2191038996152238,-0.264209621681733,-0.2327968571598121,-0.2324308255671979,-0.2215200012078309,-0.2001122786632679,-0.1997643459848579,-0.1934752606382014,-0.1903090511887505,-0.220249889225186,-0.1978823337933397,-0.1693167765500925,-0.2058766799784782,-0.1786610907970864,-0.1978353645170065,-0.183947264805009,-0.1171454567867742,-0.1363265596619085,-0.05296187481539181,-0.008333732860511813,NEGATIVE,1.0,0.0,4.0,2026-03-18 16:35:59,Random Forest
Sample_0492,-1.001781570010354,1.116611371760581,-5.50847259669804,-0.005953591161355895,2.007032405805453,-5.919861727344882,-0.46,0.06,-5.50847259669804,-0.4582914572864322,1.078140822202414,-3.563636586805113,0.372,0.05,-2.922637274966421,0.3758793969849246,1.039887512249958,-2.939063261796811,0.98,0.07,-2.024543436732549,0.9688442211055277,1.094465251394265,-5.50847259669804,-2.922637274966421,-2.020499973821249,-0.4501548963606092,-0.5522251173521855,-0.5979385433126745,-0.5842480382547771,-0.7205102068329449,-0.3014673125776824,61.52899684751947,-59.22811989968156,12.4225615759468,1.661185584765865,2.014200171971033,1.212507615309534,103.3092540942324,2.002394333116526,0.1324959264397983,-0.3551223118505311,-0.3701098197374266,-0.3591522051261802,-0.3807068645492035,-0.4009393525102832,-0.3656840404503609,-0.4017042619950508,-0.381424116195931,-0.4112895321758852,-0.3776515040878534,-0.3611408201363562,-0.3936372304024862,-0.3864751470451199,-0.397789509212376,-0.350604376357315,-0.388413989645128,-0.3290968387121336,-0.2615125682881993,-0.1954205954378379,-0.1144683474210662,NEGATIVE,1.0,0.0,4.0,2026-03-18 16:35:59,Random Forest
Sample_0281,-1.378822321421715,1.478620032250036,-7.667397196896149,-0.01064407827428766,2.762643615667886,-8.79994365148395,-0.46,0.06,-7.667397196896149,-0.4582914572864322,1.100138794837129,-4.65663070575572,0.372,0.05,-3.758545656453506,0.3758793969849246,1.056928377761327,-2.836895414922641,0.98,0.07,-2.120755024442102,0.9788944723618089,1.023847971691698,-7.667397196896149,-3.758545656453506,-2.120755024442102,-1.021569302142602,-0.9527818986924783,-0.8585559885748927,-0.6457022627003811,-0.6489619258599452,0.3059436152980616,94.08213999598122,-89.00724419824539,16.29346977216231,1.889766272555602,3.101962661434212,1.641453076225829,14897.76701258798,46.90470655248595,0.09628882082764507,-1.187368140686473,-1.1825788022975,-1.140873719997502,-1.17346003517741,-1.155884766524357,-1.173974514648027,-1.138947945073939,-1.143876594774474,-1.154097699177251,-1.21399841193398,-1.180442567233947,-1.153558619997909,-1.151417390317001,-1.115676493099969,-1.108096186883093,-1.096593077970723,-1.039498148187654,-0.9780496802303114,-0.8770234636787316,-0.7334228406320872,NEGATIVE,1.0,0.0,4.0,2026-03-18 16:35:59,Random Forest
Sample_0357,-1.159593404975594,0.9760284166376682,-4.47110723967242,-0.01008824046999908,2.32351845690501,-0.4152646502929298,-0.46,0.06,-1.015711708213423,-0.5587939698492463,1.0,-4.660222713147704,0.372,0.05,-3.912132814204936,0.3658291457286431,1.276871428678522,-4.848429764302637,0.98,0.07,-4.47110723967242,0.9788944723618089,1.01341489622298,-0.7217260462985969,-3.905771979174192,-4.47110723967242,-1.010558887406315,-0.9401239494078532,-0.7887721223542437,-0.4492663686982744,-0.3043485846157825,0.4303665283538473,60.06565038483711,-58.34092540713419,9.92391712774327,0.08910832718817492,0.0856493071943383,0.9611818546819759,0.001841488147061825,47.39338031001103,51.63337110435754,-1.158961061424029,-1.18342413341629,-1.134980179493408,-1.149449111943327,-1.165813744492036,-1.150875031018791,-1.159864205821742,-1.15777097311464,-1.133960231001009,-1.146594174838248,-1.176897707829416,-1.192770765218775,-1.177351738728928,-1.188685798968194,-1.125156311109176,-1.135720765028088,-1.150247552112634,-1.170617240425501,-1.156191071610197,-1.107147078555376,NEGATIVE,0.97,0.03,4.0,2026-03-18 16:35:59,Random Forest
Sample_0077,-1.138584140660792,1.300653734801945,-6.934136694900524,-0.01000682893441912,2.279631602456315,-7.532803783439295,-0.46,0.06,-6.934136694900524,-0.4582914572864322,1.079097103116778,-2.564320350893999,0.372,0.05,-1.722261623959434,0.3658291457286431,1.257845985432605,-2.792110677799981,0.98,0.07,-1.689051621048741,0.9889447236180904,0.8538879057811901,-6.934136694900524,-1.662838915717434,-1.670964533260792,-0.7000854465192863,-0.762890495571859,-0.791208926063122,-0.7410788200998949,-0.8833105873947735,-0.331982111725464,74.83471703679032,-77.52868298817991,12.88923481213327,2.93754396981373,2.697888677312284,0.918416440753177,1672.019033615831,0.1120143395768068,0.08371621863476143,-0.5615015760296088,-0.594802986589788,-0.5731443726850878,-0.6135345234579366,-0.562975286460571,-0.5614724190297011,-0.5649530938115107,-0.5888167910368336,-0.578117163224276,-0.5810942174699325,-0.5730226289195212,-0.5768677871504915,-0.5614981670055011,-0.5363479901561161,-0.5327136965177623,-0.5205327723319754,-0.4905168291174242,-0.4700408241839099,-0.3358480009022949,-0.2163898548888955,NEGATIVE,0.99,0.01,4.0,2026-03-18 16:35:59,Random Forest
Sample_0462,-1.295803835736114,1.114184834840531,-5.538853206594595,-0.002348985201986691,2.595185096057258,-6.230178987789513,-0.46,0.06,-5.538853206594595,-0.4582914572864322,1.069662880483453,-4.630553147244566,0.372,0.05,-3.592837130975283,0.3658291457286431,1.275122943178087,-4.307065553211139,0.98,0.07,-2.997753896587906,0.9788944723618089,0.970669855996182,-5.538853206594595,-3.582033533369073,-2.997753896587906,-0.8206717874504558,-0.8851594680277479,-0.939145104098492,-0.9088748354381491,-1.065352727512679,-0.4072965550413439,64.66027998364252,-64.778210378288,15.16779768824522,1.345450271205031,1.446502011826728,1.075106262033149,176.5065638629347,43.5048603086368,9.514354136027984,-0.5325535344842965,-0.5548455012774431,-0.5687365610113638,-0.5949741611990441,-0.5679143204440579,-0.5972015411182603,-0.6251064494620806,-0.617207089609707,-0.6113534481320304,-0.6027208389166957,-0.6187252034629237,-0.6346251754207788,-0.6221637741284215,-0.6275856551281095,-0.5587693911796535,-0.5753065406841881,-0.5392358374073546,-0.465496348126051,-0.3995597245207834,-0.3161075421263436,NEGATIVE,1.0,0.0,4.0,2026-03-18 16:35:59,Random Forest
Sample_0498,-0.929211980639289,0.7016637659347587,-3.527176497715213,-0.01051823231154128,1.861542676617716,-0.1313906892972003,-0.46,0.06,-0.9736423114563744,-0.5587939698492463,1.0,-2.898463524263513,0.372,0.05,-2.276970946092676,0.3658291457286431,1.332194813640085,-3.782786615151247,0.98,0.07,-3.527176497715213,0.9788944723618089,1.016912675176185,-0.7935145322157452,-2.240424223914778,-3.527176497715213,-0.8636287985033724,-0.7449052300531567,-0.7221285753610259,-0.3523542885997245,-0.2244116663778298,0.473827870930478,35.35981512047553,-36.61247860526865,6.81264082871196,0.04533115155574923,0.03473383583703596,0.7662244316542354,0.004731028226906222,0.2937645619418959,1.849312616873242,-1.092727675325582,-1.086043924381051,-1.055434342682751,-1.089676788724376,-1.098246340959127,-1.083559436135662,-1.083041366140781,-1.058284691523423,-1.082334920454975,-1.080495400694102,-1.062923378128019,-1.084238175176913,-1.07049629918604,-1.012259573872525,-1.032011371532084,-1.031612703490997,-0.9987303978943637,-1.026178978309333,-1.03491198598084,-0.9967763651854851,NEGATIVE,0.99,0.01,4.0,2026-03-18 16:35:59,Random Forest
Sample_0212,-1.05368170119087,1.520647295041297,-6.534149317130773,-7.682590078050139e-05,2.115798415914518,-6.685712193383305,-0.46,0.06,-6.534149317130773,-0.4582914572864322,1.072790118120384,-3.723091949728117,0.372,0.05,-3.46455305427724,0.3758793969849246,1.039809209381522,-3.682143725816697,0.98,0.07,-3.367161602864102,0.9788944723618089,1.001218932126061,-6.534149317130773,-3.46455305427724,-3.367161602864102,-0.1788244580112149,-0.199680811474457,-0.2679057104100963,-0.0832983232245609,-0.2252687070804831,-0.108338740278944,68.5709384754524,-68.04537446020683,14.09094786892812,1.79574189508576,1.815711903505455,1.011120756537644,387.4717328749101,3.172256953776658,1.350370110479971,-0.106059114400393,-0.08623298996475935,-0.0880418690051952,-0.08775184467728286,-0.1023133980327307,-0.04338127013681385,-0.07217884638134031,-0.1114953226229001,-0.1451964550626616,-0.1200258765308047,-0.09034173716310767,-0.1219690749679518,-0.1293800575112191,-0.08972320521905067,-0.07431729534719475,-0.09953521760696593,-0.02557363891161484,-0.02758147450990275,-0.0738219091768949,-0.1635668262215426,NEGATIVE,1.0,0.0,4.0,2026-03-18 16:35:59,Random Forest
Sample_0102,-1.150588771846457,1.512668582972058,-5.681161465178529,-0.007226691436846122,2.309594735260889,-6.093578552613947,-0.46,0.06,-5.681161465178529,-0.4582914572864322,1.094588398601179,-5.429448350278784,0.372,0.05,-5.184777840339197,0.3658291457286431,1.211490648596898,-3.66761601927038,0.98,0.07,-3.589200945727789,0.9788944723618089,1.006516644996375,-5.681161465178529,-5.184095142789377,-3.589200945727789,-0.3513299668347186,-0.3379439621993393,-0.2624120785008578,-0.03443587316276002,-0.007226691436846122,0.2504419343978976,67.16012177182665,-65.92499126542748,15.19064292216311,1.122320014758233,1.661454885297992,1.480375350568704,139.4317677818105,436.1738119543782,1.290449065322828,-0.5635201452307912,-0.5611820752895978,-0.5750377208557345,-0.5683812744838231,-0.5506336902797406,-0.5899740248294283,-0.5345939232171069,-0.5337055170899436,-0.4838176578284035,-0.5124708888777841,-0.4981379543753443,-0.4912531819463217,-0.4628953090504855,-0.4737639624085364,-0.4756231709206473,-0.4578163428590276,-0.4185696260954498,-0.3634614397353606,-0.2875501084054028,-0.1932108366091992,NEGATIVE,1.0,0.0,4.0,2026-03-18 16:35:59,Random Forest
Sample_0335,-0.8563345649424966,1.036381719178133,-5.3019324869524,-0.0660248549481276,1.715591384986544,-0.2072531607369728,-0.46,0.06,-0.3802518033797949,-0.3678391959798996,1.326092253290299,-5.875795940743716,0.372,0.05,-5.3019324869524,0.3758793969849246,1.035185414723049,-3.770585232545299,0.98,0.07,-3.041423718776135,0.9788944723618089,0.982734499187011,-0.221099165231194,-5.3019324869524,-3.041423718776135,-0.5047050120470892,-0.457754961707039,-0.5344903883380314,-0.3355246285563275,-0.5665333102055463,-0.203576938603455,74.2766137448771,-72.40076877182159,9.853634334025987,0.03527235506935255,0.05496578062951475,1.558324657410626,0.002636935941229153,1581.220393523797,1.780142877551342,-0.3619932437347174,-0.3478551696818837,-0.4054699088398693,-0.3676817549707241,-0.3416060176935303,-0.3856513087844901,-0.4046163969429724,-0.4199260587771236,-0.3956825519091979,-0.4033251859546049,-0.3782881955626923,-0.3354558212180961,-0.3748340432042704,-0.4182708184309442,-0.3912649133787638,-0.4016055659405104,-0.3962609879779146,-0.3713971585124841,-0.371335119279625,-0.4308029377114906,NEGATIVE,0.97,0.03,4.0,2026-03-18 16:35:59,Random Forest
Sample_0476,-1.557674499297288,1.833276209421671,-9.029392141013227,-0.02295051555221977,3.122728344740174,-9.898726947792056,-0.46,0.06,-9.029392141013227,-0.4582914572864322,1.088347831569113,-4.050795718441092,0.372,0.05,-3.185209104162913,0.3758793969849246,1.041785463862678,-5.074177535011991,0.98,0.07,-4.257747854304355,0.9788944723618089,1.005759047672648,-9.029392141013227,-3.185209104162913,-4.257747854304355,-0.8730172908945211,-0.8609331100691068,-0.8194851341779332,-0.6369834561782455,-0.6220498366413442,0.03654173956870259,105.0444817959375,-103.5023738392207,19.02370020124514,2.443649997635892,1.950804219893868,0.7983157251575195,99265.15211462798,8.166288333403193,104.5290054292762,-0.8599712973789247,-0.8528170832418939,-0.8527900543471807,-0.8369827962403145,-0.8451342422390294,-0.8188756793780191,-0.8225908191695777,-0.8552481865502586,-0.8414019251895186,-0.890503479414725,-0.8367477868498563,-0.8267555778161136,-0.8182945743872246,-0.8061127942795004,-0.833119872092915,-0.7599930246950114,-0.7044861437522519,-0.6428745358383062,-0.5518925438320745,-0.3968926575567681,POSITIVE,0.92,0.92,4.0,2026-03-18 16:35:59,Random Forest
Sample_0337,-1.173310967815193,1.748724780816153,-8.027037186559644,-0.007381416919244693,2.354803112058999,-8.431281996172352,-0.46,0.06,-8.027037186559644,-0.4582914572864322,1.094131274621678,-3.208994473829309,0.372,0.05,-3.058983194930724,0.3658291457286431,1.221148951463368,-3.266587530735539,0.98,0.07,-3.38723395657698,0.9788944723618089,1.01402307734789,-8.027037186559644,-3.037175270022852,-3.38723395657698,-0.3171832487503619,-0.2840457864713762,-0.1742950858205113,-0.1159974292640369,-0.1640102036791191,0.1985181580985123,90.78819119375783,-85.17907539554135,14.9068640007372,2.627390624986419,2.581067219794926,0.9823690452607396,7884.299539122282,0.7196741973724736,0.368641750203507,-0.5578020712666828,-0.5882875307762394,-0.5674825122043277,-0.5493443210806732,-0.5769806088179213,-0.5625823446384203,-0.5517411525405196,-0.509670404124107,-0.521944906994203,-0.499995627418009,-0.5041725842640346,-0.5215945718034196,-0.5113471278290465,-0.4760708025239261,-0.4555981099158568,-0.4473463164989034,-0.3843764033913682,-0.3252830396284423,-0.2255488508388979,-0.1224361240556629,NEGATIVE,1.0,0.0,4.0,2026-03-18 16:35:59,Random Forest
Sample_0441,-1.006337198980392,0.7057699944160236,-4.338590488939878,-0.1022274341389597,2.013583858946894,-0.2071947283240503,-0.46,0.06,-0.6554894274264763,-0.3678391959798996,1.2306028239561,-5.424379809695827,0.372,0.05,-4.338590488939878,0.3758793969849246,1.026865623656753,-3.307756585514626,0.98,0.07,-2.010764940003196,0.9788944723618089,0.988799914315096,-0.442551145256073,-4.338590488939878,-2.010764940003196,-0.8113074027036413,-0.8972452031378506,-0.97557245210926,-0.8994194973575644,-1.155723593111739,-0.4785988718156723,65.29709160075066,-68.05274422714932,8.939331123534503,0.03819694335446411,0.06263904944862037,1.639896911837572,0.005392375864208206,429.8411922855242,0.419242051888163,-0.437246959046713,-0.4711903749405438,-0.4257191630880128,-0.4605387529934936,-0.4800344712146287,-0.4713690428967926,-0.4501001200332564,-0.5218296276807589,-0.4937361544785393,-0.5270280434183287,-0.5034919326349625,-0.5072026499375253,-0.5407026462996928,-0.5397239342539463,-0.5658764389193193,-0.5905461814128843,-0.5421014945728063,-0.5177690159319198,-0.5702432594771528,-0.5760918331148013,NEGATIVE,1.0,0.0,4.0,2026-03-18 16:35:59,Random Forest
Sample_0174,-0.9395578835126929,0.6168952270065668,-3.391827708039053,-0.0003353174858224534,1.878071459525247,-1.718969556519276,-0.46,0.06,-1.117064469166981,-0.4582914572864322,1.080625349114964,-2.730720755755989,0.372,0.05,-1.689085649314904,0.3758793969849246,1.03913497879175,-4.854572545791794,0.98,0.07,-3.391827708039053,0.9788944723618089,0.9684537990107593,-1.117064469166981,-1.689085649314904,-3.391827708039053,-0.6907850692328358,-0.8054716593417393,-0.9487482185966326,-1.002068188439044,-1.168613306067575,-0.5556434977563307,43.39410389619658,-43.78996773702139,9.304262858067059,0.6294929838197191,0.3540928764180014,0.5625048817373479,0.0732899870688389,0.1810487093869093,52.63387281707334,-0.4878229820202099,-0.4995655868096255,-0.4901809118251811,-0.4818063078158519,-0.4965681547699268,-0.5174778200736703,-0.4885386480896116,-0.5474351472544028,-0.5052242443087404,-0.5233824771232486,-0.556847210627715,-0.5269122265754875,-0.5154862403481049,-0.4926314438881921,-0.5411273912864808,-0.5368835184564852,-0.539266647067352,-0.5176538724327151,-0.4864276527271813,-0.4615456400755419,NEGATIVE,0.97,0.03,4.0,2026-03-18 16:35:59,Random Forest
Sample_0003,-1.244720827866217,1.766003002111037,-6.932457819293666,-0.002146979045057331,2.499165877935594,-7.113645990618197,-0.46,0.06,-6.932457819293666,-0.4582914572864322,1.086608662422241,-5.058993941467588,0.372,0.05,-5.041019775322955,0.3758793969849246,1.043672566996446,-3.778897443077986,0.98,0.07,-4.032811056363377,0.9788944723618089,1.031563227012876,-6.932457819293666,-5.041019775322955,-4.032811056363377,-0.1049365888537019,-0.07531774018077764,-0.05313059284164533,-0.2757564199474196,-0.3040548330786788,-0.06990301572745786,75.7311609734531,-73.07624509312807,15.95153737516377,1.406138468028006,1.882466009668681,1.338748674096574,811.0170378630976,149.7721293608803,1.826977931032509,-0.2072577029242472,-0.2404138717657848,-0.240271751011437,-0.2712685580016131,-0.2329950755726794,-0.2391377542192125,-0.2479434242571471,-0.2434421143155938,-0.2762781318945602,-0.2190617720896214,-0.231240066280427,-0.2426210760656053,-0.2447443571729206,-0.2130139993333507,-0.1788778754274115,-0.1835604963924004,-0.1820602455199478,-0.1074307886365366,-0.02961611603957676,-0.1136246766107249,NEGATIVE,1.0,0.0,4.0,2026-03-18 16:35:59,Random Forest
Sample_0334,-0.7773546155015404,1.372643396257566,-5.292492658335429,-0.0001357224917254256,1.562139416196669,-0.5405338630966923,-0.46,0.06,-0.6223303720476452,-0.4582914572864322,1.044055593347955,-5.355399660022607,0.372,0.05,-5.292492658335429,0.3758793969849246,1.023627488646775,-4.519975185358525,0.98,0.07,-4.502151247127449,0.9788944723618089,0.9935892101614996,-0.6223303720476452,-5.292492658335429,-4.502151247127449,-0.020275998946243,-0.0006224511757639654,-0.03198526533069053,-0.1858165342494217,-0.130394042050669,0.0213302705816623,65.5301372495322,-66.91958589160814,10.41590870847783,0.1009324975560107,0.1195877943860475,1.184829438305382,0.009586488763031455,352.2627668010638,18.5040244885692,-0.05938145932118913,-0.07118364002951841,-0.0792241736404487,-0.07094953516124922,-0.06838794949943164,-0.07440017142324161,-0.04186791197563665,-0.04565902959206506,-0.05924711635356195,-0.06014821509327185,-0.0876880088912321,-0.04136141180284184,-0.06178318548393497,-0.07591405461794254,-0.02861866646489966,-0.06533036228314876,-0.07823473733410752,-0.1058319709505659,-0.06521292595306905,-0.1031322883711219,NEGATIVE,0.97,0.03,4.0,2026-03-18 16:35:59,Random Forest
Sample_0410,-0.8341931738774393,0.8002874919169954,-4.438744073678175,-0.01834734993135591,1.669396394112666,-0.2760180582684995,-0.46,0.06,-0.4554515042819212,-0.3678391959798996,1.559619467892471,-5.172483897871119,0.372,0.05,-4.438744073678175,0.3658291457286431,1.237665948347507,-3.293941162224388,0.98,0.07,-2.390506741944953,0.9788944723618089,0.9752930079206552,-0.1970466793295272,-4.427768413414666,-2.390506741944953,-0.5337677239859945,-0.6404814919154449,-0.6804341905816671,-0.522464650067067,-0.7271617984113325,-0.2836452664239816,66.7275168304873,-62.5444417495552,8.742443118364008,0.05336276800824889,0.08379568567706452,1.570302456276468,0.006072560604361251,207.8016515207048,0.4015312508624581,-0.4500482948535869,-0.4540670347343037,-0.4366370554424198,-0.4463617511440734,-0.4261445351257088,-0.4498048741786406,-0.4195255623070426,-0.4180111704122862,-0.4517096894709181,-0.4371818001244733,-0.4577615277655739,-0.4156519722972787,-0.4305904228034345,-0.4543631557592948,-0.4171744601942015,-0.441976193914238,-0.4474348871531994,-0.4565654557162276,-0.4478001274337758,-0.4454701129932948,NEGATIVE,1.0,0.0,4.0,2026-03-18 16:35:59,Random Forest
Sample_0071,-1.32565827744874,1.272915541492664,-6.512617107454938,-0.004256666209330209,2.656289462896572,-7.543202821540811,-0.46,0.06,-6.512617107454938,-0.4582914572864322,1.103124133408724,-2.873700697724118,0.372,0.05,-1.930954094566641,0.3758793969849246,1.037676373041405,-4.385394380496988,0.98,0.07,-3.690348281718848,0.9788944723618089,1.013498011505214,-6.512617107454938,-1.930954094566641,-3.690348281718848,-1.015342315334804,-0.9883766490768106,-0.936213927365345,-0.7481127239831129,-0.6050501284452167,0.2554712383499113,75.65966517841392,-80.11253510043778,14.80229789976192,2.62490899887897,1.720073992680666,0.6552889998911448,1702.30195479045,0.2735069036208482,12.15234096870404,-1.086325169889022,-1.050724808530069,-1.0389279467297,-1.08222588388439,-1.073586319206277,-1.071704809127348,-1.083409546039394,-1.05737453944765,-1.083747129738265,-1.079198858233579,-1.010626369528922,-1.063716171597133,-1.056326363308637,-1.05960705332033,-1.03113334133803,-0.9611966857785396,-0.9656846199302761,-0.9082092720014843,-0.8489510843647335,-0.6793652255524081,NEGATIVE,1.0,0.0,4.0,2026-03-18 16:35:59,Random Forest
Sample_0210,-1.189138143967276,1.025329970760688,-5.379242978872266,-0.001647656839734252,2.379638353225679,-1.017950168334428,-0.46,0.06,-0.7727796188442408,-0.5587939698492463,1.0,-6.326330279299569,0.372,0.05,-5.379242978872266,0.3758793969849246,1.041056873746121,-4.7061534148493,0.98,0.07,-3.721204656696594,0.9788944723618089,1.00164924985145,-0.001647656839734252,-5.379242978872266,-3.721204656696594,-0.9797455396425844,-0.9803369779066948,-0.9345525303479794,-0.6555368457165293,-0.7947232126048761,0.1106740359285981,74.75776965036856,-76.24643862205208,12.0504338624833,0.1609068960034018,0.2163019516368708,1.344267753647413,0.02185459963378762,5801.920565762485,33.10415576070652,-1.164286683428756,-1.1328524193096,-1.131177256847564,-1.104804043394472,-1.13604835067263,-1.132821583770885,-1.155091475063885,-1.131501046597186,-1.116574017330929,-1.123588822692097,-1.102153644956837,-1.083180139582623,-1.103044807338404,-1.086245863325983,-1.044547857477042,-1.056683893386366,-1.026287357180636,-1.050004996717794,-1.014643379046629,-1.040724786374259,NEGATIVE,0.96,0.04,4.0,2026-03-18 16:35:59,Random Forest
Sample_0064,-0.7871948490157947,0.8622485348542054,-3.523096940244353,-0.003108762949768952,1.578141834154493,-3.109078146080867,-0.46,0.06,-2.538166505941093,-0.4582914572864322,1.137999642979015,-2.459938439228028,0.372,0.05,-2.301955402459969,0.3758793969849246,1.056574042408526,-3.48726546236716,0.98,0.07,-3.523096940244353,0.9889447236180904,0.9484987143943129,-2.538166505941093,-2.301955402459969,-3.472132248744965,-0.4735649427259864,-0.3865775862751566,-0.2944480407315704,-0.1081653630581262,-0.07631220931845228,0.2926479217232817,34.09987754483236,-33.10671412829171,9.056282047676056,1.263884533247324,0.8915518992266281,0.7054061314730594,0.8074303262478488,0.08288371755320018,0.7345677119872103,-0.7065052265102324,-0.6599964287549869,-0.6754059257981366,-0.6814473568794726,-0.6744518181164153,-0.6880180688395441,-0.6668723178280321,-0.6716604627666382,-0.626850831755231,-0.6571579645638437,-0.6295132280467346,-0.6596743471772223,-0.6238448249512227,-0.6073143034718034,-0.6313989894896147,-0.6138044926334687,-0.5655105696387159,-0.5504673587309992,-0.5082110178299363,-0.4852316977017995,NEGATIVE,0.99,0.01,4.0,2026-03-18 16:35:59,Random Forest
Sample_0385,-1.266823270096932,1.290757276772247,-6.320953102625657,-0.02294060158757464,2.538992759384509,-7.146484823081952,-0.46,0.06,-6.320953102625657,-0.4582914572864322,1.092253941974596,-5.031990392600378,0.372,0.05,-4.207959991483041,0.3758793969849246,1.053755628571249,-3.111237066519691,0.98,0.07,-2.408461921334958,0.9788944723618089,1.00295766493058,-6.320953102625657,-4.207959991483041,-2.408461921334958,-0.8179888209046787,-0.8283847477104903,-0.8491333067471676,-0.548944105182201,-0.6349521455377248,0.106293419663451,75.62566878351308,-74.46008591302471,15.28971228220202,1.420210347299345,2.296991412189683,1.617360003437247,858.315180931965,138.545355278886,0.2268908150540347,-0.8411678802911784,-0.8560320925434597,-0.8405804851945696,-0.8982020318452555,-0.8895235075175607,-0.8793985054966366,-0.853796634708462,-0.8688105289060384,-0.8686098396153026,-0.834435953861298,-0.8487859592942253,-0.8544157440183278,-0.8408007906103063,-0.8226632252179363,-0.8483102311533883,-0.8048825113642741,-0.7767246396450238,-0.7422147145569856,-0.6403264724420432,-0.5222371596589235,NEGATIVE,0.99,0.01,4.0,2026-03-18 16:35:59,Random Forest
Sample_0094,-1.125849537579295,0.7903974149328683,-4.241544141615321,-0.02779153033755052,2.253727414468405,-5.291756896068547,-0.46,0.06,-4.241544141615321,-0.4582914572864322,1.115248315789529,-3.518290698443956,0.372,0.05,-2.568388101482249,0.3758793969849246,1.034852294098375,-3.330127285964601,0.98,0.07,-2.49656658453857,0.9788944723618089,1.022561096907753,-4.241544141615321,-2.568388101482249,-2.49656658453857,-0.9605674680291859,-0.9841322636677856,-0.9696035967159016,-0.7703800000359646,-0.806964699409097,0.04862330322664526,54.11631513376093,-52.99732029390374,12.1401748804771,1.50407039941553,1.589055444928959,1.056503369487527,34.93783778139233,1.756811582404076,0.4495919948212109,-0.9726530794793307,-1.009710326692212,-1.036422509327365,-0.989150908252702,-0.9842028470578408,-0.9895338024290767,-1.020758613918353,-0.9607703685197766,-0.9643523059861071,-0.9868762189238224,-0.9837791625768184,-1.008966329575185,-0.9561472290926867,-0.9809926443489949,-0.9737576272996276,-0.9383486779056084,-0.9512742067870409,-0.8998172638592964,-0.8449920852862656,-0.7513048426481663,NEGATIVE,1.0,0.0,4.0,2026-03-18 16:35:59,Random Forest
Sample_0486,-1.38735896620817,1.548002629336416,-8.1194804665086,-0.01290832225055837,2.779892085849552,-8.918964931566718,-0.46,0.06,-8.1194804665086,-0.4582914572864322,1.075982326356972,-3.151774575222934,0.372,0.05,-2.065989463926446,0.3658291457286431,1.285197760475947,-3.970063813081091,0.98,0.07,-2.85168588847144,0.9788944723618089,1.002200868343937,-8.1194804665086,-2.049977469629463,-2.85168588847144,-0.8973941120003185,-0.9335087859836724,-0.9764281666662308,-0.8567254000300054,-0.9692692654466522,-0.2237236508943176,93.3289640085579,-89.37604992379539,16.04080331987074,2.829823237258602,2.246554552140782,0.7938851171202967,18295.42604791796,0.6101432324107633,3.319844885929322,-0.6488070487092665,-0.6452038736018954,-0.6445197855966338,-0.6680858249214656,-0.6779031859962857,-0.6763711951991485,-0.696076657213706,-0.7086759011420914,-0.6688452013323913,-0.6584239133549802,-0.679051921421398,-0.6992849822548519,-0.6685005130590199,-0.6977150147688012,-0.6754429916389177,-0.6356134758838067,-0.6369190659532373,-0.5452650614117325,-0.474648190084525,-0.2815873007068402,NEGATIVE,1.0,0.0,4.0,2026-03-18 16:35:59,Random Forest
Sample_0186,-1.350420475027645,1.428232080359237,-5.864943674911183,-0.05541128652091797,2.706837084779323,-6.345156382883641,-0.46,0.06,-5.864943674911183,-0.4582914572864322,1.082011758636417,-5.819765255854051,0.372,0.05,-4.992459754241106,0.3658291457286431,1.219924281902267,-5.0589524356542,0.98,0.07,-4.072235437681772,0.9788944723618089,0.9885026569667102,-5.864943674911183,-4.98471273229353,-4.072235437681772,-0.5805823768644789,-0.6185695453023534,-0.7059367358710484,-0.5484520642994196,-0.7681913614358842,-0.31456307207359,71.29799585350526,-74.5661525359902,17.22387407439189,1.090277030761869,1.254243138987551,1.150389399757514,215.2537924223882,1345.174159768438,99.6732478842341,-0.4392419979128177,-0.4138797454405675,-0.4451495204657468,-0.4302379917811945,-0.4162898885783692,-0.474720646466807,-0.4427715985387995,-0.4457648017770154,-0.4703360301029485,-0.4700867077017037,-0.4413450868007037,-0.4427773319554155,-0.4200897776908772,-0.4152952724246629,-0.4519431363315684,-0.4060371639739078,-0.3960847614667386,-0.3288902187683335,-0.2748459990515302,-0.1395030087874213,NEGATIVE,0.93,0.07,4.0,2026-03-18 16:35:59,Random Forest
Sample_0034,-1.200083458200172,2.048051127848729,-9.404364431213144,-0.009669229765741083,2.408647638738142,-9.428313097174454,-0.46,0.06,-9.404364431213144,-0.4582914572864322,1.070906568428593,-2.167718401123175,0.372,0.05,-1.878449973590201,0.3658291457286431,1.170941049605236,-4.239865419349406,0.98,0.07,-3.732903420764916,0.9788944723618089,0.9801101979320894,-9.404364431213144,-1.849696960461493,-3.732903420764916,-0.0331310712969991,-0.1315500048976009,-0.195578259095241,-0.2137457334130061,-0.3196492873038894,-0.2310660856051003,97.51304212330871,-100.4269244446169,15.83589691764704,4.349417845181964,2.223729332102527,0.511270567983218,44071.99818806486,0.03566799508702752,7.712562019995,-0.1251854999842389,-0.1096277324147077,-0.08976188952936584,-0.1599595038876949,-0.0985276133393814,-0.07814794534172358,-0.07985525404685835,-0.05029620284296654,-0.097022799321233,-0.07485588277761575,-0.1012119487426443,-0.02872934156637665,-0.06230882043569337,-0.07127935487109195,-0.07643102232855414,-0.09098563251689837,-0.1484233974902333,-0.1726506347741933,-0.3179254515195971,-0.4778833403296956,POSITIVE,0.89,0.89,4.0,2026-03-18 16:35:59,Random Forest
Sample_0078,-0.6806848065099449,1.159433259289308,-5.116625964313781,-0.001116641136552493,1.364443676072896,-0.0920111669130943,-0.46,0.06,-0.1861979683010153,-0.5587939698492463,1.0,-5.376974695999604,0.372,0.05,-5.116625964313781,0.3758793969849246,1.016604678352537,-4.016674571367442,0.98,0.07,-3.464725985331603,0.9788944723618089,0.9914209332492293,-0.1733630730996469,-5.116625964313781,-3.464725985331603,-0.04899624229704903,-0.001968709052179857,-0.1036336995128945,-0.09567968618259251,-0.3558707566445599,-0.2465293069602986,69.19529920688508,-68.91092693828448,9.485660434280142,0.0171120699120175,0.02290729937869223,1.338663264962752,0.004420136257552732,374.889371430134,3.840269454377208,-0.1282862257756053,-0.1306913867800518,-0.1611089857798724,-0.1368930133737216,-0.1519637550180027,-0.188285970277348,-0.1393150223700484,-0.1252635300165744,-0.1060003808465213,-0.08706166088980835,-0.115049471323723,-0.1093910477682348,-0.1471449336931931,-0.07925636493807359,-0.08870052999911929,-0.1128549508675189,-0.09713038003882932,-0.09212215566510835,-0.07479119384249361,-0.09889388408311772,NEGATIVE,1.0,0.0,4.0,2026-03-18 16:35:59,Random Forest
Sample_0001,-0.8863500837143158,0.5796279813525409,-2.707997680485182,-0.0226545977302991,1.773519929463328,-3.298898791945935,-0.46,0.06,-2.707997680485182,-0.4582914572864322,1.070958612654384,-2.729607646476159,0.372,0.05,-1.920058084817097,0.3658291457286431,1.269021914435039,-3.556162515508802,0.98,0.07,-2.505725643346599,0.9788944723618089,0.9806764745138662,-2.707997680485182,-1.909800351366881,-2.505725643346599,-0.6313536706920151,-0.7275548439243046,-0.8046056221280529,-0.7696374943720543,-0.8824666384523772,-0.2697446476480057,37.60937218589575,-36.0043946860959,9.584668953930898,1.208561529421532,0.9276569272520834,0.7675711204344713,1.120467836030139,0.1804681471494587,0.9109928039039132,-0.5350391136139802,-0.505277779756703,-0.5089741649003175,-0.535032542176735,-0.5676405413505435,-0.5279260690993808,-0.5581602112813795,-0.5145759463624482,-0.5425288284995686,-0.552539843633288,-0.5217797849731495,-0.5280374766838889,-0.5576187445442911,-0.5210109174901392,-0.510703818382718,-0.5074909179590452,-0.4920932867632388,-0.501427149290332,-0.4635371345739208,-0.4182148024599341,NEGATIVE,0.95,0.05,4.0,2026-03-18 16:35:59,Random Forest
Sample_0012,-1.438298318741587,2.061785830702449,-9.075308289172451,-0.004455103890732018,2.886972111361084,-9.652684585879687,-0.46,0.06,-9.075308289172451,-0.4582914572864322,1.094359249364369,-5.77987615663073,0.372,0.05,-5.547450972804585,0.3758793969849246,1.042552253680899,-3.556146022642337,0.98,0.07,-3.548213251271826,0.9788944723618089,1.012576589217194,-9.075308289172451,-5.547450972804585,-3.548213251271826,-0.4464494619908805,-0.3267869566686379,-0.2628622805678247,-0.0703669336817729,-0.04567741472218273,0.362442229050746,98.68784041135197,-100.6304256771835,18.98870676515275,1.670050417050205,2.714366767961743,1.625320253957425,64916.82349042068,1198.925441764714,0.9109458633618097,-0.768380896940271,-0.7581649598384756,-0.7989495101119835,-0.7938589490056702,-0.7726750445841072,-0.7666739058232757,-0.8089060435312552,-0.7822187137957933,-0.7498409257440588,-0.7261622796095303,-0.7270336434042701,-0.7606461929634344,-0.7228961683291931,-0.6834584005116281,-0.6841358853095164,-0.6314826366859156,-0.6244611450328952,-0.5483329245015403,-0.393155001871447,-0.2325104531069188,POSITIVE,0.96,0.96,4.0,2026-03-18 16:35:59,Random Forest
Sample_0416,-1.117661457186321,1.328119061300957,-5.192137745061846,-0.006641525642059887,2.242349903424916,-4.087617254159511,-0.46,0.06,-3.564239544415069,-0.4582914572864322,1.106336682391798,-5.585939345719202,0.372,0.05,-5.192137745061846,0.3758793969849246,1.039017120684665,-4.890576007393619,0.98,0.07,-4.49400026280791,0.9788944723618089,1.005888961405901,-3.564239544415069,-5.192137745061846,-4.49400026280791,-0.4124342174914996,-0.4847173245693869,-0.4112364899584003,-0.1365616725008591,-0.2385934492004173,0.1398343485740322,67.4104850696109,-69.11383233950144,14.56413260727233,0.7317690009097693,0.8358150958046277,1.142184343372708,4.371622165552061,685.1151814190124,58.90019048527601,-0.5583103950589701,-0.5324076718864876,-0.5829948501521223,-0.5418135394355706,-0.562238394293861,-0.5612695437639353,-0.5635518163692014,-0.5514954926138261,-0.5684109255427378,-0.5520524207238056,-0.5287707959189615,-0.5346975927684383,-0.5131446044982092,-0.5454603737556729,-0.500057534925407,-0.5270633095991093,-0.4486881299866681,-0.4531716666976831,-0.4042148435601411,-0.3450207390500787,NEGATIVE,0.98,0.02,4.0,2026-03-18 16:35:59,Random Forest
Sample_0023,-1.084783924854563,1.071644909496249,-5.745683848126206,-0.007734134996610215,2.171828481337786,-2.41957433277473,-0.46,0.06,-1.862907528822368,-0.4582914572864322,1.104665304461616,-6.553688071984687,0.372,0.05,-5.745683848126206,0.3658291457286431,1.214933132961538,-4.304449936419291,0.98,0.07,-3.1994847753993,0.9788944723618089,0.9891813800025446,-1.862907528822368,-5.715866873423245,-3.1994847753993,-0.6004407251604356,-0.7266608862862235,-0.7147527056860955,-0.5451627108723283,-0.8697038190343606,-0.344931704216916,80.96495061727212,-81.46471450583894,13.27771234117871,0.3691927821706654,0.5621099951245996,1.522537877960884,0.2456041109296166,11181.0166247304,9.436920734804424,-0.5149193735860249,-0.5160195689206406,-0.555856609570161,-0.5235138411337451,-0.5508419148482596,-0.5494328120115213,-0.535472222284908,-0.5801872504267601,-0.5759753595412029,-0.5371438572261666,-0.5677621456397532,-0.5630760427977293,-0.5679778815919986,-0.5597671096921591,-0.5910292315309984,-0.5527975776459064,-0.536408972415476,-0.4999202062746499,-0.4772909883769724,-0.4354980369604062,NEGATIVE,0.97,0.03,4.0,2026-03-18 16:35:59,Random Forest
Sample_0073,-0.8482587452980468,0.4660547946501026,-2.739242718734284,-0.003494823687886979,1.695970079353259,-0.6392613224500332,-0.46,0.06,-0.6162235486640283,-0.3678391959798996,1.833598718209752,-1.512731081940191,0.372,0.05,-0.7969810869838234,0.2753768844221105,1.0,-3.793428684537167,0.98,0.07,-2.739242718734284,0.9788944723618089,0.9954524476731904,-0.1453688693116835,-0.5121295773659935,-2.739242718734284,-0.8835358083336999,-0.9147840354137228,-0.9670754228557203,-0.9575790205763117,-0.9386093072502175,-0.1717986037607046,39.34671725380144,-32.04455049503915,5.94542108892739,0.4225875504786566,0.1685180810320226,0.398776728848603,0.001250994442825232,0.005388806432416999,1.911833410295033,-0.7309275601993556,-0.6980150552341133,-0.7140952226374114,-0.7033074809146754,-0.7042898809123342,-0.7213346535470845,-0.7060421573047946,-0.7032628122673107,-0.7295292339703071,-0.7176901655612602,-0.728405078213936,-0.748529570374075,-0.7473851716621902,-0.7091024229481357,-0.6719159824192094,-0.7723510506723392,-0.7417611660235706,-0.7395322225944423,-0.713945764271116,-0.6686940560942942,NEGATIVE,1.0,0.0,4.0,2026-03-18 16:35:59,Random Forest
Sample_0183,-1.217157534124499,2.062574857999982,-9.156568612632066,-3.642166535491875e-05,2.446159294368428,-9.170136937875705,-0.46,0.06,-9.156568612632066,-0.4582914572864322,1.072421037317315,-3.719510922797961,0.372,0.05,-3.725161672799537,0.3658291457286431,1.18904939108045,-3.398995737023327,0.98,0.07,-3.353325453375434,0.9788944723618089,0.9972661828817034,-9.156568612632066,-3.676306606100892,-3.353325453375434,-0.01118123166863146,-0.04228613976587362,-0.003984331105382287,-0.1074062074656327,-0.05174080017877546,0.01750349023658758,94.08136238679555,-91.99751507849341,16.28864359769699,2.465414708603025,2.697895980860058,1.094297024936938,28224.5736082533,3.139647244780951,0.5575231079053445,-0.05616052547776514,-0.06015879382901029,-0.07187546333480384,-0.036183935616989,-0.0642035737059314,-0.04467115669306582,-0.07775472616563572,-0.03935340970653015,-0.05771247597599594,-0.04013965441200586,-0.07814768853796795,-0.08049943861122533,-0.08801188212032897,-0.07625450604335482,-0.08491153789965143,-0.1182614953409625,-0.1683363247045597,-0.2435836438995351,-0.2986186903257248,-0.4784233000863986,POSITIVE,0.73,0.73,3.0,2026-03-18 16:35:59,Random Forest
Sample_0132,-0.683151997662889,1.04346550153469,-4.421753864824669,-0.000370894367160729,1.37259390796489,-1.672141196950515,-0.46,0.06,-1.757563979898401,-0.4582914572864322,1.069151526102571,-4.495635919850055,0.372,0.05,-4.421753864824669,0.3758793969849246,1.02961823931904,-2.93618569756382,0.98,0.07,-2.921015401690572,0.9788944723618089,1.009748612663379,-1.757563979898401,-4.421753864824669,-2.921015401690572,-0.07836693580395827,-0.009934937926722162,-0.03980925003769929,-0.1462078887459763,-0.07859659724896484,0.04427428464414599,56.00461317283137,-56.8922626085329,9.10396281436439,0.3719476458419006,0.5694943607749012,1.531114303696842,0.067599102081581,29.47600158749705,0.1313100894264342,-0.1015799747153768,-0.1201065914420517,-0.1084138868296678,-0.1173026124325272,-0.1074745807107517,-0.1237088375695589,-0.1099502834576919,-0.1499913869513052,-0.1100699125760402,-0.09806230151906795,-0.09266757525987135,-0.1251257200800663,-0.1161596851989155,-0.1354160273188909,-0.12184399260156,-0.1081696637127049,-0.09754355376547806,-0.1000883055668771,-0.1341549411951204,-0.1793253790777945,NEGATIVE,1.0,0.0,4.0,2026-03-18 16:35:59,Random Forest
Sample_0411,-0.8497614985322326,0.5639927102355382,-2.839974355946971,-0.01967476150829668,1.699839219862376,-2.70952178397179,-0.46,0.06,-2.119370240727124,-0.4582914572864322,1.076507046309756,-2.61556237270819,0.372,0.05,-1.824121013616256,0.3758793969849246,1.028914425195032,-3.870258623563938,0.98,0.07,-2.839974355946971,0.9788944723618089,0.9639366130175886,-2.119370240727124,-1.824121013616256,-2.839974355946971,-0.6223758522877783,-0.6863237208399157,-0.7504178508362083,-0.7322545758954437,-0.8275264171229516,-0.300616046778781,35.87244371554223,-38.94802154376036,9.195342780243918,1.035923215689295,0.7000880425599877,0.6758107473189071,0.4051236009055285,0.1298633741308663,2.430507195917615,-0.5176812833613953,-0.5365104682314339,-0.5206662624068952,-0.5147708315229528,-0.5494360358005405,-0.540226009225058,-0.5693856928494706,-0.5472199092445791,-0.5309254907056189,-0.5499216692765417,-0.5245795077036557,-0.5200489758562747,-0.5304776550985782,-0.5193306068908625,-0.5332722619298486,-0.4943884208810448,-0.4921211883668635,-0.432763609698034,-0.4431555866512537,-0.4258265662769825,NEGATIVE,0.97,0.03,4.0,2026-03-18 16:35:59,Random Forest
Sample_0194,-1.0992534868336,1.127296552169603,-5.597358326218692,-0.01526579224724608,2.202686043886435,-6.058265395627198,-0.46,0.06,-5.597358326218692,-0.4582914572864322,1.070027492002121,-3.804176684712183,0.372,0.05,-2.978044588980238,0.3758793969849246,1.040482979366342,-3.447126540903615,0.98,0.07,-2.405956921029524,0.9788944723618089,0.9694015400592808,-5.597358326218692,-2.978044588980238,-2.405956921029524,-0.5801256507220051,-0.6615733102837433,-0.7470722980024452,-0.6646992247758566,-0.8472444288161876,-0.4090116675077538,64.49303100768601,-63.9934604562138,13.309568621243,1.592529973692732,1.757482739243773,1.103579064931853,131.186788850643,4.008466899002937,0.6479914192622271,-0.2744243325119378,-0.2662115075268808,-0.2828164048122978,-0.3116547266976308,-0.2649521844888013,-0.3208568266500572,-0.3029882724711132,-0.3040650396560979,-0.2834496489891963,-0.3265299875045767,-0.3241265204818882,-0.3331070510491476,-0.3182740615570517,-0.3088937754393261,-0.327356516789035,-0.302548266608321,-0.3027459722547157,-0.2429041782218763,-0.2097846590721589,-0.1297516069250054,NEGATIVE,0.99,0.01,4.0,2026-03-18 16:35:59,Random Forest
Sample_0056,-1.334316325761079,1.596447679029529,-8.188764431599362,-0.0005100525121146393,2.674454178767412,-9.140048479773585,-0.46,0.06,-8.188764431599362,-0.4582914572864322,1.096950034640593,-2.905177645652105,0.372,0.05,-2.154106365505266,0.3758793969849246,1.063220079114159,-3.703974805639124,0.98,0.07,-3.088949479666602,0.9889447236180904,0.9268213867521774,-8.188764431599362,-2.154106365505266,-3.036056516130196,-0.8528912830329685,-0.8202952067076071,-0.8171116646482816,-0.566718565482848,-0.5502237789791048,0.2136004256023574,92.69323914458023,-92.45398680760475,15.74920093106481,3.146123781260881,2.467632464955836,0.7843405525407765,26796.14527625029,0.2995112156132601,1.445687290935881,-0.9686747904606294,-0.97022169255097,-0.9615342182618541,-0.9762485009900653,-0.9727572631186729,-1.004898525815418,-0.9740745758347249,-0.9641352746104265,-0.962344708253478,-0.9864205395356886,-0.9752585403778058,-0.9548003634518023,-0.9335887387727236,-0.9222220441394844,-0.9217863531688495,-0.9192177092987237,-0.8310599586681197,-0.7556597073768828,-0.6321810596622338,-0.5494819036629432,NEGATIVE,0.57,0.43,3.0,2026-03-18 16:35:59,Random Forest
Sample_0149,-0.9213862137532536,1.258628235367333,-5.559229498318351,-0.009372541694374216,1.848209462568703,-0.1488121230532315,-0.46,0.06,-0.4932443369023364,-0.5587939698492463,1.0,-5.877666686548642,0.372,0.05,-5.559229498318351,0.3658291457286431,1.206067612549712,-4.286460334864382,0.98,0.07,-4.108313500386996,0.9788944723618089,1.012067528252151,-0.3800396019473604,-5.507950529454435,-4.108313500386996,-0.4208405051640815,-0.3667445671869384,-0.2939449134625379,-0.009372541694374216,-0.05139471677676502,0.2339193871151909,74.56902254103106,-69.85462918382439,10.31293914446626,0.02531823102419131,0.03471678527918531,1.371216861320753,0.002916812103739928,1589.778795051265,8.92115486562794,-0.61432061217993,-0.5585403099425547,-0.5786696421934074,-0.588758678368248,-0.6071627391411751,-0.6328233583331158,-0.5444182595995894,-0.5937974644880025,-0.5854177199270795,-0.589563137845425,-0.62231655518901,-0.5411808763425912,-0.5524233449647552,-0.5839382275877901,-0.5622285488318288,-0.5558021487848523,-0.5272271285350181,-0.5489169948329622,-0.5395957371571886,-0.5227506554682286,NEGATIVE,0.95,0.05,4.0,2026-03-18 16:35:59,Random Forest
Sample_0019,-1.08934605127396,1.152297431241307,-5.968239468636379,-0.008085327021927904,2.184081910450376,-3.911523882555542,-0.46,0.06,-3.008505979909109,-0.4582914572864322,1.14910773621526,-6.547131646516942,0.372,0.05,-5.968239468636379,0.3758793969849246,1.058907857811675,-2.796342378391828,0.98,0.07,-2.567086413667725,0.9788944723618089,1.043531898952026,-3.008505979909109,-5.968239468636379,-2.567086413667725,-0.7618019263320852,-0.6983530148618161,-0.6296999402387461,-0.1927395003944261,-0.247375063702945,0.4413864301769568,80.24010971225647,-81.14366882241147,13.25499790746431,0.5974408479530823,1.398800058526829,2.341319752941765,3.225808579310814,10971.48013720987,0.08483037666682929,-0.994446595156506,-0.9977141743692245,-1.004834508099535,-1.023483817740823,-1.038054928112873,-1.039679952014221,-0.972282384120004,-0.984827568178001,-0.9797562928491657,-0.9912691930879179,-0.9867853584608183,-0.9623513048397944,-0.9567734827902618,-0.9416804554410975,-0.8946627715016646,-0.9123925187483825,-0.9350972899861287,-0.9148493585174108,-0.86823739353959,-0.7849661010461398,NEGATIVE,1.0,0.0,4.0,2026-03-18 16:35:59,Random Forest
Sample_0205,-0.9803319481182757,1.332943484918999,-5.709762175814094,-0.004102287058079787,1.967593375600137,-5.773617568294027,-0.46,0.06,-5.709762175814094,-0.4582914572864322,1.066430741046642,-2.870190732121335,0.372,0.05,-2.505064721576729,0.3758793969849246,1.047923023107332,-4.143740689446656,0.98,0.07,-3.696418660278991,0.9788944723618089,1.002435001741681,-5.709762175814094,-2.505064721576729,-3.696418660278991,-0.2439998686629434,-0.2668922084678235,-0.3001444010602563,-0.2301034558110885,-0.2578625559755267,-0.2010501362992482,59.81086746603442,-60.59503798344657,12.78754898986202,2.011579754501817,1.39333467053051,0.6926569366252048,80.2621743328777,0.2707508568700284,5.711782052401934,-0.08979861514226732,-0.05828703882555687,-0.09280018015653287,-0.05868063375966275,-0.06258432062776184,-0.04824735054753709,-0.07202319226902998,-0.05620698427851567,-0.03760219110337357,-0.07322323874948403,-0.06177027141464682,-0.09061028713477001,-0.004102287058079787,-0.0310550265217328,-0.04174817882912244,-0.03009755378356272,-0.07454615461211656,-0.1171044733480026,-0.1564696949519317,-0.2235278657824209,NEGATIVE,1.0,0.0,4.0,2026-03-18 16:35:59,Random Forest
Sample_0079,-0.9028867388501476,0.825167553936944,-3.962988638008853,-0.02679100379617747,1.808502532645753,-3.12735289863136,-0.46,0.06,-2.58243548182908,-0.4683417085427136,1.223022479718618,-2.48300039798885,0.372,0.05,-1.82029354225576,0.3758793969849246,1.033797593761448,-4.752013148737804,0.98,0.07,-3.962988638008853,0.9788944723618089,1.003137631754426,-2.548160124934528,-1.82029354225576,-3.962988638008853,-0.6108822430858256,-0.567918360068884,-0.5948777220885941,-0.5514082243978956,-0.606159770436622,-0.1197987427010046,41.69450880200279,-43.02851785562087,10.36236644535801,1.259505597004501,0.6581111627315309,0.5225154729734633,0.8333055452119894,0.08858678077178803,38.20387303943364,-0.511547029076036,-0.486005812716925,-0.4739884449703107,-0.4414018831842358,-0.522475634513197,-0.4680563622018287,-0.493476539394436,-0.4959513339561777,-0.4536711287137868,-0.4724189460069517,-0.4596154466612083,-0.4980430920122866,-0.494204151898512,-0.4806720593505715,-0.4670692377193486,-0.484427633613941,-0.4903914317424479,-0.423925871147725,-0.4568507977786682,-0.3578975898352141,NEGATIVE,1.0,0.0,4.0,2026-03-18 16:35:59,Random Forest
Sample_0495,-0.9520932161871133,1.144944346063789,-4.201790515550807,-0.00292512591734672,1.90943300990006,-4.250396021126372,-0.46,0.06,-4.201790515550807,-0.4582914572864322,1.060617837199378,-3.953194580913761,0.372,0.05,-3.476322319756442,0.3658291457286431,1.196979513024352,-4.266428694482012,0.98,0.07,-3.632672055332141,0.9788944723618089,0.9929204407434185,-4.201790515550807,-3.43887932351641,-3.632672055332141,-0.1094335242239497,-0.2467013991771949,-0.3644736525784577,-0.3399727385899803,-0.4524282426617463,-0.27877759354646,50.2285622257892,-48.44590425390686,12.47001929652215,1.075180068708866,0.9962421325882287,0.9265816597442792,5.789828277148282,6.161940776811676,8.379943782300332,-0.1512811588202028,-0.192618228696566,-0.1547875352465352,-0.1153586625183825,-0.1478990670600516,-0.1395276363939294,-0.1370150693463445,-0.1368675270723015,-0.1470102474739559,-0.09963430715059818,-0.1413502732621864,-0.1218978786408343,-0.1455724140728176,-0.09368120766383788,-0.1101170973667474,-0.1158765432802714,-0.09755850778935685,-0.1362732366578694,-0.1535029047220643,-0.2480266029348755,NEGATIVE,1.0,0.0,4.0,2026-03-18 16:35:59,Random Forest
Sample_0263,-0.8686217023189206,0.5182934612170972,-2.995485255828283,-0.0167301760118924,1.736674138972908,-0.7967832542110664,-0.46,0.06,-0.7069565103488465,-0.5587939698492463,1.0,-2.428018222001851,0.372,0.05,-1.59226771725782,0.3658291457286431,1.277572380649327,-3.865434839860711,0.98,0.07,-2.995485255828283,0.9788944723618089,0.9878726643787237,-0.08879064703654249,-1.567788391543216,-2.995485255828283,-0.8876777341877956,-0.8629773036021415,-0.8581871635051029,-0.7405871716701764,-0.7347251064785429,0.02255227735878734,33.21951158587731,-36.31811763693306,7.090236316073629,0.3281619746470169,0.2061303028561149,0.6281358560138977,0.01491937277566228,0.07559080143474281,2.394152169254006,-0.9478159133385528,-0.9643536166984275,-0.9121907844566206,-0.9432474191171235,-0.9437948786836041,-0.8814117360584469,-0.9075843555655132,-0.9278577209171209,-0.9216049314048451,-0.9335840249106164,-0.9304624512709023,-0.9094013062556338,-0.9007999422121953,-0.9050707114775539,-0.8717291968069334,-0.8633207525790684,-0.9063509160161753,-0.9120851576697504,-0.8571445723850865,-0.8741398998406659,NEGATIVE,0.99,0.01,4.0,2026-03-18 16:35:59,Random Forest
Sample_0324,-0.6755116111735896,1.029286486278941,-4.021351674673817,-0.0004275662814453712,1.357374202202529,-2.289261191813984,-0.46,0.06,-2.307494577128237,-0.4582914572864322,1.078432287638217,-2.307362448062523,0.372,0.05,-2.317025250993254,0.3758793969849246,1.022816251260187,-4.003107365181132,0.98,0.07,-4.021351674673817,0.9889447236180904,0.9401202815481134,-2.307494577128237,-2.317025250993254,-3.998423101182835,-0.02930104312414319,-0.01293763235065092,-0.03328974766441621,-0.0646599393053975,-0.1661236058835204,-0.04235773684351817,37.77994708665685,-34.5704589859371,8.599731005057638,0.992155000934622,0.5718710449102332,0.5763928462503578,0.1961325248178454,0.05336680932883535,3.68089141137047,-0.001231378722748304,-0.0683774055783672,-0.05461411054564021,-0.007003620951249439,-0.02966031081485604,-0.0282618222654718,-0.02435126670789018,-0.02870578018273022,-0.03737830041354787,-0.03116447637293069,-0.02481926683149505,-0.03195880370869718,-0.02865299139454059,-0.005965198540536235,-0.0007826870752262946,-0.04899511133802979,-0.007863357869558375,-0.04276204821051905,-0.04070775925604173,-0.07793389786637445,NEGATIVE,0.99,0.01,4.0,2026-03-18 16:35:59,Random Forest
Sample_0484,-0.9178593454003365,1.135318021041985,-5.650665414792056,-0.01755899182532214,1.839559920312622,-5.999106474264007,-0.46,0.06,-5.650665414792056,-0.4582914572864322,1.078038127956743,-0.7348044810059466,0.372,0.05,-0.5212259731345322,0.4663316582914572,2.512422565802146,-3.336503162748246,0.98,0.07,-2.539652215765294,0.9788944723618089,0.983191518964189,-5.650665414792056,-0.1404511159061485,-2.539652215765294,-0.4640459828035335,-0.5644004832366656,-0.5717960105131967,-0.5956087384277208,-0.595019340425797,-0.2617457361244292,64.8479957635406,-61.26136764065158,10.0704141180182,8.164221407647428,1.798022115262316,0.2202319150210831,118.4521871584046,0.0005710146087426791,0.4586376374851633,-0.2739112728369668,-0.2605316250060915,-0.243056092927446,-0.3051241348174041,-0.2808287735296393,-0.3414588628059638,-0.3394102664986732,-0.2911868805936476,-0.3167815132171163,-0.3491781413561733,-0.2944785564367046,-0.315147239702639,-0.3253801551072678,-0.3215464493732242,-0.2798128054102825,-0.2845841474536444,-0.2649688947987419,-0.2192502018100003,-0.1573595204999468,-0.05963117646331996,NEGATIVE,1.0,0.0,4.0,2026-03-18 16:35:59,Random Forest
Sample_0080,-0.8378080726078335,1.164065957095386,-4.923091316440581,-0.00938485983321035,1.680476504600141,-0.5383612468590666,-0.46,0.06,-0.3424637779142258,-0.5587939698492463,1.0,-5.304942490698452,0.372,0.05,-4.923091316440581,0.3758793969849246,1.046473265520265,-4.349060162812757,0.98,0.07,-4.058573291768313,0.9788944723618089,1.001430465520659,-0.1089102337413106,-4.923091316440581,-4.058573291768313,-0.4181799583523702,-0.3926703753048983,-0.3587707098044731,-0.1239352103347199,-0.1259725237010731,0.1390892323154635,65.46961911274406,-68.74086501020206,10.19236390037027,0.1014829562814329,0.1237879511215778,1.21979055062496,0.009550605793342756,304.534995359944,10.84825253992414,-0.4932915461681341,-0.4915906324842896,-0.5292668012678258,-0.4944263842445185,-0.4648458929224071,-0.4608983896155521,-0.5173263543198178,-0.4734617626853167,-0.5245493439389224,-0.5096898051967679,-0.4712093389687892,-0.5075749527710358,-0.4589938786093364,-0.440586695231561,-0.4528850405989148,-0.4808904621325654,-0.484007176056429,-0.4450284030489999,-0.4104963148255311,-0.4104610355091571,NEGATIVE,0.99,0.01,4.0,2026-03-18 16:35:59,Random Forest
Sample_0040,-0.8811610125610875,0.7025242325187415,-3.394952855574761,-0.002466578737437934,1.763708228848243,-3.999114056795908,-0.46,0.06,-3.394952855574761,-0.4582914572864322,1.097829041317172,-2.221501872987095,0.372,0.05,-1.489608160749579,0.3758793969849246,1.047112956573797,-3.549297472732138,0.98,0.07,-2.732432716051739,0.9788944723618089,0.9886474181893542,-3.394952855574761,-1.489608160749579,-2.732432716051739,-0.6092544387781257,-0.6270546871034796,-0.6977205025464777,-0.6713464139981042,-0.6255070763352042,-0.1222372544000739,43.63067198577846,-44.98619979939591,9.76991340251514,1.800184868365015,1.126733976940376,0.6258990377825538,3.752307257968958,0.04165590100448804,0.8916616714959442,-0.6209964874172801,-0.5962162985937789,-0.5782482254551387,-0.5632017561277797,-0.5782373294470777,-0.6100451004680488,-0.5871914366534006,-0.6152464141534963,-0.5648432428837606,-0.5913070524897812,-0.5665234881566039,-0.5656965151347816,-0.5775090546084015,-0.5612226493007292,-0.5340750950147273,-0.5482365423057799,-0.5307596815147032,-0.5211067316375925,-0.4734643636951158,-0.4164130254598584,NEGATIVE,1.0,0.0,4.0,2026-03-18 16:35:59,Random Forest
Sample_0452,-1.131540073439429,1.334482714394803,-4.670999036103437,-0.01684976576408197,2.269504603186026,-5.261096796787394,-0.46,0.06,-4.670999036103437,-0.4582914572864322,1.108692788243791,-4.599880285493693,0.372,0.05,-4.367026272733694,0.3758793969849246,1.058028390462321,-4.154963031454701,0.98,0.07,-4.188494334721464,0.9788944723618089,1.018723063476838,-4.670999036103437,-4.367026272733694,-4.188494334721464,-0.441898554693436,-0.4484224511512787,-0.3159997244451238,-0.04296844973440036,-0.1200339857534464,0.298425387097728,58.0214975423453,-59.03244836985798,14.01594011373579,1.143746460832672,1.266219881370502,1.107080917608844,33.1369430486836,39.81994064949144,5.915598441159151,-0.7907320579739774,-0.7572618602480701,-0.7696163826507105,-0.75671515619284,-0.7292045144901459,-0.7457641226037413,-0.7453340861928235,-0.7322182023352362,-0.7382882889133133,-0.7021531008534765,-0.72670794190688,-0.7055134389639058,-0.6741765278664011,-0.7164774393861035,-0.6731032073941184,-0.6628424805572039,-0.6258614181637473,-0.569384655978479,-0.5081596897060362,-0.4094652280762126,NEGATIVE,0.99,0.01,4.0,2026-03-18 16:35:59,Random Forest
Sample_0047,-0.7128321383899923,0.6791018177719806,-3.212530817970692,-0.008401243354750482,1.428242965576881,-2.628387247633076,-0.46,0.06,-2.132955168391774,-0.4582914572864322,1.091872361696006,-1.823701100751288,0.372,0.05,-1.314274697197775,0.3758793969849246,1.05357615898583,-3.693057970200477,0.98,0.07,-3.212530817970692,0.9788944723618089,1.006755855833276,-2.132955168391774,-1.314274697197775,-3.212530817970692,-0.4828038413540156,-0.4805083524832004,-0.4587477528192746,-0.3788936314292859,-0.379776088018307,-0.03005270056513423,34.36034270216975,-37.14449228943847,8.14514631858484,1.441237956455853,0.7117102598555729,0.4938187040297904,0.3521819162829796,0.01321841322152525,1.397210472116321,-0.4261999025336599,-0.4187396197008212,-0.3914845083662167,-0.4203706690386531,-0.4399169624160002,-0.4546782576281766,-0.4361146655150636,-0.4660370186993771,-0.4422278549165484,-0.425701082897484,-0.4239172384748591,-0.4368156070994333,-0.4194942899999355,-0.4102587733444234,-0.3934128795288157,-0.3940462604640013,-0.3964210224884376,-0.3792187504640757,-0.348385895878711,-0.3645563495881481,NEGATIVE,1.0,0.0,4.0,2026-03-18 16:35:59,Random Forest
Sample_0239,-1.239317480027901,1.245305785175628,-5.21551718089344,-0.008533309208415336,2.484264548812391,-6.190286985528177,-0.46,0.06,-5.21551718089344,-0.4582914572864322,1.124104532150276,-5.73286026695051,0.372,0.05,-5.115349852955432,0.3758793969849246,1.058457690113922,-3.063759614653698,0.98,0.07,-2.731856118466187,0.9788944723618089,1.027069610962929,-5.21551718089344,-5.115349852955432,-2.731856118466187,-0.8917427296287671,-0.8152908649938415,-0.6683624826370669,-0.3009414305781755,-0.2812260190081854,0.5199670724081693,69.58106302957454,-70.15218410006524,14.98690686713238,1.079790313609194,2.020487167439824,1.871184749459695,164.7619072968746,1046.827254796859,0.1956126942415485,-1.199140471155397,-1.156966165565556,-1.170747263581563,-1.144789285770021,-1.132026481707988,-1.141332509105066,-1.162307449218012,-1.113737655047398,-1.120929435883486,-1.147705120431153,-1.109439246057097,-1.151191702275106,-1.138890002210778,-1.124981106497981,-1.094072622672523,-1.05529176447821,-1.02003468618702,-0.9836367817127384,-0.9435831221431161,-0.8144204866547664,NEGATIVE,1.0,0.0,4.0,2026-03-18 16:35:59,Random Forest
Sample_0392,-0.7116529581071633,1.027183862260499,-3.664499829889186,-0.001109097392042444,1.430177437461866,-3.705262491605626,-0.46,0.06,-3.664499829889186,-0.4582914572864322,1.078911182446585,-2.532438439577039,0.372,0.05,-2.481839436301845,0.3658291457286431,1.193536846867867,-3.243036345274792,0.98,0.07,-3.174083189565791,0.9788944723618089,0.9963714902445708,-3.664499829889186,-2.444822125561572,-3.174083189565791,-0.09515254557364869,-0.05553777998204403,-0.02848285894089068,-0.03979833406462369,-0.04866165416198664,-0.003790381930183989,40.19202105427201,-37.10172357230017,9.480737276457457,1.463120458803519,1.142528820870081,0.7808850009550101,2.259539088715591,0.1021695199565689,0.3424909055487308,-0.02414621204680498,-0.01952222615584426,-0.06887314882699783,-0.0465006497147192,-0.05157571653384328,-0.01105853124115874,-0.03641652813092206,-0.03382446292821108,-0.04290300563907825,-0.01182581416285776,-0.04581235701963855,-0.06385093606406625,-0.02095253834113496,-0.002328208364482484,-0.0348484192499733,-0.02731762285599511,-0.009173562736060407,-0.003501547330239399,-0.06983872049432817,-0.1200592448814616,NEGATIVE,0.94,0.06,4.0,2026-03-18 16:35:59,Random Forest
Sample_0353,-1.126249878191348,1.304717746087546,-5.903558048555972,-0.01317916721392121,2.258547021936868,-6.331385080244264,-0.46,0.06,-5.903558048555972,-0.4582914572864322,1.090493948536462,-2.927262076562628,0.372,0.05,-2.347166762301591,0.3658291457286431,1.273524111000288,-4.57787445337126,0.98,0.07,-3.998585602302815,0.9788944723618089,1.00164954247162,-5.903558048555972,-2.318817853479693,-3.998585602302815,-0.5112936876336157,-0.5590804273277723,-0.5959069818728049,-0.4893266372282024,-0.4057535608328782,-0.05170041460512673,66.4410110600542,-68.25745348946562,13.83652161017815,2.162903393904166,1.383040348688828,0.6394369496976745,210.1974758129884,0.3192183255896496,22.17312667297363,-0.4728465409461451,-0.5229363031498727,-0.5053668530631631,-0.5080124880602676,-0.5134566388030478,-0.5096030066229366,-0.468384639501052,-0.4742492928966616,-0.4371088786738413,-0.4794274411431519,-0.4913224930568134,-0.4688596136422317,-0.5026646993101662,-0.4897951051281552,-0.4493418848121584,-0.4681395024010145,-0.3854092492966345,-0.3958578048367122,-0.3335572726563038,-0.1809870867395005,NEGATIVE,0.97,0.03,4.0,2026-03-18 16:35:59,Random Forest
Sample_0342,-0.8812186620542574,1.108410583188159,-3.92916061972473,-0.005266309613421562,1.768500034154715,-4.354697381377079,-0.46,0.06,-3.92916061972473,-0.4582914572864322,1.11496628726019,-3.903342543354581,0.372,0.05,-3.781035714807493,0.3758793969849246,1.049699316460695,-3.146828409373055,0.98,0.07,-3.106189859801324,0.9889447236180904,0.9315603676713087,-3.92916061972473,-3.781035714807493,-3.0900822754583,-0.3294226092127008,-0.2136152767773224,-0.1714176246434471,-0.07134772684454091,-0.01683339738528829,0.2727127028439018,50.58161836863462,-52.14873402570049,11.40486833410472,1.115632905134326,1.383836935120548,1.240405270185115,6.931905120364385,5.336374435075029,0.2535765586493263,-0.5506917153012209,-0.5844513173631208,-0.5913252389367203,-0.6133701992499611,-0.5666319169706551,-0.5504468393519912,-0.5727658728598718,-0.5549606018676762,-0.5460033520721832,-0.5340017053159464,-0.5497066936882669,-0.5022981097626352,-0.5361508249696755,-0.5128333392828524,-0.4852940596418656,-0.5034110620154173,-0.491690532583095,-0.4123930854111947,-0.3527906888872105,-0.306289281749568,NEGATIVE,0.98,0.02,4.0,2026-03-18 16:35:59,Random Forest
Sample_0278,-1.205022501051364,1.788979017022636,-6.325117667694734,-0.0003670903793911023,2.419786914078919,-6.238221712867192,-0.46,0.06,-6.325117667694734,-0.4582914572864322,1.073422576042729,-6.357622215170144,0.372,0.05,-6.299439557680413,0.3758793969849246,1.025342646310208,-3.796544962944868,0.98,0.07,-3.524409010505463,0.9788944723618089,0.979441392701657,-6.325117667694734,-6.299439557680413,-3.524409010505463,-0.04220810949813139,-0.06354139489144052,-0.03446670148997399,-0.1956548293038471,-0.0831682886381747,-0.05957169294622135,79.00089290699353,-76.65037440943436,16.3923888909822,0.9812193146648371,1.643131261121266,1.674581040715167,178.9739774116174,6350.160917991502,1.930538094399592,-0.1761305664742634,-0.1851167058248099,-0.1866009215338484,-0.1803632855137046,-0.1700123333101409,-0.1713037621581582,-0.1863633226955793,-0.1641450239802416,-0.1641457623933015,-0.1519756579949275,-0.135429322692197,-0.1399334069387154,-0.1410062024690445,-0.1464539916627184,-0.1104711402347468,-0.1788820330928363,-0.2295296489697838,-0.2131849666652473,-0.3110464235316511,-0.372191431546754,NEGATIVE,1.0,0.0,4.0,2026-03-18 16:35:59,Random Forest
Sample_0291,-0.7457137052501003,0.4888423365252114,-2.655153082287597,-0.04066074618436408,1.491908972475374,-0.3726946890435823,-0.46,0.06,-0.5098427077929173,-0.5487437185929649,0.7542729308240798,-2.632635643329129,0.372,0.05,-1.883453475093595,0.3658291457286431,1.267819873419095,-3.526920718361294,0.98,0.07,-2.655153082287597,0.9788944723618089,1.008691958327921,-0.2241055689193883,-1.868227098665678,-2.655153082287597,-0.647360292701614,-0.656121190911995,-0.6890037112763572,-0.6511722521455792,-0.7163632208753147,-0.174743723123073,33.16390181224908,-34.08678914009928,6.532251050734005,0.1415671363365296,0.1056714110706596,0.7464402671779721,0.001981894091794595,0.1364211664414889,0.8314538573302839,-0.5230545655972565,-0.4819525109850523,-0.4890412727210277,-0.561534114563644,-0.5173910958600939,-0.5138954591349315,-0.5138571584884053,-0.5556873458511167,-0.5271784567988238,-0.4927450877974164,-0.5678469731694779,-0.5192121963174491,-0.523056143299123,-0.5190282667612353,-0.5130761444843357,-0.5465878413800315,-0.5594133228595233,-0.5639256019208161,-0.5482221208288836,-0.5665810662270515,NEGATIVE,0.95,0.05,4.0,2026-03-18 16:35:59,Random Forest
Sample_0318,-1.02446114914048,0.745955065147388,-3.685570673377281,-0.005496932106011532,2.049880464973854,-1.151203627402948,-0.46,0.06,-0.7010731095207055,-0.5587939698492463,1.0,-4.598663532663821,0.372,0.05,-3.685570673377281,0.3758793969849246,1.056345186184498,-4.120721841735631,0.98,0.07,-3.267289457789007,0.9788944723618089,1.009715034171554,-0.161622483757591,-3.685570673377281,-3.267289457789007,-0.9265019029734299,-0.9455690864964978,-0.8811358941107467,-0.6460822684607115,-0.7557665533869495,0.09564874381944678,57.27204857401986,-55.48189861986228,9.8705890018024,0.2503343893777118,0.2793694094426102,1.115984943726967,0.02750635248606701,39.68038300928591,5.315430640524015,-1.024772307017038,-1.021679622986192,-1.085582432691024,-1.04836143247246,-1.036859337080215,-1.064256494531769,-1.04840094957149,-1.037007328316413,-1.056927686417572,-1.02344260841062,-1.093203424411472,-1.057475237346343,-1.070245232806629,-1.076594439703885,-1.078858699143604,-1.065833481031193,-1.035236596147219,-1.041463054222726,-1.019140647791495,-0.9921960086119395,NEGATIVE,0.99,0.01,4.0,2026-03-18 16:35:59,Random Forest
Sample_0305,-1.22855941835872,1.576668117390831,-6.462965525910398,-0.006794683084125567,2.466375456474553,-7.050653357095126,-0.46,0.06,-6.462965525910398,-0.4582914572864322,1.090108691462793,-4.546111010392105,0.372,0.05,-4.288071708656133,0.3758793969849246,1.063221236641905,-4.294149329480645,0.98,0.07,-4.186282473743727,0.9788944723618089,1.014421420504704,-6.462965525910398,-4.288071708656133,-4.186282473743727,-0.4539211728127897,-0.3996552414262671,-0.26901007244035,-0.02849177026935007,-0.07150471393655661,0.266399595622942,78.33177852120238,-70.87908056522554,15.89091369696788,1.550919751184651,1.641920859316708,1.058675574969335,727.4599916208738,34.09734504414666,9.138057932634858,-0.5739253481488311,-0.5444712767420772,-0.5381984534001436,-0.5401953828259136,-0.5638014416401194,-0.573644989415226,-0.5717994322408199,-0.566686243434875,-0.5692977834083752,-0.5902227798190857,-0.5448920722543915,-0.5780633398990848,-0.5401807855624844,-0.5517852668496468,-0.4986150081794457,-0.5022104272612581,-0.4494522375263563,-0.4175298498612919,-0.3528521689191319,-0.2299627220517532,NEGATIVE,1.0,0.0,4.0,2026-03-18 16:35:59,Random Forest
Sample_0269,-0.9421469977208892,0.6164262729030745,-3.039640052963787,-0.03118352275741848,1.886698566932393,-3.13829620942411,-0.46,0.06,-2.451410066832462,-0.4582914572864322,1.114027382663117,-3.90169308996777,0.372,0.05,-3.039640052963787,0.3758793969849246,1.037685607905581,-3.30931805108062,0.98,0.07,-2.413893788440211,0.9788944723618089,1.009447867250794,-2.451410066832462,-3.039640052963787,-2.413893788440211,-0.7603465533159882,-0.8190623540597642,-0.8045514830738475,-0.7147981714525727,-0.8350523755428162,-0.09998975953173034,49.02011238900627,-49.84597333278624,10.3493073504725,0.8043421502048571,0.9483211226552658,1.179002147797102,0.8491954396300495,5.311036801158758,0.4212922943308995,-0.6029023748730545,-0.6259665260342052,-0.6024970361787265,-0.6205655502398696,-0.6404380824554308,-0.6576968337358036,-0.6116617493946002,-0.6585615928264464,-0.6719176895190827,-0.6609380746426994,-0.6536739225226871,-0.6439631082929164,-0.6206912149635808,-0.6206433478152761,-0.6692371956751444,-0.6514347977354469,-0.6696742107626545,-0.6022085933271846,-0.6165788693305682,-0.5368703834942459,NEGATIVE,0.98,0.02,4.0,2026-03-18 16:35:59,Random Forest
Sample_0070,-1.316448550105986,1.833125173784269,-8.960305922838566,-0.0001060347484874366,2.640378475835944,-9.833864031007604,-0.46,0.06,-8.960305922838566,-0.4582914572864322,1.101753740711034,-2.515758775738305,0.372,0.05,-2.130369959635643,0.3758793969849246,1.087658994769494,-3.557924350470555,0.98,0.07,-3.507707697660675,0.9889447236180904,0.9500960223089704,-8.960305922838566,-2.130369959635643,-3.471522771146386,-0.6823035803780221,-0.6083013815313312,-0.5213571028172164,-0.1885256504271738,-0.05838664958617555,0.4624159516381175,98.75292029479532,-99.04404238748617,15.90754715721646,3.908905784546707,2.76393286150309,0.7070860782651499,88751.13919341305,0.09736873291827465,0.9160211387925332,-1.034467627159005,-1.033339881532325,-1.051182051069443,-1.047129960913367,-1.026186417395124,-0.9935563934421814,-0.9843012203729614,-0.9990114721282313,-1.021384956131795,-1.009487758128472,-0.9954102332047948,-0.9718592419934082,-0.9915398587937407,-0.9423386632602084,-0.9077500522566362,-0.9271067167217555,-0.8753217308686441,-0.8247401938820741,-0.6894431470001452,-0.554839279447048,POSITIVE,0.92,0.92,4.0,2026-03-18 16:35:59,Random Forest
Sample_0456,-1.110921956949791,1.136627890581772,-4.807722972061865,-0.01774885486481335,2.227154040291098,-4.559101756598931,-0.46,0.06,-3.964831363716462,-0.4582914572864322,1.092851907580442,-5.45917673917654,0.372,0.05,-4.807722972061865,0.3758793969849246,1.043654022502998,-3.985866774575251,0.98,0.07,-3.422275883447212,0.9788944723618089,1.013856541688653,-3.964831363716462,-4.807722972061865,-3.422275883447212,-0.5467777638479836,-0.598829231463685,-0.5908903387418233,-0.3471974004712051,-0.4492457679972315,0.03029427949157093,65.47671660318875,-67.0520893592874,14.00414527035072,0.8351262423657352,1.143816894653928,1.369633519614637,9.864595413726754,475.2402404998725,3.487868269502675,-0.6128586604855837,-0.668703225068977,-0.6004713689300356,-0.6310585464892512,-0.6569246421994304,-0.6089258561387554,-0.6565529954476385,-0.6361179840860571,-0.659130342849091,-0.6528932258179646,-0.5988346778478479,-0.5821829119557345,-0.5914922676437495,-0.5788483029724246,-0.614688369525906,-0.5316319561314159,-0.6092253258216567,-0.5550338145487618,-0.4762489392164803,-0.4123214549248109,NEGATIVE,0.99,0.01,4.0,2026-03-18 16:35:59,Random Forest
Sample_0466,-0.6771248107753683,0.9850139349067099,-3.636473141534939,-0.001544777255231881,1.359688628845668,-3.302425468283852,-0.46,0.06,-3.147845893985978,-0.4582914572864322,1.085272360589288,-1.461800645225243,0.372,0.05,-1.408944248856,0.3758793969849246,1.093173626103879,-3.568387871232439,0.98,0.07,-3.636473141534939,0.9788944723618089,1.012903522150652,-3.147845893985978,-1.408944248856,-3.636473141534939,-0.08932611166224846,-0.09022205749631974,-0.09748032948463858,-0.006100786971491692,-0.1441870605343261,-0.007482883126471625,35.56369794076565,-37.22142075389572,8.332613984741535,2.259149001658153,0.9254670701319447,0.4096529575750326,1.127309273636683,0.004652324310370429,0.9464614859201219,-0.1284607018032415,-0.1701733836802676,-0.1230155368011761,-0.1456003592084233,-0.1589181145187758,-0.1377775906927815,-0.1615688260632153,-0.1434485708928564,-0.1450455445021392,-0.1274692510356454,-0.1312861616358134,-0.1441250995660568,-0.1197773334668031,-0.1589535888086134,-0.1472202813839962,-0.08227450120546304,-0.1131849936313752,-0.05924413734067343,-0.05445933822363776,-0.02699598854355908,NEGATIVE,1.0,0.0,4.0,2026-03-18 16:35:59,Random Forest
Sample_0155,-1.452398686561555,1.755569363016751,-9.150452725978795,-0.002497342019660925,2.908615841379042,-9.820668289875213,-0.46,0.06,-9.150452725978795,-0.4582914572864322,1.075377233636343,-4.156331189298617,0.372,0.05,-3.047430127184134,0.3658291457286431,1.285006661939105,-2.682806838464878,0.98,0.07,-1.298310774629648,0.9788944723618089,1.080071779157308,-9.150452725978795,-3.027726811164201,-1.298310774629648,-0.7758792561282906,-0.8770511336448801,-0.97623206660903,-0.9563599181973942,-1.19175089785537,-0.5083814351754086,97.72076048538382,-100.3679443415268,16.65980631763871,2.362821402481272,3.660594623910633,1.54924727703352,86752.51545994695,11.07323899148012,0.0594977385920336,-0.5640796599209139,-0.5800758582239662,-0.6157003941735318,-0.6072892096323184,-0.5990002280669449,-0.6245837043878973,-0.5818267262608371,-0.6014413293027038,-0.6047578759073847,-0.6300580338248913,-0.6115489575605226,-0.6572349651302813,-0.6229913514955162,-0.5948847932333582,-0.6116916702363087,-0.5546208969252825,-0.5204275592459189,-0.4609282093051703,-0.3604230496011106,-0.2060938865807784,POSITIVE,0.85,0.85,4.0,2026-03-18 16:35:59,Random Forest
Sample_0083,-0.7859886169631168,0.9596452762684572,-3.346566441150209,-0.00271063351969573,1.575499998752398,-2.833150364834355,-0.46,0.06,-2.966425614940797,-0.4582914572864322,1.045498098552156,-3.374713443834352,0.372,0.05,-3.074817796700904,0.3758793969849246,0.9994835466408354,-3.965374753877089,0.98,0.07,-3.346566441150209,0.9788944723618089,0.9806402014583109,-2.966425614940797,-3.074817796700904,-3.346566441150209,-0.04018648619015476,-0.1344612180050531,-0.2035016728874914,-0.1963579676863487,-0.3481408632787285,-0.2070931313848757,47.64255940862004,-43.61236878462655,10.1732385625458,0.8395232401170415,0.71447228589537,0.8510452739768853,0.501490421410045,1.160924066264505,3.271564090862809,-0.2283803853748502,-0.2317468794973964,-0.2393517186396767,-0.2550971747422638,-0.2652323236115699,-0.2284752657265855,-0.228912437031994,-0.2566071246599989,-0.2169032309828928,-0.2522464273258924,-0.2585278277207256,-0.2216306641491164,-0.2524585107227368,-0.2347461373863713,-0.2095700324159842,-0.2189903820604786,-0.2337732633652572,-0.2767716921340479,-0.2869245338612606,-0.2660666568053031,NEGATIVE,1.0,0.0,4.0,2026-03-18 16:35:59,Random Forest
Sample_0478,-1.163877416925279,1.014766640972525,-4.292696049279361,-0.004133444290419536,2.332501760667379,-5.212539566737778,-0.46,0.06,-4.292696049279361,-0.4582914572864322,1.11045465299202,-4.070156827666296,0.372,0.05,-3.344948926388315,0.3758793969849246,1.048287970706483,-4.203807365129663,0.98,0.07,-3.672117900632045,0.9788944723618089,1.018477632420362,-4.292696049279361,-3.344948926388315,-3.672117900632045,-0.8843780237564604,-0.8367183686961427,-0.7437971152698538,-0.494365561030718,-0.4543619066597387,0.30697302294838,53.08567245107118,-58.66826635224429,13.48650375953374,1.280672904617901,1.2399568091477,0.9682072640692364,30.47282507691499,8.635485344543822,6.89085676564008,-0.9985312216000052,-0.9932139036543572,-0.9956814786666568,-1.018725422895399,-1.002082081254964,-0.9922541060025669,-0.9980728276757187,-0.981136380986306,-1.005462990909305,-1.001028336491402,-1.005942397572972,-0.963308127663598,-0.9529127039374973,-0.9532305809148832,-0.9064356306858414,-0.9272319226760124,-0.8541596040710844,-0.8470681380765914,-0.8087475729711864,-0.705899442230148,NEGATIVE,0.98,0.02,4.0,2026-03-18 16:35:59,Random Forest
Sample_0173,-0.94808098275808,1.233843615416959,-4.372206870257878,-0.01244410587473779,1.903114153866983,-4.766863761776809,-0.46,0.06,-4.372206870257878,-0.4582914572864322,1.101841420069362,-3.542278258614785,0.372,0.05,-3.39599783089781,0.3658291457286431,1.230522986059667,-3.942572586007038,0.98,0.07,-3.89676496681236,0.9788944723618089,1.010837449978882,-4.372206870257878,-3.388655098251097,-3.89676496681236,-0.2841720496913523,-0.2037430027840843,-0.1554510437785825,-0.04488153372617602,-0.05076157516501796,0.1930701656003989,49.76224690194508,-49.97710667238252,12.25171460639863,1.345705620439006,1.209074445121275,0.8984687488537367,14.11961678560816,1.882715877831016,3.046605790865221,-0.4494084074516109,-0.4551913846676717,-0.4522589848085939,-0.5191927285872586,-0.4711112871965009,-0.4846956696733374,-0.4838700026800764,-0.4632656911855642,-0.4768024333760062,-0.4687600784301033,-0.4567104466311709,-0.4479899910197402,-0.4643477492546381,-0.3930219720655451,-0.4173796806219353,-0.3917500993377448,-0.3777963928446764,-0.3675518411766858,-0.282956221062916,-0.1833375441825928,NEGATIVE,1.0,0.0,4.0,2026-03-18 16:35:59,Random Forest
Sample_0322,-1.07365733275751,1.201814544076542,-6.168549699560422,-0.04446623600758883,2.150345683925485,-6.927974330661948,-0.46,0.06,-6.168549699560422,-0.4582914572864322,1.101431850516779,-1.287010816339752,0.372,0.05,-0.6176806669338212,0.3758793969849246,1.020166416455957,-3.636689484702403,0.98,0.07,-2.952666458203102,0.9788944723618089,0.9989862098830401,-6.168549699560422,-0.6176806669338212,-2.952666458203102,-0.7166137480591634,-0.7353092881907558,-0.7243794790304403,-0.6048715019749289,-0.5596834704536121,0.08029706258092816,69.75830543875892,-71.95179295348935,11.8516746317041,5.382996197627189,1.905022235141111,0.3538962624533973,588.6346524497825,0.002809539279202576,1.171596684291407,-0.8523680634972433,-0.8273855350424566,-0.8126472112916971,-0.8265988782222589,-0.847979994809641,-0.8450105557079024,-0.8192556561250093,-0.7965332738249943,-0.8314769814803818,-0.8110990054088256,-0.7792315304718721,-0.7665702619649458,-0.7896086756270069,-0.7858954765490396,-0.793927200332775,-0.7856139567156799,-0.7349425463130267,-0.69235339273851,-0.597861522492726,-0.4529837813782567,NEGATIVE,1.0,0.0,4.0,2026-03-18 16:35:59,Random Forest
Sample_0091,-0.8327193388993017,1.332857977568811,-4.958973090412704,-0.002545457250701433,1.670971993455513,-0.5781164362604381,-0.46,0.06,-0.3553811717499891,-0.4482412060301508,1.026757271890897,-5.04392785270472,0.372,0.05,-4.958973090412704,0.3758793969849246,1.054148365359923,-4.569184541707346,0.98,0.07,-4.670461494609552,0.9788944723618089,1.003651483772946,-0.3321320481852931,-4.958973090412704,-4.670461494609552,-0.2149753828033655,-0.1327489771715064,-0.1110588672049714,-0.1937404148264408,-0.225868611112707,0.111606398910377,59.56082873895329,-61.34142810008789,10.1912288306725,0.114616317509465,0.1265250792528542,1.103901102409836,0.01022898192018234,143.4006744272502,21.57923344056317,-0.3937608299470863,-0.3864292108405704,-0.3956579333489296,-0.3980823598913774,-0.3889182141209732,-0.3471421141902827,-0.3589074026465442,-0.359027210350689,-0.3806900187548632,-0.3863969960748257,-0.3380324187176298,-0.3284462885312421,-0.3451113968302533,-0.3273353684196668,-0.32880371169759,-0.3522498776119736,-0.3287225809776734,-0.3088918775167241,-0.3000745552247822,-0.2628576245767855,NEGATIVE,0.97,0.03,4.0,2026-03-18 16:35:59,Random Forest
Sample_0181,-0.9241957428077545,1.258890793557193,-6.079119568107735,-0.009164100944755671,1.854085903195626,-2.941666742015241,-0.46,0.06,-2.656489170401049,-0.4582914572864322,1.075779612670475,-6.433441396518656,0.372,0.05,-6.079119568107735,0.3758793969849246,1.023839818280966,-3.36546072075897,0.98,0.07,-2.89446531412367,0.9788944723618089,0.9777570551099743,-2.656489170401049,-6.079119568107735,-2.89446531412367,-0.2731370351143013,-0.2690557395887098,-0.301440360419702,-0.09807231491557437,-0.3133137936852482,-0.1334483406212294,78.15227281310551,-82.25551070406678,12.74056885929287,0.4572462171812231,0.8740754939941311,1.911607928399118,0.6047964758772706,7903.077417274561,0.502066003782026,-0.2241528529648753,-0.1953491303394822,-0.2342702872475624,-0.2157339263664534,-0.1938642719715101,-0.1888636616657044,-0.21915517074338,-0.2149927873207499,-0.2338118093558994,-0.2154207845707379,-0.1599790228337926,-0.1979143759423782,-0.1964770047243367,-0.1495375594696369,-0.2063747614813687,-0.1684973727200496,-0.1456719515849139,-0.1371020079153934,-0.113844864449141,-0.08766456308426278,NEGATIVE,0.99,0.01,4.0,2026-03-18 16:35:59,Random Forest
Sample_0415,-1.091930137252017,1.239446675022891,-5.574815195712041,-0.01031015155578131,2.18988390835036,-6.044773371882981,-0.46,0.06,-5.574815195712041,-0.4582914572864322,1.080025475796767,-3.996137446890244,0.372,0.05,-3.410198583524806,0.3758793969849246,1.042249208198801,-3.811574700218291,0.98,0.07,-3.242396941630232,0.9889447236180904,0.9254332320509063,-5.574815195712041,-3.410198583524806,-3.240715669969207,-0.5115420681455064,-0.5594794812112943,-0.5319946064778857,-0.3826181401897882,-0.4885965475989767,-0.05841904515548139,61.78252006110732,-65.01168512474355,13.85248551899152,1.512654019592585,1.585899227302772,1.048421652778151,128.1669769576823,6.974781953676751,2.023352295349975,-0.4341595243870723,-0.4278106014558549,-0.4097614464471511,-0.4054543706873847,-0.3848271081171786,-0.3796269533546122,-0.3938319488060897,-0.4239347728520863,-0.414278250198738,-0.4109507288087563,-0.397440729918497,-0.3842824775027084,-0.3951670574701739,-0.41597349719149,-0.3584089802400252,-0.3875545775263619,-0.3918923583378383,-0.3160053374548348,-0.2650453309107189,-0.1482821402987391,NEGATIVE,1.0,0.0,4.0,2026-03-18 16:35:59,Random Forest
Sample_0313,-0.7657704926239012,0.8272702790970288,-3.559862210254793,-0.009235744690516356,1.534884904966701,-0.4276502226633552,-0.46,0.06,-0.5411819349979112,-0.5587939698492463,1.0,-3.251001076987833,0.372,0.05,-2.880394499950436,0.3758793969849246,1.070193688029282,-3.523447881163682,0.98,0.07,-3.559862210254793,0.9788944723618089,1.026273047815573,-0.1731411285906151,-2.880394499950436,-3.559862210254793,-0.5244828603617223,-0.4506358976987414,-0.4219405363784992,-0.179397106445756,-0.009235744690516356,0.2707897923698034,39.46058746266102,-40.08061456424537,7.202099180814871,0.1315441651774499,0.1213726545948271,0.9226760794072342,0.001802537841406776,0.8124109824219166,0.8224812875419332,-0.7038402729632316,-0.6996218159444378,-0.7148852621796055,-0.6642431136414954,-0.6863078217416058,-0.6883330594912455,-0.7273633232933989,-0.7034527162385126,-0.68968000702997,-0.7001292175940406,-0.6645220383192589,-0.6970429701064564,-0.6706389181631313,-0.6966837310511292,-0.6918360018970011,-0.6615662589355003,-0.6348019642021382,-0.6514804457543096,-0.6859336232020079,-0.635389230087269,NEGATIVE,1.0,0.0,4.0,2026-03-18 16:35:59,Random Forest
Sample_0279,-1.210594413057479,1.063072505226753,-5.593704280093431,-0.006153606070082238,2.423327138813199,-6.793197157701092,-0.46,0.06,-5.593704280093431,-0.4582914572864322,1.116855157282677,-2.580964356302844,0.372,0.05,-1.753477227926749,0.3758793969849246,1.058345639531477,-3.715335625535884,0.98,0.07,-3.077349620510404,0.9788944723618089,1.005190782340712,-5.593704280093431,-1.753477227926749,-3.077349620510404,-1.032104968423376,-0.9751755876008564,-0.887040291755435,-0.6280173423537839,-0.5591014360491827,0.4212871031954588,68.40629633497325,-70.54541576596792,13.08949713953982,2.632038346872852,1.828420859480568,0.6946786552912234,466.4589835069922,0.1175251386745889,1.49792240080691,-1.419119402777958,-1.341766507061988,-1.344412892953813,-1.345791753240971,-1.348609559345869,-1.318702513754664,-1.324752346993798,-1.306544313661402,-1.336041294125191,-1.308953048127614,-1.314326773771311,-1.30204883789545,-1.27889767488676,-1.290895937155545,-1.212263759576914,-1.182772901380907,-1.218308912299757,-1.144663811350361,-1.023250067656901,-0.9510882159176548,NEGATIVE,1.0,0.0,4.0,2026-03-18 16:35:59,Random Forest
Sample_0382,-1.29947858476842,1.338370946620993,-5.772148852789683,-0.01432087764686923,2.60524476595658,-6.737385672373098,-0.46,0.06,-5.772148852789683,-0.4582914572864322,1.112117477443254,-3.599640452921193,0.372,0.05,-3.030610914106369,0.3758793969849246,1.064848975961167,-4.956606650082854,0.98,0.07,-4.637503001097529,0.9788944723618089,1.019956203014453,-5.772148852789683,-3.030610914106369,-4.637503001097529,-0.8265862521032258,-0.7567506155723005,-0.6290649947482455,-0.3779325288597282,-0.2844620892879764,0.4852602090661902,69.61046917561647,-69.07724623901217,15.29363277537714,1.871682952919798,1.359273823405066,0.7262308080995336,423.6193274595686,2.221606995325847,72.3953239349795,-1.159122950070445,-1.167057268122452,-1.13264209064973,-1.161025971928632,-1.087682075587819,-1.135900982358999,-1.104806026254436,-1.093278444326752,-1.092582754301698,-1.089055419829761,-1.087782658923396,-1.081485452845126,-1.086354691377206,-1.070635551580118,-1.032569348067306,-1.017361784892795,-0.9955951021932727,-0.9554875659978685,-0.8423223175458909,-0.7309154720290865,NEGATIVE,1.0,0.0,4.0,2026-03-18 16:35:59,Random Forest
Sample_0473,-0.9516786092467078,0.9676990455166263,-5.032459927795201,-0.004174637655825854,1.906246177377963,-0.2375907760565696,-0.46,0.06,-0.4500440790054583,-0.3678391959798996,1.510220863833173,-5.894098720312055,0.372,0.05,-5.032459927795201,0.3758793969849246,1.028899061234392,-4.148324256812712,0.98,0.07,-3.174118313733052,0.9788944723618089,0.9980918680914783,-0.1971691504842654,-5.032459927795201,-3.174118313733052,-0.5836903510243909,-0.6800870074317288,-0.7834120592173606,-0.6063662325987921,-0.801682937933583,-0.3643098846223419,73.04012964845285,-72.14206344086706,10.28001375318134,0.04030994174525647,0.05727391624856204,1.420838477279661,0.002502405806410667,1666.971677057205,5.794164894295898,-0.2999173156117907,-0.3163156886720245,-0.2934108281194531,-0.2995478906810681,-0.3222116563142439,-0.3375397033739788,-0.3190108227127281,-0.3235515728699985,-0.3472367151296358,-0.3481528758322732,-0.3725120652876396,-0.3747832410818723,-0.3552691018047396,-0.3736108824512499,-0.3969809160093341,-0.3827550073354438,-0.4067553654515618,-0.3968966053163027,-0.3572604801982505,-0.4022181359990514,NEGATIVE,0.9,0.1,4.0,2026-03-18 16:35:59,Random Forest
Sample_0363,-0.9876605539995355,0.8226299501635961,-3.649505799694413,-0.01425485365145889,1.977877473216925,-4.192281490932348,-0.46,0.06,-3.539180057928669,-0.4683417085427136,1.251536261280736,-4.353391611836193,0.372,0.05,-3.649505799694413,0.3758793969849246,1.028993007681532,-3.101701795671866,0.98,0.07,-2.271021514657535,0.9788944723618089,0.9868739126427113,-3.536353751557783,-3.649505799694413,-2.271021514657535,-0.6441887974442798,-0.7004837950109248,-0.714425250656176,-0.5775277955666787,-0.6822426568103122,-0.1042377994305276,53.92657130192656,-50.79647864316691,11.64737489844041,0.9629920449918147,1.351606881352128,1.403549373415247,5.237229040921412,19.55318722306439,0.2202312597010554,-0.6290644153924735,-0.5985125287742036,-0.5917076137555886,-0.6034238929904632,-0.6245602205401336,-0.6011104429479048,-0.6151959127613623,-0.5844916828425222,-0.6232498708889718,-0.6283454580993669,-0.5957937100337667,-0.6341753511692935,-0.6267434056033931,-0.6332427281428138,-0.575355341093376,-0.5991827693112085,-0.6210512299291371,-0.4961371464533122,-0.5040267037434836,-0.428131103373321,NEGATIVE,0.99,0.01,4.0,2026-03-18 16:35:59,Random Forest
Sample_0325,-1.472795076044212,2.174797309280581,-9.209027645405332,-0.001698363162127209,2.957890423799686,-9.49212891884449,-0.46,0.06,-9.209027645405332,-0.4582914572864322,1.079179658110215,-5.955333013342765,0.372,0.05,-5.667044155980305,0.3658291457286431,1.199139574631431,-4.568663682453106,0.98,0.07,-4.332531437293247,0.9788944723618089,0.9980051823157012,-9.209027645405332,-5.647238987944852,-4.332531437293247,-0.3274508319641952,-0.2580469079757557,-0.2154740531755126,-0.005292224039622803,-0.1079490691183057,-0.006928415492308476,96.75173232728326,-99.5888604740884,20.01612561464036,1.593887176011422,2.077659810088662,1.303517489417189,49204.03160544218,1989.128884879398,21.54414603294156,-0.2419896252813399,-0.2350101302907952,-0.2616040717210099,-0.2174251781520975,-0.2508217018442134,-0.2487157013297257,-0.2399985830166783,-0.235863006399072,-0.2954851054623973,-0.2414927900940216,-0.2338325985158724,-0.2479647210755866,-0.2545029168930301,-0.2620721025084164,-0.2286083254729142,-0.1913768234963343,-0.1283461060577099,-0.09601449318589313,-0.00767549167045992,-0.1359097856681573,POSITIVE,0.86,0.86,4.0,2026-03-18 16:35:59,Random Forest
Sample_0432,-1.308330360969715,1.440469202635643,-6.777069700740451,-0.01252864715313994,2.622937341412137,-7.428648105295746,-0.46,0.06,-6.777069700740451,-0.4582914572864322,1.091812582610449,-4.468320221424491,0.372,0.05,-3.712692869704371,0.3758793969849246,1.043242936383737,-4.451476717302582,0.98,0.07,-3.657866564213828,0.9788944723618089,1.009013658808851,-6.777069700740451,-3.712692869704371,-3.657866564213828,-0.6788762942241622,-0.6942599967669435,-0.6654897589001162,-0.5374076474241516,-0.6222628331792349,-0.05090955431284588,74.95195699321579,-76.55264575321331,16.34844504402282,1.662514711832248,1.668805337433554,1.003783801464453,1396.894145606673,27.24196136747821,14.93908175849228,-0.6328971691225758,-0.5872627981809915,-0.6113402020551377,-0.6170169789111002,-0.6261562853694113,-0.6184241841538441,-0.6421198172774428,-0.6678100174003186,-0.6547808207732978,-0.6472060346943724,-0.6396477411270839,-0.5926603534033381,-0.6002100463969756,-0.6455620704743784,-0.6000971525576021,-0.5926145879756896,-0.5425098999620106,-0.4663234826081275,-0.4115131631132716,-0.2939693359852088,NEGATIVE,1.0,0.0,4.0,2026-03-18 16:35:59,Random Forest
Sample_0348,-0.646344715971846,0.8049822038070037,-3.72237726044932,-0.006783731920269098,1.295956428099693,-0.2147089641058586,-0.46,0.06,-0.2570948237727624,-0.377889447236181,1.865516159038621,-4.132477890552471,0.372,0.05,-3.72237726044932,0.3758793969849246,1.03721021205624,-3.229823354939852,0.98,0.07,-2.7891686098063,0.9688442211055277,1.097689463077155,-0.09175990556153349,-3.72237726044932,-2.788906549162372,-0.3685529089624559,-0.3949457340333967,-0.3516003301949469,-0.2345307213111658,-0.3240735579611121,-0.1151631873645983,50.72279211884513,-49.45352551816083,7.577010209598181,0.05195647013544075,0.06647699905243178,1.279474892715744,0.002603217898814382,10.33673354729089,0.3286404147975343,-0.2061154110851958,-0.197687023469895,-0.2047094216554526,-0.2026073603059561,-0.2123340580098982,-0.1873898338217211,-0.1809566959265069,-0.1966241799409324,-0.1837997928857896,-0.182462896583421,-0.1998918646697901,-0.1969341189125952,-0.2187943625867986,-0.2026247929882788,-0.2470444672927421,-0.2232190247136868,-0.2048132852684809,-0.1682390792597071,-0.211728064849255,-0.2434413233189081,NEGATIVE,1.0,0.0,4.0,2026-03-18 16:35:59,Random Forest
Sample_0087,-1.084874045300165,1.460928986130946,-6.871215190759185,-0.008434964841317491,2.17555318816869,-7.088163778830703,-0.46,0.06,-6.871215190759185,-0.4582914572864322,1.06895213081224,-3.451672561490044,0.372,0.05,-2.961337300324917,0.3658291457286431,1.225431838869175,-3.585393092793518,0.98,0.07,-2.787748528810294,0.9788944723618089,0.9741140937698005,-6.871215190759185,-2.925901828096469,-2.787748528810294,-0.3422614976468832,-0.3860216095160241,-0.3951992499948629,-0.4086052016117503,-0.5975438140011478,-0.4167644494105808,73.84355162624747,-70.39320392996807,14.12522943311427,2.053544666406836,1.976955830332132,0.9627040807401991,776.1182043085176,1.449585417300231,0.9981056561227213,-0.0905023878377235,-0.1034900826135427,-0.144146930718286,-0.1088175974141428,-0.1072377640162228,-0.07001891257114906,-0.08773043488099762,-0.09772882458635711,-0.1345566748858094,-0.1540384279888535,-0.1236281331100255,-0.1216023727615375,-0.1278881327888014,-0.100147794686434,-0.1344257290865673,-0.06267539229329797,-0.05070799721134,-0.02315053407791741,-0.07179715305457504,-0.1250580657220989,NEGATIVE,1.0,0.0,4.0,2026-03-18 16:35:59,Random Forest
Sample_0076,-1.199524548110936,1.589181215628648,-6.665683279626696,-0.004725340313728722,2.407136322565126,-7.081771140940299,-0.46,0.06,-6.665683279626696,-0.4582914572864322,1.09379493671065,-4.295320777859458,0.372,0.05,-4.086484217890364,0.3758793969849246,1.054370583018209,-3.829597639745824,0.98,0.07,-3.933042464652576,0.9788944723618089,1.025796793711113,-6.665683279626696,-4.086484217890364,-3.933042464652576,-0.3618611242779876,-0.3277314434965742,-0.2075507563730629,-0.03128214086563087,-0.1620679161174036,0.1442670876324142,70.69210916344129,-74.07076462191377,15.20668955854558,1.648717641169852,1.849220677243348,1.121611506462215,767.6014524114378,16.53663307254481,2.140552923052832,-0.5391126145896176,-0.5815626586348126,-0.5486338836766865,-0.5366475274388748,-0.5657706908188231,-0.5568728124730986,-0.5252839591453355,-0.5062311770938754,-0.5098965216434771,-0.5274579693119363,-0.5132603145694518,-0.5449253337784027,-0.5296940091823573,-0.4694027990433943,-0.4700796569673329,-0.413445496299177,-0.4279357072966132,-0.4008042273711946,-0.2719916841815081,-0.1611998568315242,NEGATIVE,1.0,0.0,4.0,2026-03-18 16:35:59,Random Forest
Sample_0439,-1.006136669496188,1.434384237283959,-6.381499950695613,-0.003967201322350525,2.019624317867251,-6.83882369182101,-0.46,0.06,-6.381499950695613,-0.4582914572864322,1.093487905687005,-1.69272588018975,0.372,0.05,-1.40080600295591,0.3658291457286431,1.281729059694942,-3.937745475277963,0.98,0.07,-3.806149151743025,0.9788944723618089,1.010370506408588,-6.381499950695613,-1.396517194897207,-3.806149151743025,-0.3876736950477235,-0.3552905801167228,-0.3007881812933386,-0.2170267197724652,-0.02910775567978535,0.2622285147082271,67.55216367440096,-69.88808487998227,12.46929504728872,4.040124731273322,1.736735839011601,0.4298718367698109,504.6801933077558,0.009058368314414204,3.00100409399968,-0.5369427861544152,-0.5197711550963061,-0.5277679322174529,-0.5072932222861039,-0.5486041343777952,-0.5264190665112914,-0.5499043091876681,-0.5318416121316777,-0.5197403009425505,-0.5164565711972086,-0.5163588651162007,-0.4698707823749374,-0.4973945687310736,-0.4887497146492691,-0.4856261852664578,-0.4654434025611396,-0.43564796253889,-0.3364080194237837,-0.2428495526526245,-0.1825543596163007,NEGATIVE,0.98,0.02,4.0,2026-03-18 16:35:59,Random Forest
Sample_0016,-0.9307963896956926,0.6303640388132737,-3.798007508541681,-0.01742090326342349,1.861371204297252,-1.259099572762728,-0.46,0.06,-0.5789002514549615,-0.5587939698492463,1.0,-4.750414009815785,0.372,0.05,-3.798007508541681,0.3758793969849246,1.044337872216788,-3.022384382342515,0.98,0.07,-2.047939404958254,0.9889447236180904,0.881282941216302,-0.4143048995299161,-3.798007508541681,-2.000061972900901,-0.901806913872254,-0.8943421925700833,-0.9049002162829698,-0.721531933766964,-0.9104548641966567,-0.06716704158813712,58.82841505525975,-59.15924709588267,9.031897964921027,0.2650504924751925,0.4165914766231211,1.571743831647896,0.03313710182617786,61.48077886205665,0.1718925141821536,-0.8856760699738296,-0.9065259975597877,-0.9047063420161243,-0.884908292726937,-0.9278354277433439,-0.91994000287117,-0.9154736679628425,-0.8838249207991448,-0.897864664706368,-0.8881809489774557,-0.9122475269351096,-0.8820822568837599,-0.8688282343279942,-0.8763230468837437,-0.8722382997269928,-0.8736192913565763,-0.892342306200703,-0.8755181004921099,-0.8517078025841037,-0.8412800253962713,NEGATIVE,1.0,0.0,4.0,2026-03-18 16:35:59,Random Forest
2026-03-18 16:37:13,Random Forest,0,0.01,0.99,4/4 Models,-6.167,-0.46,-6.0096,-0.4583,1.0788,-2.3747,0.372,-2.1768,0.3658,1.2061,-3.9945,0.98,-3.8709,0.9688,1.0911,12.5362,2.5969,1.5439,0.5945,158.2647,0.0648,3.5837,-0.9616,1.4402,-6.0096,-0.0066,1.9321,-6.0096,-2.1723,-3.8706,-0.1587,-0.1968,-0.1979,-0.0516,-0.0284,0.0119,62.6043,-64.0506,-0.083,-0.1338,-0.0996,-0.1024,-0.0797,-0.1236,-0.1167,-0.1085,-0.1023,-0.1159,-0.1282,-0.1127,-0.1431,-0.1083,-0.0826,-0.1052,-0.0181,-0.0266,-0.0458,-0.1437
Sample_0362,-0.9615846839126923,1.440223096710357,-6.009600714814384,-0.006568535705753864,1.932119245674477,-6.166978510823675,-0.46,0.06,-6.009600714814384,-0.4582914572864322,1.078828475951523,-2.374712265929465,0.372,0.05,-2.176753979124492,0.3658291457286431,1.206064503491945,-3.994542834561331,0.98,0.07,-3.870886876290712,0.9688442211055277,1.091053393197384,-6.009600714814384,-2.172347762437835,-3.870593695379916,-0.1586798960696592,-0.1967952050906323,-0.1978919644940301,-0.05162482901158081,-0.02841636286412219,0.0119095180034957,62.60431715748717,-64.05059126104683,12.53623361131447,2.596937152893305,1.543850890135946,0.5944891228560951,158.264748161403,0.06481410169000762,3.583704601156186,-0.08298135593145409,-0.1337814771576108,-0.09961800766401967,-0.102354879449433,-0.07967209739165731,-0.1235524068184222,-0.1166797475849051,-0.1085306793558477,-0.1022616788278512,-0.115907978847951,-0.1282121263098373,-0.1126694595379472,-0.1431414485359546,-0.1083052489265663,-0.08263491519537206,-0.1051514693382435,-0.0180658523592946,-0.02660745412165114,-0.04577794205278795,-0.1437004195876769,NEGATIVE,0.99,0.01,4.0,2026-03-18 16:39:04,Random Forest
2026-03-18 16:39:17,Random Forest,0,0.01,0.99,4/4 Models,-6.167,-0.46,-6.0096,-0.4583,1.0788,-2.3747,0.372,-2.1768,0.3658,1.2061,-3.9945,0.98,-3.8709,0.9688,1.0911,12.5362,2.5969,1.5439,0.5945,158.2647,0.0648,3.5837,-0.9616,1.4402,-6.0096,-0.0066,1.9321,-6.0096,-2.1723,-3.8706,-0.1587,-0.1968,-0.1979,-0.0516,-0.0284,0.0119,62.6043,-64.0506,-0.083,-0.1338,-0.0996,-0.1024,-0.0797,-0.1236,-0.1167,-0.1085,-0.1023,-0.1159,-0.1282,-0.1127,-0.1431,-0.1083,-0.0826,-0.1052,-0.0181,-0.0266,-0.0458,-0.1437
